zone_id,date,rainfall_mm
1.0,20210902,7.02
1.0,20210903,8.8
1.0,20210904,12.16
1.0,20210905,7.22
1.0,20210906,6.91
1.0,20210907,0.43
1.0,20210908,0.06
1.0,20210909,0.15
1.0,20210910,0.53
1.0,20210911,0.06
1.0,20210912,0.17
1.0,20210913,0.05
1.0,20210914,0.04
1.0,20210915,1.77
1.0,20210916,2.6
1.0,20210917,1.42
1.0,20210918,5.01
1.0,20210919,6.04
1.0,20210920,3.03
1.0,20210921,4.59
1.0,20210922,21.25
1.0,20210923,1.37
1.0,20210924,1.87
1.0,20210925,7.28
1.0,20210926,7.13
1.0,20210927,0.08
1.0,20210928,2.25
1.0,20210929,1.48
1.0,20210930,3.93
1.0,20211001,2.28
1.0,20211002,5.59
1.0,20211003,4.45
1.0,20211004,4.71
1.0,20211005,37.11
1.0,20211006,8.39
1.0,20211007,3.17
1.0,20211008,3.81
1.0,20211009,5.3
1.0,20211010,9.41
1.0,20211011,4.31
1.0,20211012,4.16
1.0,20211013,6.49
1.0,20211014,0.24
1.0,20211015,2.84
1.0,20211016,1.62
1.0,20211017,3.02
1.0,20211018,0.37
1.0,20211019,3.3
1.0,20211020,1.74
1.0,20211021,1.85
1.0,20211022,0.51
1.0,20211023,0.54
1.0,20211024,5.98
1.0,20211025,0.93
1.0,20211026,0.98
1.0,20211027,0.75
1.0,20211028,6.67
1.0,20211029,25.07
1.0,20211030,17.88
1.0,20211031,16.09
1.0,20211101,21.37
1.0,20211102,23.68
1.0,20211103,30.77
1.0,20211104,18.47
1.0,20211105,16.95
1.0,20211106,49.77
1.0,20211107,40.64
1.0,20211108,36.4
1.0,20211109,16.97
1.0,20211110,84.05
1.0,20211111,75.19
1.0,20211112,3.63
1.0,20211113,3.72
1.0,20211114,4.74
1.0,20211115,4.57
1.0,20211116,2.4
1.0,20211117,11.0
1.0,20211118,74.21
1.0,20211119,20.62
1.0,20211120,16.63
1.0,20211121,7.5
1.0,20211122,5.0
1.0,20211123,2.29
1.0,20211124,2.87
1.0,20211125,18.25
1.0,20211126,58.61
1.0,20211127,29.98
1.0,20211128,61.12
1.0,20211129,12.76
1.0,20211130,9.8
1.0,20211201,1.22
1.0,20211202,0.03
1.0,20211203,0.14
1.0,20211204,0.01
1.0,20211205,0.15
1.0,20211206,1.22
1.0,20211207,0.09
1.0,20211208,0.38
1.0,20211209,3.98
1.0,20211210,2.35
1.0,20211211,3.71
1.0,20211212,6.0
1.0,20211213,6.87
1.0,20211214,2.34
1.0,20211215,1.6
1.0,20211216,0.48
1.0,20211217,0.15
1.0,20211218,0.0
1.0,20211219,0.0
1.0,20211220,0.0
1.0,20211221,0.0
1.0,20211222,0.0
1.0,20211223,0.0
1.0,20211224,0.0
1.0,20211225,0.0
1.0,20211226,0.0
1.0,20211227,0.41
1.0,20211228,0.87
1.0,20211229,0.92
1.0,20211230,55.65
1.0,20211231,42.52
1.0,20220101,8.69
1.0,20220102,0.5
1.0,20220103,0.02
1.0,20220104,0.01
1.0,20220105,0.02
1.0,20220106,0.04
1.0,20220107,0.03
1.0,20220108,0.0
1.0,20220109,0.0
1.0,20220110,0.0
1.0,20220111,0.02
1.0,20220112,0.14
1.0,20220113,0.95
1.0,20220114,0.68
1.0,20220115,0.64
1.0,20220116,5.86
1.0,20220117,6.17
1.0,20220118,1.52
1.0,20220119,0.47
1.0,20220120,0.0
1.0,20220121,0.0
1.0,20220122,0.0
1.0,20220123,0.59
1.0,20220124,3.1
1.0,20220125,1.19
1.0,20220126,0.7
1.0,20220127,0.19
1.0,20220128,0.26
1.0,20220129,0.08
1.0,20220130,0.0
1.0,20220131,0.0
1.0,20220201,0.0
1.0,20220202,0.0
1.0,20220203,0.0
1.0,20220204,0.0
1.0,20220205,0.04
1.0,20220206,0.0
1.0,20220207,0.0
1.0,20220208,0.0
1.0,20220209,0.0
1.0,20220210,0.13
1.0,20220211,0.25
1.0,20220212,0.07
1.0,20220213,0.0
1.0,20220214,0.03
1.0,20220215,0.01
1.0,20220216,0.0
1.0,20220217,0.0
1.0,20220218,0.0
1.0,20220219,0.0
1.0,20220220,0.0
1.0,20220221,0.0
1.0,20220222,0.03
1.0,20220223,0.0
1.0,20220224,0.0
1.0,20220225,0.0
1.0,20220226,0.01
1.0,20220227,0.0
1.0,20220228,0.0
1.0,20220301,0.0
1.0,20220302,0.0
1.0,20220303,0.0
1.0,20220304,0.06
1.0,20220305,0.01
1.0,20220306,0.89
1.0,20220307,0.21
1.0,20220308,0.0
1.0,20220309,0.0
1.0,20220310,0.0
1.0,20220311,0.0
1.0,20220312,0.0
1.0,20220313,0.01
1.0,20220314,0.0
1.0,20220315,0.0
1.0,20220316,0.0
1.0,20220317,0.0
1.0,20220318,0.0
1.0,20220319,0.01
1.0,20220320,0.08
1.0,20220321,0.49
1.0,20220322,0.87
1.0,20220323,0.01
1.0,20220324,0.01
1.0,20220325,0.0
1.0,20220326,0.0
1.0,20220327,0.0
1.0,20220328,0.0
1.0,20220329,0.0
1.0,20220330,0.0
1.0,20220331,0.01
1.0,20220401,0.0
1.0,20220402,0.01
1.0,20220403,0.0
1.0,20220404,0.01
1.0,20220405,0.0
1.0,20220406,0.05
1.0,20220407,0.1
1.0,20220408,0.14
1.0,20220409,0.14
1.0,20220410,0.66
1.0,20220411,0.26
1.0,20220412,0.07
1.0,20220413,0.11
1.0,20220414,0.02
1.0,20220415,0.02
1.0,20220416,0.03
1.0,20220417,0.42
1.0,20220418,0.33
1.0,20220419,0.03
1.0,20220420,0.02
1.0,20220421,0.01
1.0,20220422,0.02
1.0,20220423,0.04
1.0,20220424,0.0
1.0,20220425,0.0
1.0,20220426,0.0
1.0,20220427,0.0
1.0,20220428,0.0
1.0,20220429,0.02
1.0,20220430,0.01
1.0,20220501,0.38
1.0,20220502,0.99
1.0,20220503,0.48
1.0,20220504,1.98
1.0,20220505,1.93
1.0,20220506,4.02
1.0,20220507,8.16
1.0,20220508,0.52
1.0,20220509,1.28
1.0,20220510,10.74
1.0,20220511,6.44
1.0,20220512,8.99
1.0,20220513,1.16
1.0,20220514,1.15
1.0,20220515,7.5
1.0,20220516,6.12
1.0,20220517,2.55
1.0,20220518,1.4
1.0,20220519,0.45
1.0,20220520,0.4
1.0,20220521,0.02
1.0,20220522,0.03
1.0,20220523,0.01
1.0,20220524,0.07
1.0,20220525,2.43
1.0,20220526,3.13
1.0,20220527,1.93
1.0,20220528,0.08
1.0,20220529,0.13
1.0,20220530,0.09
1.0,20220531,0.03
1.0,20220601,0.01
1.0,20220602,0.0
1.0,20220603,0.01
1.0,20220604,0.01
1.0,20220605,1.81
1.0,20220606,3.7
1.0,20220607,2.57
1.0,20220608,0.38
1.0,20220609,0.26
1.0,20220610,0.21
1.0,20220611,1.31
1.0,20220612,1.97
1.0,20220613,1.48
1.0,20220614,1.54
1.0,20220615,8.16
1.0,20220616,8.64
1.0,20220617,7.47
1.0,20220618,4.74
1.0,20220619,28.85
1.0,20220620,18.31
1.0,20220621,23.54
1.0,20220622,9.51
1.0,20220623,3.63
1.0,20220624,2.55
1.0,20220625,1.99
1.0,20220626,0.65
1.0,20220627,2.44
1.0,20220628,2.59
1.0,20220629,5.16
1.0,20220630,5.14
1.0,20220701,4.5
1.0,20220702,3.0
1.0,20220703,3.04
1.0,20220704,3.24
1.0,20220705,6.45
1.0,20220706,4.59
1.0,20220707,1.75
1.0,20220708,3.76
1.0,20220709,2.01
1.0,20220710,2.79
1.0,20220711,1.15
1.0,20220712,1.38
1.0,20220713,2.29
1.0,20220714,0.31
1.0,20220715,0.09
1.0,20220716,5.09
1.0,20220717,9.42
1.0,20220718,2.0
1.0,20220719,0.94
1.0,20220720,10.14
1.0,20220721,5.89
1.0,20220722,15.58
1.0,20220723,1.46
1.0,20220724,3.4
1.0,20220725,3.46
1.0,20220726,7.74
1.0,20220727,0.2
1.0,20220728,0.75
1.0,20220729,0.73
1.0,20220730,1.37
1.0,20220731,4.17
1.0,20220801,8.36
1.0,20220802,6.98
2.0,20210902,7.02
2.0,20210903,8.8
2.0,20210904,12.16
2.0,20210905,7.22
2.0,20210906,6.91
2.0,20210907,0.43
2.0,20210908,0.06
2.0,20210909,0.15
2.0,20210910,0.53
2.0,20210911,0.06
2.0,20210912,0.17
2.0,20210913,0.05
2.0,20210914,0.04
2.0,20210915,1.77
2.0,20210916,2.6
2.0,20210917,1.42
2.0,20210918,5.01
2.0,20210919,6.04
2.0,20210920,3.03
2.0,20210921,4.59
2.0,20210922,21.25
2.0,20210923,1.37
2.0,20210924,1.87
2.0,20210925,7.28
2.0,20210926,7.13
2.0,20210927,0.08
2.0,20210928,2.25
2.0,20210929,1.48
2.0,20210930,3.93
2.0,20211001,2.28
2.0,20211002,5.59
2.0,20211003,4.45
2.0,20211004,4.71
2.0,20211005,37.11
2.0,20211006,8.39
2.0,20211007,3.17
2.0,20211008,3.81
2.0,20211009,5.3
2.0,20211010,9.41
2.0,20211011,4.31
2.0,20211012,4.16
2.0,20211013,6.49
2.0,20211014,0.24
2.0,20211015,2.84
2.0,20211016,1.62
2.0,20211017,3.02
2.0,20211018,0.37
2.0,20211019,3.3
2.0,20211020,1.74
2.0,20211021,1.85
2.0,20211022,0.51
2.0,20211023,0.54
2.0,20211024,5.98
2.0,20211025,0.93
2.0,20211026,0.98
2.0,20211027,0.75
2.0,20211028,6.67
2.0,20211029,25.07
2.0,20211030,17.88
2.0,20211031,16.09
2.0,20211101,21.37
2.0,20211102,23.68
2.0,20211103,30.77
2.0,20211104,18.47
2.0,20211105,16.95
2.0,20211106,49.77
2.0,20211107,40.64
2.0,20211108,36.4
2.0,20211109,16.97
2.0,20211110,84.05
2.0,20211111,75.19
2.0,20211112,3.63
2.0,20211113,3.72
2.0,20211114,4.74
2.0,20211115,4.57
2.0,20211116,2.4
2.0,20211117,11.0
2.0,20211118,74.21
2.0,20211119,20.62
2.0,20211120,16.63
2.0,20211121,7.5
2.0,20211122,5.0
2.0,20211123,2.29
2.0,20211124,2.87
2.0,20211125,18.25
2.0,20211126,58.61
2.0,20211127,29.98
2.0,20211128,61.12
2.0,20211129,12.76
2.0,20211130,9.8
2.0,20211201,1.22
2.0,20211202,0.03
2.0,20211203,0.14
2.0,20211204,0.01
2.0,20211205,0.15
2.0,20211206,1.22
2.0,20211207,0.09
2.0,20211208,0.38
2.0,20211209,3.98
2.0,20211210,2.35
2.0,20211211,3.71
2.0,20211212,6.0
2.0,20211213,6.87
2.0,20211214,2.34
2.0,20211215,1.6
2.0,20211216,0.48
2.0,20211217,0.15
2.0,20211218,0.0
2.0,20211219,0.0
2.0,20211220,0.0
2.0,20211221,0.0
2.0,20211222,0.0
2.0,20211223,0.0
2.0,20211224,0.0
2.0,20211225,0.0
2.0,20211226,0.0
2.0,20211227,0.41
2.0,20211228,0.87
2.0,20211229,0.92
2.0,20211230,55.65
2.0,20211231,42.52
2.0,20220101,8.69
2.0,20220102,0.5
2.0,20220103,0.02
2.0,20220104,0.01
2.0,20220105,0.02
2.0,20220106,0.04
2.0,20220107,0.03
2.0,20220108,0.0
2.0,20220109,0.0
2.0,20220110,0.0
2.0,20220111,0.02
2.0,20220112,0.14
2.0,20220113,0.95
2.0,20220114,0.68
2.0,20220115,0.64
2.0,20220116,5.86
2.0,20220117,6.17
2.0,20220118,1.52
2.0,20220119,0.47
2.0,20220120,0.0
2.0,20220121,0.0
2.0,20220122,0.0
2.0,20220123,0.59
2.0,20220124,3.1
2.0,20220125,1.19
2.0,20220126,0.7
2.0,20220127,0.19
2.0,20220128,0.26
2.0,20220129,0.08
2.0,20220130,0.0
2.0,20220131,0.0
2.0,20220201,0.0
2.0,20220202,0.0
2.0,20220203,0.0
2.0,20220204,0.0
2.0,20220205,0.04
2.0,20220206,0.0
2.0,20220207,0.0
2.0,20220208,0.0
2.0,20220209,0.0
2.0,20220210,0.13
2.0,20220211,0.25
2.0,20220212,0.07
2.0,20220213,0.0
2.0,20220214,0.03
2.0,20220215,0.01
2.0,20220216,0.0
2.0,20220217,0.0
2.0,20220218,0.0
2.0,20220219,0.0
2.0,20220220,0.0
2.0,20220221,0.0
2.0,20220222,0.03
2.0,20220223,0.0
2.0,20220224,0.0
2.0,20220225,0.0
2.0,20220226,0.01
2.0,20220227,0.0
2.0,20220228,0.0
2.0,20220301,0.0
2.0,20220302,0.0
2.0,20220303,0.0
2.0,20220304,0.06
2.0,20220305,0.01
2.0,20220306,0.89
2.0,20220307,0.21
2.0,20220308,0.0
2.0,20220309,0.0
2.0,20220310,0.0
2.0,20220311,0.0
2.0,20220312,0.0
2.0,20220313,0.01
2.0,20220314,0.0
2.0,20220315,0.0
2.0,20220316,0.0
2.0,20220317,0.0
2.0,20220318,0.0
2.0,20220319,0.01
2.0,20220320,0.08
2.0,20220321,0.49
2.0,20220322,0.87
2.0,20220323,0.01
2.0,20220324,0.01
2.0,20220325,0.0
2.0,20220326,0.0
2.0,20220327,0.0
2.0,20220328,0.0
2.0,20220329,0.0
2.0,20220330,0.0
2.0,20220331,0.01
2.0,20220401,0.0
2.0,20220402,0.01
2.0,20220403,0.0
2.0,20220404,0.01
2.0,20220405,0.0
2.0,20220406,0.05
2.0,20220407,0.1
2.0,20220408,0.14
2.0,20220409,0.14
2.0,20220410,0.66
2.0,20220411,0.26
2.0,20220412,0.07
2.0,20220413,0.11
2.0,20220414,0.02
2.0,20220415,0.02
2.0,20220416,0.03
2.0,20220417,0.42
2.0,20220418,0.33
2.0,20220419,0.03
2.0,20220420,0.02
2.0,20220421,0.01
2.0,20220422,0.02
2.0,20220423,0.04
2.0,20220424,0.0
2.0,20220425,0.0
2.0,20220426,0.0
2.0,20220427,0.0
2.0,20220428,0.0
2.0,20220429,0.02
2.0,20220430,0.01
2.0,20220501,0.38
2.0,20220502,0.99
2.0,20220503,0.48
2.0,20220504,1.98
2.0,20220505,1.93
2.0,20220506,4.02
2.0,20220507,8.16
2.0,20220508,0.52
2.0,20220509,1.28
2.0,20220510,10.74
2.0,20220511,6.44
2.0,20220512,8.99
2.0,20220513,1.16
2.0,20220514,1.15
2.0,20220515,7.5
2.0,20220516,6.12
2.0,20220517,2.55
2.0,20220518,1.4
2.0,20220519,0.45
2.0,20220520,0.4
2.0,20220521,0.02
2.0,20220522,0.03
2.0,20220523,0.01
2.0,20220524,0.07
2.0,20220525,2.43
2.0,20220526,3.13
2.0,20220527,1.93
2.0,20220528,0.08
2.0,20220529,0.13
2.0,20220530,0.09
2.0,20220531,0.03
2.0,20220601,0.01
2.0,20220602,0.0
2.0,20220603,0.01
2.0,20220604,0.01
2.0,20220605,1.81
2.0,20220606,3.7
2.0,20220607,2.57
2.0,20220608,0.38
2.0,20220609,0.26
2.0,20220610,0.21
2.0,20220611,1.31
2.0,20220612,1.97
2.0,20220613,1.48
2.0,20220614,1.54
2.0,20220615,8.16
2.0,20220616,8.64
2.0,20220617,7.47
2.0,20220618,4.74
2.0,20220619,28.85
2.0,20220620,18.31
2.0,20220621,23.54
2.0,20220622,9.51
2.0,20220623,3.63
2.0,20220624,2.55
2.0,20220625,1.99
2.0,20220626,0.65
2.0,20220627,2.44
2.0,20220628,2.59
2.0,20220629,5.16
2.0,20220630,5.14
2.0,20220701,4.5
2.0,20220702,3.0
2.0,20220703,3.04
2.0,20220704,3.24
2.0,20220705,6.45
2.0,20220706,4.59
2.0,20220707,1.75
2.0,20220708,3.76
2.0,20220709,2.01
2.0,20220710,2.79
2.0,20220711,1.15
2.0,20220712,1.38
2.0,20220713,2.29
2.0,20220714,0.31
2.0,20220715,0.09
2.0,20220716,5.09
2.0,20220717,9.42
2.0,20220718,2.0
2.0,20220719,0.94
2.0,20220720,10.14
2.0,20220721,5.89
2.0,20220722,15.58
2.0,20220723,1.46
2.0,20220724,3.4
2.0,20220725,3.46
2.0,20220726,7.74
2.0,20220727,0.2
2.0,20220728,0.75
2.0,20220729,0.73
2.0,20220730,1.37
2.0,20220731,4.17
2.0,20220801,8.36
2.0,20220802,6.98
3.0,20210902,7.02
3.0,20210903,8.8
3.0,20210904,12.16
3.0,20210905,7.22
3.0,20210906,6.91
3.0,20210907,0.43
3.0,20210908,0.06
3.0,20210909,0.15
3.0,20210910,0.53
3.0,20210911,0.06
3.0,20210912,0.17
3.0,20210913,0.05
3.0,20210914,0.04
3.0,20210915,1.77
3.0,20210916,2.6
3.0,20210917,1.42
3.0,20210918,5.01
3.0,20210919,6.04
3.0,20210920,3.03
3.0,20210921,4.59
3.0,20210922,21.25
3.0,20210923,1.37
3.0,20210924,1.87
3.0,20210925,7.28
3.0,20210926,7.13
3.0,20210927,0.08
3.0,20210928,2.25
3.0,20210929,1.48
3.0,20210930,3.93
3.0,20211001,2.28
3.0,20211002,5.59
3.0,20211003,4.45
3.0,20211004,4.71
3.0,20211005,37.11
3.0,20211006,8.39
3.0,20211007,3.17
3.0,20211008,3.81
3.0,20211009,5.3
3.0,20211010,9.41
3.0,20211011,4.31
3.0,20211012,4.16
3.0,20211013,6.49
3.0,20211014,0.24
3.0,20211015,2.84
3.0,20211016,1.62
3.0,20211017,3.02
3.0,20211018,0.37
3.0,20211019,3.3
3.0,20211020,1.74
3.0,20211021,1.85
3.0,20211022,0.51
3.0,20211023,0.54
3.0,20211024,5.98
3.0,20211025,0.93
3.0,20211026,0.98
3.0,20211027,0.75
3.0,20211028,6.67
3.0,20211029,25.07
3.0,20211030,17.88
3.0,20211031,16.09
3.0,20211101,21.37
3.0,20211102,23.68
3.0,20211103,30.77
3.0,20211104,18.47
3.0,20211105,16.95
3.0,20211106,49.77
3.0,20211107,40.64
3.0,20211108,36.4
3.0,20211109,16.97
3.0,20211110,84.05
3.0,20211111,75.19
3.0,20211112,3.63
3.0,20211113,3.72
3.0,20211114,4.74
3.0,20211115,4.57
3.0,20211116,2.4
3.0,20211117,11.0
3.0,20211118,74.21
3.0,20211119,20.62
3.0,20211120,16.63
3.0,20211121,7.5
3.0,20211122,5.0
3.0,20211123,2.29
3.0,20211124,2.87
3.0,20211125,18.25
3.0,20211126,58.61
3.0,20211127,29.98
3.0,20211128,61.12
3.0,20211129,12.76
3.0,20211130,9.8
3.0,20211201,1.22
3.0,20211202,0.03
3.0,20211203,0.14
3.0,20211204,0.01
3.0,20211205,0.15
3.0,20211206,1.22
3.0,20211207,0.09
3.0,20211208,0.38
3.0,20211209,3.98
3.0,20211210,2.35
3.0,20211211,3.71
3.0,20211212,6.0
3.0,20211213,6.87
3.0,20211214,2.34
3.0,20211215,1.6
3.0,20211216,0.48
3.0,20211217,0.15
3.0,20211218,0.0
3.0,20211219,0.0
3.0,20211220,0.0
3.0,20211221,0.0
3.0,20211222,0.0
3.0,20211223,0.0
3.0,20211224,0.0
3.0,20211225,0.0
3.0,20211226,0.0
3.0,20211227,0.41
3.0,20211228,0.87
3.0,20211229,0.92
3.0,20211230,55.65
3.0,20211231,42.52
3.0,20220101,8.69
3.0,20220102,0.5
3.0,20220103,0.02
3.0,20220104,0.01
3.0,20220105,0.02
3.0,20220106,0.04
3.0,20220107,0.03
3.0,20220108,0.0
3.0,20220109,0.0
3.0,20220110,0.0
3.0,20220111,0.02
3.0,20220112,0.14
3.0,20220113,0.95
3.0,20220114,0.68
3.0,20220115,0.64
3.0,20220116,5.86
3.0,20220117,6.17
3.0,20220118,1.52
3.0,20220119,0.47
3.0,20220120,0.0
3.0,20220121,0.0
3.0,20220122,0.0
3.0,20220123,0.59
3.0,20220124,3.1
3.0,20220125,1.19
3.0,20220126,0.7
3.0,20220127,0.19
3.0,20220128,0.26
3.0,20220129,0.08
3.0,20220130,0.0
3.0,20220131,0.0
3.0,20220201,0.0
3.0,20220202,0.0
3.0,20220203,0.0
3.0,20220204,0.0
3.0,20220205,0.04
3.0,20220206,0.0
3.0,20220207,0.0
3.0,20220208,0.0
3.0,20220209,0.0
3.0,20220210,0.13
3.0,20220211,0.25
3.0,20220212,0.07
3.0,20220213,0.0
3.0,20220214,0.03
3.0,20220215,0.01
3.0,20220216,0.0
3.0,20220217,0.0
3.0,20220218,0.0
3.0,20220219,0.0
3.0,20220220,0.0
3.0,20220221,0.0
3.0,20220222,0.03
3.0,20220223,0.0
3.0,20220224,0.0
3.0,20220225,0.0
3.0,20220226,0.01
3.0,20220227,0.0
3.0,20220228,0.0
3.0,20220301,0.0
3.0,20220302,0.0
3.0,20220303,0.0
3.0,20220304,0.06
3.0,20220305,0.01
3.0,20220306,0.89
3.0,20220307,0.21
3.0,20220308,0.0
3.0,20220309,0.0
3.0,20220310,0.0
3.0,20220311,0.0
3.0,20220312,0.0
3.0,20220313,0.01
3.0,20220314,0.0
3.0,20220315,0.0
3.0,20220316,0.0
3.0,20220317,0.0
3.0,20220318,0.0
3.0,20220319,0.01
3.0,20220320,0.08
3.0,20220321,0.49
3.0,20220322,0.87
3.0,20220323,0.01
3.0,20220324,0.01
3.0,20220325,0.0
3.0,20220326,0.0
3.0,20220327,0.0
3.0,20220328,0.0
3.0,20220329,0.0
3.0,20220330,0.0
3.0,20220331,0.01
3.0,20220401,0.0
3.0,20220402,0.01
3.0,20220403,0.0
3.0,20220404,0.01
3.0,20220405,0.0
3.0,20220406,0.05
3.0,20220407,0.1
3.0,20220408,0.14
3.0,20220409,0.14
3.0,20220410,0.66
3.0,20220411,0.26
3.0,20220412,0.07
3.0,20220413,0.11
3.0,20220414,0.02
3.0,20220415,0.02
3.0,20220416,0.03
3.0,20220417,0.42
3.0,20220418,0.33
3.0,20220419,0.03
3.0,20220420,0.02
3.0,20220421,0.01
3.0,20220422,0.02
3.0,20220423,0.04
3.0,20220424,0.0
3.0,20220425,0.0
3.0,20220426,0.0
3.0,20220427,0.0
3.0,20220428,0.0
3.0,20220429,0.02
3.0,20220430,0.01
3.0,20220501,0.38
3.0,20220502,0.99
3.0,20220503,0.48
3.0,20220504,1.98
3.0,20220505,1.93
3.0,20220506,4.02
3.0,20220507,8.16
3.0,20220508,0.52
3.0,20220509,1.28
3.0,20220510,10.74
3.0,20220511,6.44
3.0,20220512,8.99
3.0,20220513,1.16
3.0,20220514,1.15
3.0,20220515,7.5
3.0,20220516,6.12
3.0,20220517,2.55
3.0,20220518,1.4
3.0,20220519,0.45
3.0,20220520,0.4
3.0,20220521,0.02
3.0,20220522,0.03
3.0,20220523,0.01
3.0,20220524,0.07
3.0,20220525,2.43
3.0,20220526,3.13
3.0,20220527,1.93
3.0,20220528,0.08
3.0,20220529,0.13
3.0,20220530,0.09
3.0,20220531,0.03
3.0,20220601,0.01
3.0,20220602,0.0
3.0,20220603,0.01
3.0,20220604,0.01
3.0,20220605,1.81
3.0,20220606,3.7
3.0,20220607,2.57
3.0,20220608,0.38
3.0,20220609,0.26
3.0,20220610,0.21
3.0,20220611,1.31
3.0,20220612,1.97
3.0,20220613,1.48
3.0,20220614,1.54
3.0,20220615,8.16
3.0,20220616,8.64
3.0,20220617,7.47
3.0,20220618,4.74
3.0,20220619,28.85
3.0,20220620,18.31
3.0,20220621,23.54
3.0,20220622,9.51
3.0,20220623,3.63
3.0,20220624,2.55
3.0,20220625,1.99
3.0,20220626,0.65
3.0,20220627,2.44
3.0,20220628,2.59
3.0,20220629,5.16
3.0,20220630,5.14
3.0,20220701,4.5
3.0,20220702,3.0
3.0,20220703,3.04
3.0,20220704,3.24
3.0,20220705,6.45
3.0,20220706,4.59
3.0,20220707,1.75
3.0,20220708,3.76
3.0,20220709,2.01
3.0,20220710,2.79
3.0,20220711,1.15
3.0,20220712,1.38
3.0,20220713,2.29
3.0,20220714,0.31
3.0,20220715,0.09
3.0,20220716,5.09
3.0,20220717,9.42
3.0,20220718,2.0
3.0,20220719,0.94
3.0,20220720,10.14
3.0,20220721,5.89
3.0,20220722,15.58
3.0,20220723,1.46
3.0,20220724,3.4
3.0,20220725,3.46
3.0,20220726,7.74
3.0,20220727,0.2
3.0,20220728,0.75
3.0,20220729,0.73
3.0,20220730,1.37
3.0,20220731,4.17
3.0,20220801,8.36
3.0,20220802,6.98
4.0,20210902,7.02
4.0,20210903,8.8
4.0,20210904,12.16
4.0,20210905,7.22
4.0,20210906,6.91
4.0,20210907,0.43
4.0,20210908,0.06
4.0,20210909,0.15
4.0,20210910,0.53
4.0,20210911,0.06
4.0,20210912,0.17
4.0,20210913,0.05
4.0,20210914,0.04
4.0,20210915,1.77
4.0,20210916,2.6
4.0,20210917,1.42
4.0,20210918,5.01
4.0,20210919,6.04
4.0,20210920,3.03
4.0,20210921,4.59
4.0,20210922,21.25
4.0,20210923,1.37
4.0,20210924,1.87
4.0,20210925,7.28
4.0,20210926,7.13
4.0,20210927,0.08
4.0,20210928,2.25
4.0,20210929,1.48
4.0,20210930,3.93
4.0,20211001,2.28
4.0,20211002,5.59
4.0,20211003,4.45
4.0,20211004,4.71
4.0,20211005,37.11
4.0,20211006,8.39
4.0,20211007,3.17
4.0,20211008,3.81
4.0,20211009,5.3
4.0,20211010,9.41
4.0,20211011,4.31
4.0,20211012,4.16
4.0,20211013,6.49
4.0,20211014,0.24
4.0,20211015,2.84
4.0,20211016,1.62
4.0,20211017,3.02
4.0,20211018,0.37
4.0,20211019,3.3
4.0,20211020,1.74
4.0,20211021,1.85
4.0,20211022,0.51
4.0,20211023,0.54
4.0,20211024,5.98
4.0,20211025,0.93
4.0,20211026,0.98
4.0,20211027,0.75
4.0,20211028,6.67
4.0,20211029,25.07
4.0,20211030,17.88
4.0,20211031,16.09
4.0,20211101,21.37
4.0,20211102,23.68
4.0,20211103,30.77
4.0,20211104,18.47
4.0,20211105,16.95
4.0,20211106,49.77
4.0,20211107,40.64
4.0,20211108,36.4
4.0,20211109,16.97
4.0,20211110,84.05
4.0,20211111,75.19
4.0,20211112,3.63
4.0,20211113,3.72
4.0,20211114,4.74
4.0,20211115,4.57
4.0,20211116,2.4
4.0,20211117,11.0
4.0,20211118,74.21
4.0,20211119,20.62
4.0,20211120,16.63
4.0,20211121,7.5
4.0,20211122,5.0
4.0,20211123,2.29
4.0,20211124,2.87
4.0,20211125,18.25
4.0,20211126,58.61
4.0,20211127,29.98
4.0,20211128,61.12
4.0,20211129,12.76
4.0,20211130,9.8
4.0,20211201,1.22
4.0,20211202,0.03
4.0,20211203,0.14
4.0,20211204,0.01
4.0,20211205,0.15
4.0,20211206,1.22
4.0,20211207,0.09
4.0,20211208,0.38
4.0,20211209,3.98
4.0,20211210,2.35
4.0,20211211,3.71
4.0,20211212,6.0
4.0,20211213,6.87
4.0,20211214,2.34
4.0,20211215,1.6
4.0,20211216,0.48
4.0,20211217,0.15
4.0,20211218,0.0
4.0,20211219,0.0
4.0,20211220,0.0
4.0,20211221,0.0
4.0,20211222,0.0
4.0,20211223,0.0
4.0,20211224,0.0
4.0,20211225,0.0
4.0,20211226,0.0
4.0,20211227,0.41
4.0,20211228,0.87
4.0,20211229,0.92
4.0,20211230,55.65
4.0,20211231,42.52
4.0,20220101,8.69
4.0,20220102,0.5
4.0,20220103,0.02
4.0,20220104,0.01
4.0,20220105,0.02
4.0,20220106,0.04
4.0,20220107,0.03
4.0,20220108,0.0
4.0,20220109,0.0
4.0,20220110,0.0
4.0,20220111,0.02
4.0,20220112,0.14
4.0,20220113,0.95
4.0,20220114,0.68
4.0,20220115,0.64
4.0,20220116,5.86
4.0,20220117,6.17
4.0,20220118,1.52
4.0,20220119,0.47
4.0,20220120,0.0
4.0,20220121,0.0
4.0,20220122,0.0
4.0,20220123,0.59
4.0,20220124,3.1
4.0,20220125,1.19
4.0,20220126,0.7
4.0,20220127,0.19
4.0,20220128,0.26
4.0,20220129,0.08
4.0,20220130,0.0
4.0,20220131,0.0
4.0,20220201,0.0
4.0,20220202,0.0
4.0,20220203,0.0
4.0,20220204,0.0
4.0,20220205,0.04
4.0,20220206,0.0
4.0,20220207,0.0
4.0,20220208,0.0
4.0,20220209,0.0
4.0,20220210,0.13
4.0,20220211,0.25
4.0,20220212,0.07
4.0,20220213,0.0
4.0,20220214,0.03
4.0,20220215,0.01
4.0,20220216,0.0
4.0,20220217,0.0
4.0,20220218,0.0
4.0,20220219,0.0
4.0,20220220,0.0
4.0,20220221,0.0
4.0,20220222,0.03
4.0,20220223,0.0
4.0,20220224,0.0
4.0,20220225,0.0
4.0,20220226,0.01
4.0,20220227,0.0
4.0,20220228,0.0
4.0,20220301,0.0
4.0,20220302,0.0
4.0,20220303,0.0
4.0,20220304,0.06
4.0,20220305,0.01
4.0,20220306,0.89
4.0,20220307,0.21
4.0,20220308,0.0
4.0,20220309,0.0
4.0,20220310,0.0
4.0,20220311,0.0
4.0,20220312,0.0
4.0,20220313,0.01
4.0,20220314,0.0
4.0,20220315,0.0
4.0,20220316,0.0
4.0,20220317,0.0
4.0,20220318,0.0
4.0,20220319,0.01
4.0,20220320,0.08
4.0,20220321,0.49
4.0,20220322,0.87
4.0,20220323,0.01
4.0,20220324,0.01
4.0,20220325,0.0
4.0,20220326,0.0
4.0,20220327,0.0
4.0,20220328,0.0
4.0,20220329,0.0
4.0,20220330,0.0
4.0,20220331,0.01
4.0,20220401,0.0
4.0,20220402,0.01
4.0,20220403,0.0
4.0,20220404,0.01
4.0,20220405,0.0
4.0,20220406,0.05
4.0,20220407,0.1
4.0,20220408,0.14
4.0,20220409,0.14
4.0,20220410,0.66
4.0,20220411,0.26
4.0,20220412,0.07
4.0,20220413,0.11
4.0,20220414,0.02
4.0,20220415,0.02
4.0,20220416,0.03
4.0,20220417,0.42
4.0,20220418,0.33
4.0,20220419,0.03
4.0,20220420,0.02
4.0,20220421,0.01
4.0,20220422,0.02
4.0,20220423,0.04
4.0,20220424,0.0
4.0,20220425,0.0
4.0,20220426,0.0
4.0,20220427,0.0
4.0,20220428,0.0
4.0,20220429,0.02
4.0,20220430,0.01
4.0,20220501,0.38
4.0,20220502,0.99
4.0,20220503,0.48
4.0,20220504,1.98
4.0,20220505,1.93
4.0,20220506,4.02
4.0,20220507,8.16
4.0,20220508,0.52
4.0,20220509,1.28
4.0,20220510,10.74
4.0,20220511,6.44
4.0,20220512,8.99
4.0,20220513,1.16
4.0,20220514,1.15
4.0,20220515,7.5
4.0,20220516,6.12
4.0,20220517,2.55
4.0,20220518,1.4
4.0,20220519,0.45
4.0,20220520,0.4
4.0,20220521,0.02
4.0,20220522,0.03
4.0,20220523,0.01
4.0,20220524,0.07
4.0,20220525,2.43
4.0,20220526,3.13
4.0,20220527,1.93
4.0,20220528,0.08
4.0,20220529,0.13
4.0,20220530,0.09
4.0,20220531,0.03
4.0,20220601,0.01
4.0,20220602,0.0
4.0,20220603,0.01
4.0,20220604,0.01
4.0,20220605,1.81
4.0,20220606,3.7
4.0,20220607,2.57
4.0,20220608,0.38
4.0,20220609,0.26
4.0,20220610,0.21
4.0,20220611,1.31
4.0,20220612,1.97
4.0,20220613,1.48
4.0,20220614,1.54
4.0,20220615,8.16
4.0,20220616,8.64
4.0,20220617,7.47
4.0,20220618,4.74
4.0,20220619,28.85
4.0,20220620,18.31
4.0,20220621,23.54
4.0,20220622,9.51
4.0,20220623,3.63
4.0,20220624,2.55
4.0,20220625,1.99
4.0,20220626,0.65
4.0,20220627,2.44
4.0,20220628,2.59
4.0,20220629,5.16
4.0,20220630,5.14
4.0,20220701,4.5
4.0,20220702,3.0
4.0,20220703,3.04
4.0,20220704,3.24
4.0,20220705,6.45
4.0,20220706,4.59
4.0,20220707,1.75
4.0,20220708,3.76
4.0,20220709,2.01
4.0,20220710,2.79
4.0,20220711,1.15
4.0,20220712,1.38
4.0,20220713,2.29
4.0,20220714,0.31
4.0,20220715,0.09
4.0,20220716,5.09
4.0,20220717,9.42
4.0,20220718,2.0
4.0,20220719,0.94
4.0,20220720,10.14
4.0,20220721,5.89
4.0,20220722,15.58
4.0,20220723,1.46
4.0,20220724,3.4
4.0,20220725,3.46
4.0,20220726,7.74
4.0,20220727,0.2
4.0,20220728,0.75
4.0,20220729,0.73
4.0,20220730,1.37
4.0,20220731,4.17
4.0,20220801,8.36
4.0,20220802,6.98
5.0,20210902,7.02
5.0,20210903,8.8
5.0,20210904,12.16
5.0,20210905,7.22
5.0,20210906,6.91
5.0,20210907,0.43
5.0,20210908,0.06
5.0,20210909,0.15
5.0,20210910,0.53
5.0,20210911,0.06
5.0,20210912,0.17
5.0,20210913,0.05
5.0,20210914,0.04
5.0,20210915,1.77
5.0,20210916,2.6
5.0,20210917,1.42
5.0,20210918,5.01
5.0,20210919,6.04
5.0,20210920,3.03
5.0,20210921,4.59
5.0,20210922,21.25
5.0,20210923,1.37
5.0,20210924,1.87
5.0,20210925,7.28
5.0,20210926,7.13
5.0,20210927,0.08
5.0,20210928,2.25
5.0,20210929,1.48
5.0,20210930,3.93
5.0,20211001,2.28
5.0,20211002,5.59
5.0,20211003,4.45
5.0,20211004,4.71
5.0,20211005,37.11
5.0,20211006,8.39
5.0,20211007,3.17
5.0,20211008,3.81
5.0,20211009,5.3
5.0,20211010,9.41
5.0,20211011,4.31
5.0,20211012,4.16
5.0,20211013,6.49
5.0,20211014,0.24
5.0,20211015,2.84
5.0,20211016,1.62
5.0,20211017,3.02
5.0,20211018,0.37
5.0,20211019,3.3
5.0,20211020,1.74
5.0,20211021,1.85
5.0,20211022,0.51
5.0,20211023,0.54
5.0,20211024,5.98
5.0,20211025,0.93
5.0,20211026,0.98
5.0,20211027,0.75
5.0,20211028,6.67
5.0,20211029,25.07
5.0,20211030,17.88
5.0,20211031,16.09
5.0,20211101,21.37
5.0,20211102,23.68
5.0,20211103,30.77
5.0,20211104,18.47
5.0,20211105,16.95
5.0,20211106,49.77
5.0,20211107,40.64
5.0,20211108,36.4
5.0,20211109,16.97
5.0,20211110,84.05
5.0,20211111,75.19
5.0,20211112,3.63
5.0,20211113,3.72
5.0,20211114,4.74
5.0,20211115,4.57
5.0,20211116,2.4
5.0,20211117,11.0
5.0,20211118,74.21
5.0,20211119,20.62
5.0,20211120,16.63
5.0,20211121,7.5
5.0,20211122,5.0
5.0,20211123,2.29
5.0,20211124,2.87
5.0,20211125,18.25
5.0,20211126,58.61
5.0,20211127,29.98
5.0,20211128,61.12
5.0,20211129,12.76
5.0,20211130,9.8
5.0,20211201,1.22
5.0,20211202,0.03
5.0,20211203,0.14
5.0,20211204,0.01
5.0,20211205,0.15
5.0,20211206,1.22
5.0,20211207,0.09
5.0,20211208,0.38
5.0,20211209,3.98
5.0,20211210,2.35
5.0,20211211,3.71
5.0,20211212,6.0
5.0,20211213,6.87
5.0,20211214,2.34
5.0,20211215,1.6
5.0,20211216,0.48
5.0,20211217,0.15
5.0,20211218,0.0
5.0,20211219,0.0
5.0,20211220,0.0
5.0,20211221,0.0
5.0,20211222,0.0
5.0,20211223,0.0
5.0,20211224,0.0
5.0,20211225,0.0
5.0,20211226,0.0
5.0,20211227,0.41
5.0,20211228,0.87
5.0,20211229,0.92
5.0,20211230,55.65
5.0,20211231,42.52
5.0,20220101,8.69
5.0,20220102,0.5
5.0,20220103,0.02
5.0,20220104,0.01
5.0,20220105,0.02
5.0,20220106,0.04
5.0,20220107,0.03
5.0,20220108,0.0
5.0,20220109,0.0
5.0,20220110,0.0
5.0,20220111,0.02
5.0,20220112,0.14
5.0,20220113,0.95
5.0,20220114,0.68
5.0,20220115,0.64
5.0,20220116,5.86
5.0,20220117,6.17
5.0,20220118,1.52
5.0,20220119,0.47
5.0,20220120,0.0
5.0,20220121,0.0
5.0,20220122,0.0
5.0,20220123,0.59
5.0,20220124,3.1
5.0,20220125,1.19
5.0,20220126,0.7
5.0,20220127,0.19
5.0,20220128,0.26
5.0,20220129,0.08
5.0,20220130,0.0
5.0,20220131,0.0
5.0,20220201,0.0
5.0,20220202,0.0
5.0,20220203,0.0
5.0,20220204,0.0
5.0,20220205,0.04
5.0,20220206,0.0
5.0,20220207,0.0
5.0,20220208,0.0
5.0,20220209,0.0
5.0,20220210,0.13
5.0,20220211,0.25
5.0,20220212,0.07
5.0,20220213,0.0
5.0,20220214,0.03
5.0,20220215,0.01
5.0,20220216,0.0
5.0,20220217,0.0
5.0,20220218,0.0
5.0,20220219,0.0
5.0,20220220,0.0
5.0,20220221,0.0
5.0,20220222,0.03
5.0,20220223,0.0
5.0,20220224,0.0
5.0,20220225,0.0
5.0,20220226,0.01
5.0,20220227,0.0
5.0,20220228,0.0
5.0,20220301,0.0
5.0,20220302,0.0
5.0,20220303,0.0
5.0,20220304,0.06
5.0,20220305,0.01
5.0,20220306,0.89
5.0,20220307,0.21
5.0,20220308,0.0
5.0,20220309,0.0
5.0,20220310,0.0
5.0,20220311,0.0
5.0,20220312,0.0
5.0,20220313,0.01
5.0,20220314,0.0
5.0,20220315,0.0
5.0,20220316,0.0
5.0,20220317,0.0
5.0,20220318,0.0
5.0,20220319,0.01
5.0,20220320,0.08
5.0,20220321,0.49
5.0,20220322,0.87
5.0,20220323,0.01
5.0,20220324,0.01
5.0,20220325,0.0
5.0,20220326,0.0
5.0,20220327,0.0
5.0,20220328,0.0
5.0,20220329,0.0
5.0,20220330,0.0
5.0,20220331,0.01
5.0,20220401,0.0
5.0,20220402,0.01
5.0,20220403,0.0
5.0,20220404,0.01
5.0,20220405,0.0
5.0,20220406,0.05
5.0,20220407,0.1
5.0,20220408,0.14
5.0,20220409,0.14
5.0,20220410,0.66
5.0,20220411,0.26
5.0,20220412,0.07
5.0,20220413,0.11
5.0,20220414,0.02
5.0,20220415,0.02
5.0,20220416,0.03
5.0,20220417,0.42
5.0,20220418,0.33
5.0,20220419,0.03
5.0,20220420,0.02
5.0,20220421,0.01
5.0,20220422,0.02
5.0,20220423,0.04
5.0,20220424,0.0
5.0,20220425,0.0
5.0,20220426,0.0
5.0,20220427,0.0
5.0,20220428,0.0
5.0,20220429,0.02
5.0,20220430,0.01
5.0,20220501,0.38
5.0,20220502,0.99
5.0,20220503,0.48
5.0,20220504,1.98
5.0,20220505,1.93
5.0,20220506,4.02
5.0,20220507,8.16
5.0,20220508,0.52
5.0,20220509,1.28
5.0,20220510,10.74
5.0,20220511,6.44
5.0,20220512,8.99
5.0,20220513,1.16
5.0,20220514,1.15
5.0,20220515,7.5
5.0,20220516,6.12
5.0,20220517,2.55
5.0,20220518,1.4
5.0,20220519,0.45
5.0,20220520,0.4
5.0,20220521,0.02
5.0,20220522,0.03
5.0,20220523,0.01
5.0,20220524,0.07
5.0,20220525,2.43
5.0,20220526,3.13
5.0,20220527,1.93
5.0,20220528,0.08
5.0,20220529,0.13
5.0,20220530,0.09
5.0,20220531,0.03
5.0,20220601,0.01
5.0,20220602,0.0
5.0,20220603,0.01
5.0,20220604,0.01
5.0,20220605,1.81
5.0,20220606,3.7
5.0,20220607,2.57
5.0,20220608,0.38
5.0,20220609,0.26
5.0,20220610,0.21
5.0,20220611,1.31
5.0,20220612,1.97
5.0,20220613,1.48
5.0,20220614,1.54
5.0,20220615,8.16
5.0,20220616,8.64
5.0,20220617,7.47
5.0,20220618,4.74
5.0,20220619,28.85
5.0,20220620,18.31
5.0,20220621,23.54
5.0,20220622,9.51
5.0,20220623,3.63
5.0,20220624,2.55
5.0,20220625,1.99
5.0,20220626,0.65
5.0,20220627,2.44
5.0,20220628,2.59
5.0,20220629,5.16
5.0,20220630,5.14
5.0,20220701,4.5
5.0,20220702,3.0
5.0,20220703,3.04
5.0,20220704,3.24
5.0,20220705,6.45
5.0,20220706,4.59
5.0,20220707,1.75
5.0,20220708,3.76
5.0,20220709,2.01
5.0,20220710,2.79
5.0,20220711,1.15
5.0,20220712,1.38
5.0,20220713,2.29
5.0,20220714,0.31
5.0,20220715,0.09
5.0,20220716,5.09
5.0,20220717,9.42
5.0,20220718,2.0
5.0,20220719,0.94
5.0,20220720,10.14
5.0,20220721,5.89
5.0,20220722,15.58
5.0,20220723,1.46
5.0,20220724,3.4
5.0,20220725,3.46
5.0,20220726,7.74
5.0,20220727,0.2
5.0,20220728,0.75
5.0,20220729,0.73
5.0,20220730,1.37
5.0,20220731,4.17
5.0,20220801,8.36
5.0,20220802,6.98
6.0,20210902,7.02
6.0,20210903,8.8
6.0,20210904,12.16
6.0,20210905,7.22
6.0,20210906,6.91
6.0,20210907,0.43
6.0,20210908,0.06
6.0,20210909,0.15
6.0,20210910,0.53
6.0,20210911,0.06
6.0,20210912,0.17
6.0,20210913,0.05
6.0,20210914,0.04
6.0,20210915,1.77
6.0,20210916,2.6
6.0,20210917,1.42
6.0,20210918,5.01
6.0,20210919,6.04
6.0,20210920,3.03
6.0,20210921,4.59
6.0,20210922,21.25
6.0,20210923,1.37
6.0,20210924,1.87
6.0,20210925,7.28
6.0,20210926,7.13
6.0,20210927,0.08
6.0,20210928,2.25
6.0,20210929,1.48
6.0,20210930,3.93
6.0,20211001,2.28
6.0,20211002,5.59
6.0,20211003,4.45
6.0,20211004,4.71
6.0,20211005,37.11
6.0,20211006,8.39
6.0,20211007,3.17
6.0,20211008,3.81
6.0,20211009,5.3
6.0,20211010,9.41
6.0,20211011,4.31
6.0,20211012,4.16
6.0,20211013,6.49
6.0,20211014,0.24
6.0,20211015,2.84
6.0,20211016,1.62
6.0,20211017,3.02
6.0,20211018,0.37
6.0,20211019,3.3
6.0,20211020,1.74
6.0,20211021,1.85
6.0,20211022,0.51
6.0,20211023,0.54
6.0,20211024,5.98
6.0,20211025,0.93
6.0,20211026,0.98
6.0,20211027,0.75
6.0,20211028,6.67
6.0,20211029,25.07
6.0,20211030,17.88
6.0,20211031,16.09
6.0,20211101,21.37
6.0,20211102,23.68
6.0,20211103,30.77
6.0,20211104,18.47
6.0,20211105,16.95
6.0,20211106,49.77
6.0,20211107,40.64
6.0,20211108,36.4
6.0,20211109,16.97
6.0,20211110,84.05
6.0,20211111,75.19
6.0,20211112,3.63
6.0,20211113,3.72
6.0,20211114,4.74
6.0,20211115,4.57
6.0,20211116,2.4
6.0,20211117,11.0
6.0,20211118,74.21
6.0,20211119,20.62
6.0,20211120,16.63
6.0,20211121,7.5
6.0,20211122,5.0
6.0,20211123,2.29
6.0,20211124,2.87
6.0,20211125,18.25
6.0,20211126,58.61
6.0,20211127,29.98
6.0,20211128,61.12
6.0,20211129,12.76
6.0,20211130,9.8
6.0,20211201,1.22
6.0,20211202,0.03
6.0,20211203,0.14
6.0,20211204,0.01
6.0,20211205,0.15
6.0,20211206,1.22
6.0,20211207,0.09
6.0,20211208,0.38
6.0,20211209,3.98
6.0,20211210,2.35
6.0,20211211,3.71
6.0,20211212,6.0
6.0,20211213,6.87
6.0,20211214,2.34
6.0,20211215,1.6
6.0,20211216,0.48
6.0,20211217,0.15
6.0,20211218,0.0
6.0,20211219,0.0
6.0,20211220,0.0
6.0,20211221,0.0
6.0,20211222,0.0
6.0,20211223,0.0
6.0,20211224,0.0
6.0,20211225,0.0
6.0,20211226,0.0
6.0,20211227,0.41
6.0,20211228,0.87
6.0,20211229,0.92
6.0,20211230,55.65
6.0,20211231,42.52
6.0,20220101,8.69
6.0,20220102,0.5
6.0,20220103,0.02
6.0,20220104,0.01
6.0,20220105,0.02
6.0,20220106,0.04
6.0,20220107,0.03
6.0,20220108,0.0
6.0,20220109,0.0
6.0,20220110,0.0
6.0,20220111,0.02
6.0,20220112,0.14
6.0,20220113,0.95
6.0,20220114,0.68
6.0,20220115,0.64
6.0,20220116,5.86
6.0,20220117,6.17
6.0,20220118,1.52
6.0,20220119,0.47
6.0,20220120,0.0
6.0,20220121,0.0
6.0,20220122,0.0
6.0,20220123,0.59
6.0,20220124,3.1
6.0,20220125,1.19
6.0,20220126,0.7
6.0,20220127,0.19
6.0,20220128,0.26
6.0,20220129,0.08
6.0,20220130,0.0
6.0,20220131,0.0
6.0,20220201,0.0
6.0,20220202,0.0
6.0,20220203,0.0
6.0,20220204,0.0
6.0,20220205,0.04
6.0,20220206,0.0
6.0,20220207,0.0
6.0,20220208,0.0
6.0,20220209,0.0
6.0,20220210,0.13
6.0,20220211,0.25
6.0,20220212,0.07
6.0,20220213,0.0
6.0,20220214,0.03
6.0,20220215,0.01
6.0,20220216,0.0
6.0,20220217,0.0
6.0,20220218,0.0
6.0,20220219,0.0
6.0,20220220,0.0
6.0,20220221,0.0
6.0,20220222,0.03
6.0,20220223,0.0
6.0,20220224,0.0
6.0,20220225,0.0
6.0,20220226,0.01
6.0,20220227,0.0
6.0,20220228,0.0
6.0,20220301,0.0
6.0,20220302,0.0
6.0,20220303,0.0
6.0,20220304,0.06
6.0,20220305,0.01
6.0,20220306,0.89
6.0,20220307,0.21
6.0,20220308,0.0
6.0,20220309,0.0
6.0,20220310,0.0
6.0,20220311,0.0
6.0,20220312,0.0
6.0,20220313,0.01
6.0,20220314,0.0
6.0,20220315,0.0
6.0,20220316,0.0
6.0,20220317,0.0
6.0,20220318,0.0
6.0,20220319,0.01
6.0,20220320,0.08
6.0,20220321,0.49
6.0,20220322,0.87
6.0,20220323,0.01
6.0,20220324,0.01
6.0,20220325,0.0
6.0,20220326,0.0
6.0,20220327,0.0
6.0,20220328,0.0
6.0,20220329,0.0
6.0,20220330,0.0
6.0,20220331,0.01
6.0,20220401,0.0
6.0,20220402,0.01
6.0,20220403,0.0
6.0,20220404,0.01
6.0,20220405,0.0
6.0,20220406,0.05
6.0,20220407,0.1
6.0,20220408,0.14
6.0,20220409,0.14
6.0,20220410,0.66
6.0,20220411,0.26
6.0,20220412,0.07
6.0,20220413,0.11
6.0,20220414,0.02
6.0,20220415,0.02
6.0,20220416,0.03
6.0,20220417,0.42
6.0,20220418,0.33
6.0,20220419,0.03
6.0,20220420,0.02
6.0,20220421,0.01
6.0,20220422,0.02
6.0,20220423,0.04
6.0,20220424,0.0
6.0,20220425,0.0
6.0,20220426,0.0
6.0,20220427,0.0
6.0,20220428,0.0
6.0,20220429,0.02
6.0,20220430,0.01
6.0,20220501,0.38
6.0,20220502,0.99
6.0,20220503,0.48
6.0,20220504,1.98
6.0,20220505,1.93
6.0,20220506,4.02
6.0,20220507,8.16
6.0,20220508,0.52
6.0,20220509,1.28
6.0,20220510,10.74
6.0,20220511,6.44
6.0,20220512,8.99
6.0,20220513,1.16
6.0,20220514,1.15
6.0,20220515,7.5
6.0,20220516,6.12
6.0,20220517,2.55
6.0,20220518,1.4
6.0,20220519,0.45
6.0,20220520,0.4
6.0,20220521,0.02
6.0,20220522,0.03
6.0,20220523,0.01
6.0,20220524,0.07
6.0,20220525,2.43
6.0,20220526,3.13
6.0,20220527,1.93
6.0,20220528,0.08
6.0,20220529,0.13
6.0,20220530,0.09
6.0,20220531,0.03
6.0,20220601,0.01
6.0,20220602,0.0
6.0,20220603,0.01
6.0,20220604,0.01
6.0,20220605,1.81
6.0,20220606,3.7
6.0,20220607,2.57
6.0,20220608,0.38
6.0,20220609,0.26
6.0,20220610,0.21
6.0,20220611,1.31
6.0,20220612,1.97
6.0,20220613,1.48
6.0,20220614,1.54
6.0,20220615,8.16
6.0,20220616,8.64
6.0,20220617,7.47
6.0,20220618,4.74
6.0,20220619,28.85
6.0,20220620,18.31
6.0,20220621,23.54
6.0,20220622,9.51
6.0,20220623,3.63
6.0,20220624,2.55
6.0,20220625,1.99
6.0,20220626,0.65
6.0,20220627,2.44
6.0,20220628,2.59
6.0,20220629,5.16
6.0,20220630,5.14
6.0,20220701,4.5
6.0,20220702,3.0
6.0,20220703,3.04
6.0,20220704,3.24
6.0,20220705,6.45
6.0,20220706,4.59
6.0,20220707,1.75
6.0,20220708,3.76
6.0,20220709,2.01
6.0,20220710,2.79
6.0,20220711,1.15
6.0,20220712,1.38
6.0,20220713,2.29
6.0,20220714,0.31
6.0,20220715,0.09
6.0,20220716,5.09
6.0,20220717,9.42
6.0,20220718,2.0
6.0,20220719,0.94
6.0,20220720,10.14
6.0,20220721,5.89
6.0,20220722,15.58
6.0,20220723,1.46
6.0,20220724,3.4
6.0,20220725,3.46
6.0,20220726,7.74
6.0,20220727,0.2
6.0,20220728,0.75
6.0,20220729,0.73
6.0,20220730,1.37
6.0,20220731,4.17
6.0,20220801,8.36
6.0,20220802,6.98
7.0,20210902,7.02
7.0,20210903,8.8
7.0,20210904,12.16
7.0,20210905,7.22
7.0,20210906,6.91
7.0,20210907,0.43
7.0,20210908,0.06
7.0,20210909,0.15
7.0,20210910,0.53
7.0,20210911,0.06
7.0,20210912,0.17
7.0,20210913,0.05
7.0,20210914,0.04
7.0,20210915,1.77
7.0,20210916,2.6
7.0,20210917,1.42
7.0,20210918,5.01
7.0,20210919,6.04
7.0,20210920,3.03
7.0,20210921,4.59
7.0,20210922,21.25
7.0,20210923,1.37
7.0,20210924,1.87
7.0,20210925,7.28
7.0,20210926,7.13
7.0,20210927,0.08
7.0,20210928,2.25
7.0,20210929,1.48
7.0,20210930,3.93
7.0,20211001,2.28
7.0,20211002,5.59
7.0,20211003,4.45
7.0,20211004,4.71
7.0,20211005,37.11
7.0,20211006,8.39
7.0,20211007,3.17
7.0,20211008,3.81
7.0,20211009,5.3
7.0,20211010,9.41
7.0,20211011,4.31
7.0,20211012,4.16
7.0,20211013,6.49
7.0,20211014,0.24
7.0,20211015,2.84
7.0,20211016,1.62
7.0,20211017,3.02
7.0,20211018,0.37
7.0,20211019,3.3
7.0,20211020,1.74
7.0,20211021,1.85
7.0,20211022,0.51
7.0,20211023,0.54
7.0,20211024,5.98
7.0,20211025,0.93
7.0,20211026,0.98
7.0,20211027,0.75
7.0,20211028,6.67
7.0,20211029,25.07
7.0,20211030,17.88
7.0,20211031,16.09
7.0,20211101,21.37
7.0,20211102,23.68
7.0,20211103,30.77
7.0,20211104,18.47
7.0,20211105,16.95
7.0,20211106,49.77
7.0,20211107,40.64
7.0,20211108,36.4
7.0,20211109,16.97
7.0,20211110,84.05
7.0,20211111,75.19
7.0,20211112,3.63
7.0,20211113,3.72
7.0,20211114,4.74
7.0,20211115,4.57
7.0,20211116,2.4
7.0,20211117,11.0
7.0,20211118,74.21
7.0,20211119,20.62
7.0,20211120,16.63
7.0,20211121,7.5
7.0,20211122,5.0
7.0,20211123,2.29
7.0,20211124,2.87
7.0,20211125,18.25
7.0,20211126,58.61
7.0,20211127,29.98
7.0,20211128,61.12
7.0,20211129,12.76
7.0,20211130,9.8
7.0,20211201,1.22
7.0,20211202,0.03
7.0,20211203,0.14
7.0,20211204,0.01
7.0,20211205,0.15
7.0,20211206,1.22
7.0,20211207,0.09
7.0,20211208,0.38
7.0,20211209,3.98
7.0,20211210,2.35
7.0,20211211,3.71
7.0,20211212,6.0
7.0,20211213,6.87
7.0,20211214,2.34
7.0,20211215,1.6
7.0,20211216,0.48
7.0,20211217,0.15
7.0,20211218,0.0
7.0,20211219,0.0
7.0,20211220,0.0
7.0,20211221,0.0
7.0,20211222,0.0
7.0,20211223,0.0
7.0,20211224,0.0
7.0,20211225,0.0
7.0,20211226,0.0
7.0,20211227,0.41
7.0,20211228,0.87
7.0,20211229,0.92
7.0,20211230,55.65
7.0,20211231,42.52
7.0,20220101,8.69
7.0,20220102,0.5
7.0,20220103,0.02
7.0,20220104,0.01
7.0,20220105,0.02
7.0,20220106,0.04
7.0,20220107,0.03
7.0,20220108,0.0
7.0,20220109,0.0
7.0,20220110,0.0
7.0,20220111,0.02
7.0,20220112,0.14
7.0,20220113,0.95
7.0,20220114,0.68
7.0,20220115,0.64
7.0,20220116,5.86
7.0,20220117,6.17
7.0,20220118,1.52
7.0,20220119,0.47
7.0,20220120,0.0
7.0,20220121,0.0
7.0,20220122,0.0
7.0,20220123,0.59
7.0,20220124,3.1
7.0,20220125,1.19
7.0,20220126,0.7
7.0,20220127,0.19
7.0,20220128,0.26
7.0,20220129,0.08
7.0,20220130,0.0
7.0,20220131,0.0
7.0,20220201,0.0
7.0,20220202,0.0
7.0,20220203,0.0
7.0,20220204,0.0
7.0,20220205,0.04
7.0,20220206,0.0
7.0,20220207,0.0
7.0,20220208,0.0
7.0,20220209,0.0
7.0,20220210,0.13
7.0,20220211,0.25
7.0,20220212,0.07
7.0,20220213,0.0
7.0,20220214,0.03
7.0,20220215,0.01
7.0,20220216,0.0
7.0,20220217,0.0
7.0,20220218,0.0
7.0,20220219,0.0
7.0,20220220,0.0
7.0,20220221,0.0
7.0,20220222,0.03
7.0,20220223,0.0
7.0,20220224,0.0
7.0,20220225,0.0
7.0,20220226,0.01
7.0,20220227,0.0
7.0,20220228,0.0
7.0,20220301,0.0
7.0,20220302,0.0
7.0,20220303,0.0
7.0,20220304,0.06
7.0,20220305,0.01
7.0,20220306,0.89
7.0,20220307,0.21
7.0,20220308,0.0
7.0,20220309,0.0
7.0,20220310,0.0
7.0,20220311,0.0
7.0,20220312,0.0
7.0,20220313,0.01
7.0,20220314,0.0
7.0,20220315,0.0
7.0,20220316,0.0
7.0,20220317,0.0
7.0,20220318,0.0
7.0,20220319,0.01
7.0,20220320,0.08
7.0,20220321,0.49
7.0,20220322,0.87
7.0,20220323,0.01
7.0,20220324,0.01
7.0,20220325,0.0
7.0,20220326,0.0
7.0,20220327,0.0
7.0,20220328,0.0
7.0,20220329,0.0
7.0,20220330,0.0
7.0,20220331,0.01
7.0,20220401,0.0
7.0,20220402,0.01
7.0,20220403,0.0
7.0,20220404,0.01
7.0,20220405,0.0
7.0,20220406,0.05
7.0,20220407,0.1
7.0,20220408,0.14
7.0,20220409,0.14
7.0,20220410,0.66
7.0,20220411,0.26
7.0,20220412,0.07
7.0,20220413,0.11
7.0,20220414,0.02
7.0,20220415,0.02
7.0,20220416,0.03
7.0,20220417,0.42
7.0,20220418,0.33
7.0,20220419,0.03
7.0,20220420,0.02
7.0,20220421,0.01
7.0,20220422,0.02
7.0,20220423,0.04
7.0,20220424,0.0
7.0,20220425,0.0
7.0,20220426,0.0
7.0,20220427,0.0
7.0,20220428,0.0
7.0,20220429,0.02
7.0,20220430,0.01
7.0,20220501,0.38
7.0,20220502,0.99
7.0,20220503,0.48
7.0,20220504,1.98
7.0,20220505,1.93
7.0,20220506,4.02
7.0,20220507,8.16
7.0,20220508,0.52
7.0,20220509,1.28
7.0,20220510,10.74
7.0,20220511,6.44
7.0,20220512,8.99
7.0,20220513,1.16
7.0,20220514,1.15
7.0,20220515,7.5
7.0,20220516,6.12
7.0,20220517,2.55
7.0,20220518,1.4
7.0,20220519,0.45
7.0,20220520,0.4
7.0,20220521,0.02
7.0,20220522,0.03
7.0,20220523,0.01
7.0,20220524,0.07
7.0,20220525,2.43
7.0,20220526,3.13
7.0,20220527,1.93
7.0,20220528,0.08
7.0,20220529,0.13
7.0,20220530,0.09
7.0,20220531,0.03
7.0,20220601,0.01
7.0,20220602,0.0
7.0,20220603,0.01
7.0,20220604,0.01
7.0,20220605,1.81
7.0,20220606,3.7
7.0,20220607,2.57
7.0,20220608,0.38
7.0,20220609,0.26
7.0,20220610,0.21
7.0,20220611,1.31
7.0,20220612,1.97
7.0,20220613,1.48
7.0,20220614,1.54
7.0,20220615,8.16
7.0,20220616,8.64
7.0,20220617,7.47
7.0,20220618,4.74
7.0,20220619,28.85
7.0,20220620,18.31
7.0,20220621,23.54
7.0,20220622,9.51
7.0,20220623,3.63
7.0,20220624,2.55
7.0,20220625,1.99
7.0,20220626,0.65
7.0,20220627,2.44
7.0,20220628,2.59
7.0,20220629,5.16
7.0,20220630,5.14
7.0,20220701,4.5
7.0,20220702,3.0
7.0,20220703,3.04
7.0,20220704,3.24
7.0,20220705,6.45
7.0,20220706,4.59
7.0,20220707,1.75
7.0,20220708,3.76
7.0,20220709,2.01
7.0,20220710,2.79
7.0,20220711,1.15
7.0,20220712,1.38
7.0,20220713,2.29
7.0,20220714,0.31
7.0,20220715,0.09
7.0,20220716,5.09
7.0,20220717,9.42
7.0,20220718,2.0
7.0,20220719,0.94
7.0,20220720,10.14
7.0,20220721,5.89
7.0,20220722,15.58
7.0,20220723,1.46
7.0,20220724,3.4
7.0,20220725,3.46
7.0,20220726,7.74
7.0,20220727,0.2
7.0,20220728,0.75
7.0,20220729,0.73
7.0,20220730,1.37
7.0,20220731,4.17
7.0,20220801,8.36
7.0,20220802,6.98
8.0,20210902,7.02
8.0,20210903,8.8
8.0,20210904,12.16
8.0,20210905,7.22
8.0,20210906,6.91
8.0,20210907,0.43
8.0,20210908,0.06
8.0,20210909,0.15
8.0,20210910,0.53
8.0,20210911,0.06
8.0,20210912,0.17
8.0,20210913,0.05
8.0,20210914,0.04
8.0,20210915,1.77
8.0,20210916,2.6
8.0,20210917,1.42
8.0,20210918,5.01
8.0,20210919,6.04
8.0,20210920,3.03
8.0,20210921,4.59
8.0,20210922,21.25
8.0,20210923,1.37
8.0,20210924,1.87
8.0,20210925,7.28
8.0,20210926,7.13
8.0,20210927,0.08
8.0,20210928,2.25
8.0,20210929,1.48
8.0,20210930,3.93
8.0,20211001,2.28
8.0,20211002,5.59
8.0,20211003,4.45
8.0,20211004,4.71
8.0,20211005,37.11
8.0,20211006,8.39
8.0,20211007,3.17
8.0,20211008,3.81
8.0,20211009,5.3
8.0,20211010,9.41
8.0,20211011,4.31
8.0,20211012,4.16
8.0,20211013,6.49
8.0,20211014,0.24
8.0,20211015,2.84
8.0,20211016,1.62
8.0,20211017,3.02
8.0,20211018,0.37
8.0,20211019,3.3
8.0,20211020,1.74
8.0,20211021,1.85
8.0,20211022,0.51
8.0,20211023,0.54
8.0,20211024,5.98
8.0,20211025,0.93
8.0,20211026,0.98
8.0,20211027,0.75
8.0,20211028,6.67
8.0,20211029,25.07
8.0,20211030,17.88
8.0,20211031,16.09
8.0,20211101,21.37
8.0,20211102,23.68
8.0,20211103,30.77
8.0,20211104,18.47
8.0,20211105,16.95
8.0,20211106,49.77
8.0,20211107,40.64
8.0,20211108,36.4
8.0,20211109,16.97
8.0,20211110,84.05
8.0,20211111,75.19
8.0,20211112,3.63
8.0,20211113,3.72
8.0,20211114,4.74
8.0,20211115,4.57
8.0,20211116,2.4
8.0,20211117,11.0
8.0,20211118,74.21
8.0,20211119,20.62
8.0,20211120,16.63
8.0,20211121,7.5
8.0,20211122,5.0
8.0,20211123,2.29
8.0,20211124,2.87
8.0,20211125,18.25
8.0,20211126,58.61
8.0,20211127,29.98
8.0,20211128,61.12
8.0,20211129,12.76
8.0,20211130,9.8
8.0,20211201,1.22
8.0,20211202,0.03
8.0,20211203,0.14
8.0,20211204,0.01
8.0,20211205,0.15
8.0,20211206,1.22
8.0,20211207,0.09
8.0,20211208,0.38
8.0,20211209,3.98
8.0,20211210,2.35
8.0,20211211,3.71
8.0,20211212,6.0
8.0,20211213,6.87
8.0,20211214,2.34
8.0,20211215,1.6
8.0,20211216,0.48
8.0,20211217,0.15
8.0,20211218,0.0
8.0,20211219,0.0
8.0,20211220,0.0
8.0,20211221,0.0
8.0,20211222,0.0
8.0,20211223,0.0
8.0,20211224,0.0
8.0,20211225,0.0
8.0,20211226,0.0
8.0,20211227,0.41
8.0,20211228,0.87
8.0,20211229,0.92
8.0,20211230,55.65
8.0,20211231,42.52
8.0,20220101,8.69
8.0,20220102,0.5
8.0,20220103,0.02
8.0,20220104,0.01
8.0,20220105,0.02
8.0,20220106,0.04
8.0,20220107,0.03
8.0,20220108,0.0
8.0,20220109,0.0
8.0,20220110,0.0
8.0,20220111,0.02
8.0,20220112,0.14
8.0,20220113,0.95
8.0,20220114,0.68
8.0,20220115,0.64
8.0,20220116,5.86
8.0,20220117,6.17
8.0,20220118,1.52
8.0,20220119,0.47
8.0,20220120,0.0
8.0,20220121,0.0
8.0,20220122,0.0
8.0,20220123,0.59
8.0,20220124,3.1
8.0,20220125,1.19
8.0,20220126,0.7
8.0,20220127,0.19
8.0,20220128,0.26
8.0,20220129,0.08
8.0,20220130,0.0
8.0,20220131,0.0
8.0,20220201,0.0
8.0,20220202,0.0
8.0,20220203,0.0
8.0,20220204,0.0
8.0,20220205,0.04
8.0,20220206,0.0
8.0,20220207,0.0
8.0,20220208,0.0
8.0,20220209,0.0
8.0,20220210,0.13
8.0,20220211,0.25
8.0,20220212,0.07
8.0,20220213,0.0
8.0,20220214,0.03
8.0,20220215,0.01
8.0,20220216,0.0
8.0,20220217,0.0
8.0,20220218,0.0
8.0,20220219,0.0
8.0,20220220,0.0
8.0,20220221,0.0
8.0,20220222,0.03
8.0,20220223,0.0
8.0,20220224,0.0
8.0,20220225,0.0
8.0,20220226,0.01
8.0,20220227,0.0
8.0,20220228,0.0
8.0,20220301,0.0
8.0,20220302,0.0
8.0,20220303,0.0
8.0,20220304,0.06
8.0,20220305,0.01
8.0,20220306,0.89
8.0,20220307,0.21
8.0,20220308,0.0
8.0,20220309,0.0
8.0,20220310,0.0
8.0,20220311,0.0
8.0,20220312,0.0
8.0,20220313,0.01
8.0,20220314,0.0
8.0,20220315,0.0
8.0,20220316,0.0
8.0,20220317,0.0
8.0,20220318,0.0
8.0,20220319,0.01
8.0,20220320,0.08
8.0,20220321,0.49
8.0,20220322,0.87
8.0,20220323,0.01
8.0,20220324,0.01
8.0,20220325,0.0
8.0,20220326,0.0
8.0,20220327,0.0
8.0,20220328,0.0
8.0,20220329,0.0
8.0,20220330,0.0
8.0,20220331,0.01
8.0,20220401,0.0
8.0,20220402,0.01
8.0,20220403,0.0
8.0,20220404,0.01
8.0,20220405,0.0
8.0,20220406,0.05
8.0,20220407,0.1
8.0,20220408,0.14
8.0,20220409,0.14
8.0,20220410,0.66
8.0,20220411,0.26
8.0,20220412,0.07
8.0,20220413,0.11
8.0,20220414,0.02
8.0,20220415,0.02
8.0,20220416,0.03
8.0,20220417,0.42
8.0,20220418,0.33
8.0,20220419,0.03
8.0,20220420,0.02
8.0,20220421,0.01
8.0,20220422,0.02
8.0,20220423,0.04
8.0,20220424,0.0
8.0,20220425,0.0
8.0,20220426,0.0
8.0,20220427,0.0
8.0,20220428,0.0
8.0,20220429,0.02
8.0,20220430,0.01
8.0,20220501,0.38
8.0,20220502,0.99
8.0,20220503,0.48
8.0,20220504,1.98
8.0,20220505,1.93
8.0,20220506,4.02
8.0,20220507,8.16
8.0,20220508,0.52
8.0,20220509,1.28
8.0,20220510,10.74
8.0,20220511,6.44
8.0,20220512,8.99
8.0,20220513,1.16
8.0,20220514,1.15
8.0,20220515,7.5
8.0,20220516,6.12
8.0,20220517,2.55
8.0,20220518,1.4
8.0,20220519,0.45
8.0,20220520,0.4
8.0,20220521,0.02
8.0,20220522,0.03
8.0,20220523,0.01
8.0,20220524,0.07
8.0,20220525,2.43
8.0,20220526,3.13
8.0,20220527,1.93
8.0,20220528,0.08
8.0,20220529,0.13
8.0,20220530,0.09
8.0,20220531,0.03
8.0,20220601,0.01
8.0,20220602,0.0
8.0,20220603,0.01
8.0,20220604,0.01
8.0,20220605,1.81
8.0,20220606,3.7
8.0,20220607,2.57
8.0,20220608,0.38
8.0,20220609,0.26
8.0,20220610,0.21
8.0,20220611,1.31
8.0,20220612,1.97
8.0,20220613,1.48
8.0,20220614,1.54
8.0,20220615,8.16
8.0,20220616,8.64
8.0,20220617,7.47
8.0,20220618,4.74
8.0,20220619,28.85
8.0,20220620,18.31
8.0,20220621,23.54
8.0,20220622,9.51
8.0,20220623,3.63
8.0,20220624,2.55
8.0,20220625,1.99
8.0,20220626,0.65
8.0,20220627,2.44
8.0,20220628,2.59
8.0,20220629,5.16
8.0,20220630,5.14
8.0,20220701,4.5
8.0,20220702,3.0
8.0,20220703,3.04
8.0,20220704,3.24
8.0,20220705,6.45
8.0,20220706,4.59
8.0,20220707,1.75
8.0,20220708,3.76
8.0,20220709,2.01
8.0,20220710,2.79
8.0,20220711,1.15
8.0,20220712,1.38
8.0,20220713,2.29
8.0,20220714,0.31
8.0,20220715,0.09
8.0,20220716,5.09
8.0,20220717,9.42
8.0,20220718,2.0
8.0,20220719,0.94
8.0,20220720,10.14
8.0,20220721,5.89
8.0,20220722,15.58
8.0,20220723,1.46
8.0,20220724,3.4
8.0,20220725,3.46
8.0,20220726,7.74
8.0,20220727,0.2
8.0,20220728,0.75
8.0,20220729,0.73
8.0,20220730,1.37
8.0,20220731,4.17
8.0,20220801,8.36
8.0,20220802,6.98
9.0,20210902,7.02
9.0,20210903,8.8
9.0,20210904,12.16
9.0,20210905,7.22
9.0,20210906,6.91
9.0,20210907,0.43
9.0,20210908,0.06
9.0,20210909,0.15
9.0,20210910,0.53
9.0,20210911,0.06
9.0,20210912,0.17
9.0,20210913,0.05
9.0,20210914,0.04
9.0,20210915,1.77
9.0,20210916,2.6
9.0,20210917,1.42
9.0,20210918,5.01
9.0,20210919,6.04
9.0,20210920,3.03
9.0,20210921,4.59
9.0,20210922,21.25
9.0,20210923,1.37
9.0,20210924,1.87
9.0,20210925,7.28
9.0,20210926,7.13
9.0,20210927,0.08
9.0,20210928,2.25
9.0,20210929,1.48
9.0,20210930,3.93
9.0,20211001,2.28
9.0,20211002,5.59
9.0,20211003,4.45
9.0,20211004,4.71
9.0,20211005,37.11
9.0,20211006,8.39
9.0,20211007,3.17
9.0,20211008,3.81
9.0,20211009,5.3
9.0,20211010,9.41
9.0,20211011,4.31
9.0,20211012,4.16
9.0,20211013,6.49
9.0,20211014,0.24
9.0,20211015,2.84
9.0,20211016,1.62
9.0,20211017,3.02
9.0,20211018,0.37
9.0,20211019,3.3
9.0,20211020,1.74
9.0,20211021,1.85
9.0,20211022,0.51
9.0,20211023,0.54
9.0,20211024,5.98
9.0,20211025,0.93
9.0,20211026,0.98
9.0,20211027,0.75
9.0,20211028,6.67
9.0,20211029,25.07
9.0,20211030,17.88
9.0,20211031,16.09
9.0,20211101,21.37
9.0,20211102,23.68
9.0,20211103,30.77
9.0,20211104,18.47
9.0,20211105,16.95
9.0,20211106,49.77
9.0,20211107,40.64
9.0,20211108,36.4
9.0,20211109,16.97
9.0,20211110,84.05
9.0,20211111,75.19
9.0,20211112,3.63
9.0,20211113,3.72
9.0,20211114,4.74
9.0,20211115,4.57
9.0,20211116,2.4
9.0,20211117,11.0
9.0,20211118,74.21
9.0,20211119,20.62
9.0,20211120,16.63
9.0,20211121,7.5
9.0,20211122,5.0
9.0,20211123,2.29
9.0,20211124,2.87
9.0,20211125,18.25
9.0,20211126,58.61
9.0,20211127,29.98
9.0,20211128,61.12
9.0,20211129,12.76
9.0,20211130,9.8
9.0,20211201,1.22
9.0,20211202,0.03
9.0,20211203,0.14
9.0,20211204,0.01
9.0,20211205,0.15
9.0,20211206,1.22
9.0,20211207,0.09
9.0,20211208,0.38
9.0,20211209,3.98
9.0,20211210,2.35
9.0,20211211,3.71
9.0,20211212,6.0
9.0,20211213,6.87
9.0,20211214,2.34
9.0,20211215,1.6
9.0,20211216,0.48
9.0,20211217,0.15
9.0,20211218,0.0
9.0,20211219,0.0
9.0,20211220,0.0
9.0,20211221,0.0
9.0,20211222,0.0
9.0,20211223,0.0
9.0,20211224,0.0
9.0,20211225,0.0
9.0,20211226,0.0
9.0,20211227,0.41
9.0,20211228,0.87
9.0,20211229,0.92
9.0,20211230,55.65
9.0,20211231,42.52
9.0,20220101,8.69
9.0,20220102,0.5
9.0,20220103,0.02
9.0,20220104,0.01
9.0,20220105,0.02
9.0,20220106,0.04
9.0,20220107,0.03
9.0,20220108,0.0
9.0,20220109,0.0
9.0,20220110,0.0
9.0,20220111,0.02
9.0,20220112,0.14
9.0,20220113,0.95
9.0,20220114,0.68
9.0,20220115,0.64
9.0,20220116,5.86
9.0,20220117,6.17
9.0,20220118,1.52
9.0,20220119,0.47
9.0,20220120,0.0
9.0,20220121,0.0
9.0,20220122,0.0
9.0,20220123,0.59
9.0,20220124,3.1
9.0,20220125,1.19
9.0,20220126,0.7
9.0,20220127,0.19
9.0,20220128,0.26
9.0,20220129,0.08
9.0,20220130,0.0
9.0,20220131,0.0
9.0,20220201,0.0
9.0,20220202,0.0
9.0,20220203,0.0
9.0,20220204,0.0
9.0,20220205,0.04
9.0,20220206,0.0
9.0,20220207,0.0
9.0,20220208,0.0
9.0,20220209,0.0
9.0,20220210,0.13
9.0,20220211,0.25
9.0,20220212,0.07
9.0,20220213,0.0
9.0,20220214,0.03
9.0,20220215,0.01
9.0,20220216,0.0
9.0,20220217,0.0
9.0,20220218,0.0
9.0,20220219,0.0
9.0,20220220,0.0
9.0,20220221,0.0
9.0,20220222,0.03
9.0,20220223,0.0
9.0,20220224,0.0
9.0,20220225,0.0
9.0,20220226,0.01
9.0,20220227,0.0
9.0,20220228,0.0
9.0,20220301,0.0
9.0,20220302,0.0
9.0,20220303,0.0
9.0,20220304,0.06
9.0,20220305,0.01
9.0,20220306,0.89
9.0,20220307,0.21
9.0,20220308,0.0
9.0,20220309,0.0
9.0,20220310,0.0
9.0,20220311,0.0
9.0,20220312,0.0
9.0,20220313,0.01
9.0,20220314,0.0
9.0,20220315,0.0
9.0,20220316,0.0
9.0,20220317,0.0
9.0,20220318,0.0
9.0,20220319,0.01
9.0,20220320,0.08
9.0,20220321,0.49
9.0,20220322,0.87
9.0,20220323,0.01
9.0,20220324,0.01
9.0,20220325,0.0
9.0,20220326,0.0
9.0,20220327,0.0
9.0,20220328,0.0
9.0,20220329,0.0
9.0,20220330,0.0
9.0,20220331,0.01
9.0,20220401,0.0
9.0,20220402,0.01
9.0,20220403,0.0
9.0,20220404,0.01
9.0,20220405,0.0
9.0,20220406,0.05
9.0,20220407,0.1
9.0,20220408,0.14
9.0,20220409,0.14
9.0,20220410,0.66
9.0,20220411,0.26
9.0,20220412,0.07
9.0,20220413,0.11
9.0,20220414,0.02
9.0,20220415,0.02
9.0,20220416,0.03
9.0,20220417,0.42
9.0,20220418,0.33
9.0,20220419,0.03
9.0,20220420,0.02
9.0,20220421,0.01
9.0,20220422,0.02
9.0,20220423,0.04
9.0,20220424,0.0
9.0,20220425,0.0
9.0,20220426,0.0
9.0,20220427,0.0
9.0,20220428,0.0
9.0,20220429,0.02
9.0,20220430,0.01
9.0,20220501,0.38
9.0,20220502,0.99
9.0,20220503,0.48
9.0,20220504,1.98
9.0,20220505,1.93
9.0,20220506,4.02
9.0,20220507,8.16
9.0,20220508,0.52
9.0,20220509,1.28
9.0,20220510,10.74
9.0,20220511,6.44
9.0,20220512,8.99
9.0,20220513,1.16
9.0,20220514,1.15
9.0,20220515,7.5
9.0,20220516,6.12
9.0,20220517,2.55
9.0,20220518,1.4
9.0,20220519,0.45
9.0,20220520,0.4
9.0,20220521,0.02
9.0,20220522,0.03
9.0,20220523,0.01
9.0,20220524,0.07
9.0,20220525,2.43
9.0,20220526,3.13
9.0,20220527,1.93
9.0,20220528,0.08
9.0,20220529,0.13
9.0,20220530,0.09
9.0,20220531,0.03
9.0,20220601,0.01
9.0,20220602,0.0
9.0,20220603,0.01
9.0,20220604,0.01
9.0,20220605,1.81
9.0,20220606,3.7
9.0,20220607,2.57
9.0,20220608,0.38
9.0,20220609,0.26
9.0,20220610,0.21
9.0,20220611,1.31
9.0,20220612,1.97
9.0,20220613,1.48
9.0,20220614,1.54
9.0,20220615,8.16
9.0,20220616,8.64
9.0,20220617,7.47
9.0,20220618,4.74
9.0,20220619,28.85
9.0,20220620,18.31
9.0,20220621,23.54
9.0,20220622,9.51
9.0,20220623,3.63
9.0,20220624,2.55
9.0,20220625,1.99
9.0,20220626,0.65
9.0,20220627,2.44
9.0,20220628,2.59
9.0,20220629,5.16
9.0,20220630,5.14
9.0,20220701,4.5
9.0,20220702,3.0
9.0,20220703,3.04
9.0,20220704,3.24
9.0,20220705,6.45
9.0,20220706,4.59
9.0,20220707,1.75
9.0,20220708,3.76
9.0,20220709,2.01
9.0,20220710,2.79
9.0,20220711,1.15
9.0,20220712,1.38
9.0,20220713,2.29
9.0,20220714,0.31
9.0,20220715,0.09
9.0,20220716,5.09
9.0,20220717,9.42
9.0,20220718,2.0
9.0,20220719,0.94
9.0,20220720,10.14
9.0,20220721,5.89
9.0,20220722,15.58
9.0,20220723,1.46
9.0,20220724,3.4
9.0,20220725,3.46
9.0,20220726,7.74
9.0,20220727,0.2
9.0,20220728,0.75
9.0,20220729,0.73
9.0,20220730,1.37
9.0,20220731,4.17
9.0,20220801,8.36
9.0,20220802,6.98
10.0,20210902,7.02
10.0,20210903,8.8
10.0,20210904,12.16
10.0,20210905,7.22
10.0,20210906,6.91
10.0,20210907,0.43
10.0,20210908,0.06
10.0,20210909,0.15
10.0,20210910,0.53
10.0,20210911,0.06
10.0,20210912,0.17
10.0,20210913,0.05
10.0,20210914,0.04
10.0,20210915,1.77
10.0,20210916,2.6
10.0,20210917,1.42
10.0,20210918,5.01
10.0,20210919,6.04
10.0,20210920,3.03
10.0,20210921,4.59
10.0,20210922,21.25
10.0,20210923,1.37
10.0,20210924,1.87
10.0,20210925,7.28
10.0,20210926,7.13
10.0,20210927,0.08
10.0,20210928,2.25
10.0,20210929,1.48
10.0,20210930,3.93
10.0,20211001,2.28
10.0,20211002,5.59
10.0,20211003,4.45
10.0,20211004,4.71
10.0,20211005,37.11
10.0,20211006,8.39
10.0,20211007,3.17
10.0,20211008,3.81
10.0,20211009,5.3
10.0,20211010,9.41
10.0,20211011,4.31
10.0,20211012,4.16
10.0,20211013,6.49
10.0,20211014,0.24
10.0,20211015,2.84
10.0,20211016,1.62
10.0,20211017,3.02
10.0,20211018,0.37
10.0,20211019,3.3
10.0,20211020,1.74
10.0,20211021,1.85
10.0,20211022,0.51
10.0,20211023,0.54
10.0,20211024,5.98
10.0,20211025,0.93
10.0,20211026,0.98
10.0,20211027,0.75
10.0,20211028,6.67
10.0,20211029,25.07
10.0,20211030,17.88
10.0,20211031,16.09
10.0,20211101,21.37
10.0,20211102,23.68
10.0,20211103,30.77
10.0,20211104,18.47
10.0,20211105,16.95
10.0,20211106,49.77
10.0,20211107,40.64
10.0,20211108,36.4
10.0,20211109,16.97
10.0,20211110,84.05
10.0,20211111,75.19
10.0,20211112,3.63
10.0,20211113,3.72
10.0,20211114,4.74
10.0,20211115,4.57
10.0,20211116,2.4
10.0,20211117,11.0
10.0,20211118,74.21
10.0,20211119,20.62
10.0,20211120,16.63
10.0,20211121,7.5
10.0,20211122,5.0
10.0,20211123,2.29
10.0,20211124,2.87
10.0,20211125,18.25
10.0,20211126,58.61
10.0,20211127,29.98
10.0,20211128,61.12
10.0,20211129,12.76
10.0,20211130,9.8
10.0,20211201,1.22
10.0,20211202,0.03
10.0,20211203,0.14
10.0,20211204,0.01
10.0,20211205,0.15
10.0,20211206,1.22
10.0,20211207,0.09
10.0,20211208,0.38
10.0,20211209,3.98
10.0,20211210,2.35
10.0,20211211,3.71
10.0,20211212,6.0
10.0,20211213,6.87
10.0,20211214,2.34
10.0,20211215,1.6
10.0,20211216,0.48
10.0,20211217,0.15
10.0,20211218,0.0
10.0,20211219,0.0
10.0,20211220,0.0
10.0,20211221,0.0
10.0,20211222,0.0
10.0,20211223,0.0
10.0,20211224,0.0
10.0,20211225,0.0
10.0,20211226,0.0
10.0,20211227,0.41
10.0,20211228,0.87
10.0,20211229,0.92
10.0,20211230,55.65
10.0,20211231,42.52
10.0,20220101,8.69
10.0,20220102,0.5
10.0,20220103,0.02
10.0,20220104,0.01
10.0,20220105,0.02
10.0,20220106,0.04
10.0,20220107,0.03
10.0,20220108,0.0
10.0,20220109,0.0
10.0,20220110,0.0
10.0,20220111,0.02
10.0,20220112,0.14
10.0,20220113,0.95
10.0,20220114,0.68
10.0,20220115,0.64
10.0,20220116,5.86
10.0,20220117,6.17
10.0,20220118,1.52
10.0,20220119,0.47
10.0,20220120,0.0
10.0,20220121,0.0
10.0,20220122,0.0
10.0,20220123,0.59
10.0,20220124,3.1
10.0,20220125,1.19
10.0,20220126,0.7
10.0,20220127,0.19
10.0,20220128,0.26
10.0,20220129,0.08
10.0,20220130,0.0
10.0,20220131,0.0
10.0,20220201,0.0
10.0,20220202,0.0
10.0,20220203,0.0
10.0,20220204,0.0
10.0,20220205,0.04
10.0,20220206,0.0
10.0,20220207,0.0
10.0,20220208,0.0
10.0,20220209,0.0
10.0,20220210,0.13
10.0,20220211,0.25
10.0,20220212,0.07
10.0,20220213,0.0
10.0,20220214,0.03
10.0,20220215,0.01
10.0,20220216,0.0
10.0,20220217,0.0
10.0,20220218,0.0
10.0,20220219,0.0
10.0,20220220,0.0
10.0,20220221,0.0
10.0,20220222,0.03
10.0,20220223,0.0
10.0,20220224,0.0
10.0,20220225,0.0
10.0,20220226,0.01
10.0,20220227,0.0
10.0,20220228,0.0
10.0,20220301,0.0
10.0,20220302,0.0
10.0,20220303,0.0
10.0,20220304,0.06
10.0,20220305,0.01
10.0,20220306,0.89
10.0,20220307,0.21
10.0,20220308,0.0
10.0,20220309,0.0
10.0,20220310,0.0
10.0,20220311,0.0
10.0,20220312,0.0
10.0,20220313,0.01
10.0,20220314,0.0
10.0,20220315,0.0
10.0,20220316,0.0
10.0,20220317,0.0
10.0,20220318,0.0
10.0,20220319,0.01
10.0,20220320,0.08
10.0,20220321,0.49
10.0,20220322,0.87
10.0,20220323,0.01
10.0,20220324,0.01
10.0,20220325,0.0
10.0,20220326,0.0
10.0,20220327,0.0
10.0,20220328,0.0
10.0,20220329,0.0
10.0,20220330,0.0
10.0,20220331,0.01
10.0,20220401,0.0
10.0,20220402,0.01
10.0,20220403,0.0
10.0,20220404,0.01
10.0,20220405,0.0
10.0,20220406,0.05
10.0,20220407,0.1
10.0,20220408,0.14
10.0,20220409,0.14
10.0,20220410,0.66
10.0,20220411,0.26
10.0,20220412,0.07
10.0,20220413,0.11
10.0,20220414,0.02
10.0,20220415,0.02
10.0,20220416,0.03
10.0,20220417,0.42
10.0,20220418,0.33
10.0,20220419,0.03
10.0,20220420,0.02
10.0,20220421,0.01
10.0,20220422,0.02
10.0,20220423,0.04
10.0,20220424,0.0
10.0,20220425,0.0
10.0,20220426,0.0
10.0,20220427,0.0
10.0,20220428,0.0
10.0,20220429,0.02
10.0,20220430,0.01
10.0,20220501,0.38
10.0,20220502,0.99
10.0,20220503,0.48
10.0,20220504,1.98
10.0,20220505,1.93
10.0,20220506,4.02
10.0,20220507,8.16
10.0,20220508,0.52
10.0,20220509,1.28
10.0,20220510,10.74
10.0,20220511,6.44
10.0,20220512,8.99
10.0,20220513,1.16
10.0,20220514,1.15
10.0,20220515,7.5
10.0,20220516,6.12
10.0,20220517,2.55
10.0,20220518,1.4
10.0,20220519,0.45
10.0,20220520,0.4
10.0,20220521,0.02
10.0,20220522,0.03
10.0,20220523,0.01
10.0,20220524,0.07
10.0,20220525,2.43
10.0,20220526,3.13
10.0,20220527,1.93
10.0,20220528,0.08
10.0,20220529,0.13
10.0,20220530,0.09
10.0,20220531,0.03
10.0,20220601,0.01
10.0,20220602,0.0
10.0,20220603,0.01
10.0,20220604,0.01
10.0,20220605,1.81
10.0,20220606,3.7
10.0,20220607,2.57
10.0,20220608,0.38
10.0,20220609,0.26
10.0,20220610,0.21
10.0,20220611,1.31
10.0,20220612,1.97
10.0,20220613,1.48
10.0,20220614,1.54
10.0,20220615,8.16
10.0,20220616,8.64
10.0,20220617,7.47
10.0,20220618,4.74
10.0,20220619,28.85
10.0,20220620,18.31
10.0,20220621,23.54
10.0,20220622,9.51
10.0,20220623,3.63
10.0,20220624,2.55
10.0,20220625,1.99
10.0,20220626,0.65
10.0,20220627,2.44
10.0,20220628,2.59
10.0,20220629,5.16
10.0,20220630,5.14
10.0,20220701,4.5
10.0,20220702,3.0
10.0,20220703,3.04
10.0,20220704,3.24
10.0,20220705,6.45
10.0,20220706,4.59
10.0,20220707,1.75
10.0,20220708,3.76
10.0,20220709,2.01
10.0,20220710,2.79
10.0,20220711,1.15
10.0,20220712,1.38
10.0,20220713,2.29
10.0,20220714,0.31
10.0,20220715,0.09
10.0,20220716,5.09
10.0,20220717,9.42
10.0,20220718,2.0
10.0,20220719,0.94
10.0,20220720,10.14
10.0,20220721,5.89
10.0,20220722,15.58
10.0,20220723,1.46
10.0,20220724,3.4
10.0,20220725,3.46
10.0,20220726,7.74
10.0,20220727,0.2
10.0,20220728,0.75
10.0,20220729,0.73
10.0,20220730,1.37
10.0,20220731,4.17
10.0,20220801,8.36
10.0,20220802,6.98
11.0,20210902,7.02
11.0,20210903,8.8
11.0,20210904,12.16
11.0,20210905,7.22
11.0,20210906,6.91
11.0,20210907,0.43
11.0,20210908,0.06
11.0,20210909,0.15
11.0,20210910,0.53
11.0,20210911,0.06
11.0,20210912,0.17
11.0,20210913,0.05
11.0,20210914,0.04
11.0,20210915,1.77
11.0,20210916,2.6
11.0,20210917,1.42
11.0,20210918,5.01
11.0,20210919,6.04
11.0,20210920,3.03
11.0,20210921,4.59
11.0,20210922,21.25
11.0,20210923,1.37
11.0,20210924,1.87
11.0,20210925,7.28
11.0,20210926,7.13
11.0,20210927,0.08
11.0,20210928,2.25
11.0,20210929,1.48
11.0,20210930,3.93
11.0,20211001,2.28
11.0,20211002,5.59
11.0,20211003,4.45
11.0,20211004,4.71
11.0,20211005,37.11
11.0,20211006,8.39
11.0,20211007,3.17
11.0,20211008,3.81
11.0,20211009,5.3
11.0,20211010,9.41
11.0,20211011,4.31
11.0,20211012,4.16
11.0,20211013,6.49
11.0,20211014,0.24
11.0,20211015,2.84
11.0,20211016,1.62
11.0,20211017,3.02
11.0,20211018,0.37
11.0,20211019,3.3
11.0,20211020,1.74
11.0,20211021,1.85
11.0,20211022,0.51
11.0,20211023,0.54
11.0,20211024,5.98
11.0,20211025,0.93
11.0,20211026,0.98
11.0,20211027,0.75
11.0,20211028,6.67
11.0,20211029,25.07
11.0,20211030,17.88
11.0,20211031,16.09
11.0,20211101,21.37
11.0,20211102,23.68
11.0,20211103,30.77
11.0,20211104,18.47
11.0,20211105,16.95
11.0,20211106,49.77
11.0,20211107,40.64
11.0,20211108,36.4
11.0,20211109,16.97
11.0,20211110,84.05
11.0,20211111,75.19
11.0,20211112,3.63
11.0,20211113,3.72
11.0,20211114,4.74
11.0,20211115,4.57
11.0,20211116,2.4
11.0,20211117,11.0
11.0,20211118,74.21
11.0,20211119,20.62
11.0,20211120,16.63
11.0,20211121,7.5
11.0,20211122,5.0
11.0,20211123,2.29
11.0,20211124,2.87
11.0,20211125,18.25
11.0,20211126,58.61
11.0,20211127,29.98
11.0,20211128,61.12
11.0,20211129,12.76
11.0,20211130,9.8
11.0,20211201,1.22
11.0,20211202,0.03
11.0,20211203,0.14
11.0,20211204,0.01
11.0,20211205,0.15
11.0,20211206,1.22
11.0,20211207,0.09
11.0,20211208,0.38
11.0,20211209,3.98
11.0,20211210,2.35
11.0,20211211,3.71
11.0,20211212,6.0
11.0,20211213,6.87
11.0,20211214,2.34
11.0,20211215,1.6
11.0,20211216,0.48
11.0,20211217,0.15
11.0,20211218,0.0
11.0,20211219,0.0
11.0,20211220,0.0
11.0,20211221,0.0
11.0,20211222,0.0
11.0,20211223,0.0
11.0,20211224,0.0
11.0,20211225,0.0
11.0,20211226,0.0
11.0,20211227,0.41
11.0,20211228,0.87
11.0,20211229,0.92
11.0,20211230,55.65
11.0,20211231,42.52
11.0,20220101,8.69
11.0,20220102,0.5
11.0,20220103,0.02
11.0,20220104,0.01
11.0,20220105,0.02
11.0,20220106,0.04
11.0,20220107,0.03
11.0,20220108,0.0
11.0,20220109,0.0
11.0,20220110,0.0
11.0,20220111,0.02
11.0,20220112,0.14
11.0,20220113,0.95
11.0,20220114,0.68
11.0,20220115,0.64
11.0,20220116,5.86
11.0,20220117,6.17
11.0,20220118,1.52
11.0,20220119,0.47
11.0,20220120,0.0
11.0,20220121,0.0
11.0,20220122,0.0
11.0,20220123,0.59
11.0,20220124,3.1
11.0,20220125,1.19
11.0,20220126,0.7
11.0,20220127,0.19
11.0,20220128,0.26
11.0,20220129,0.08
11.0,20220130,0.0
11.0,20220131,0.0
11.0,20220201,0.0
11.0,20220202,0.0
11.0,20220203,0.0
11.0,20220204,0.0
11.0,20220205,0.04
11.0,20220206,0.0
11.0,20220207,0.0
11.0,20220208,0.0
11.0,20220209,0.0
11.0,20220210,0.13
11.0,20220211,0.25
11.0,20220212,0.07
11.0,20220213,0.0
11.0,20220214,0.03
11.0,20220215,0.01
11.0,20220216,0.0
11.0,20220217,0.0
11.0,20220218,0.0
11.0,20220219,0.0
11.0,20220220,0.0
11.0,20220221,0.0
11.0,20220222,0.03
11.0,20220223,0.0
11.0,20220224,0.0
11.0,20220225,0.0
11.0,20220226,0.01
11.0,20220227,0.0
11.0,20220228,0.0
11.0,20220301,0.0
11.0,20220302,0.0
11.0,20220303,0.0
11.0,20220304,0.06
11.0,20220305,0.01
11.0,20220306,0.89
11.0,20220307,0.21
11.0,20220308,0.0
11.0,20220309,0.0
11.0,20220310,0.0
11.0,20220311,0.0
11.0,20220312,0.0
11.0,20220313,0.01
11.0,20220314,0.0
11.0,20220315,0.0
11.0,20220316,0.0
11.0,20220317,0.0
11.0,20220318,0.0
11.0,20220319,0.01
11.0,20220320,0.08
11.0,20220321,0.49
11.0,20220322,0.87
11.0,20220323,0.01
11.0,20220324,0.01
11.0,20220325,0.0
11.0,20220326,0.0
11.0,20220327,0.0
11.0,20220328,0.0
11.0,20220329,0.0
11.0,20220330,0.0
11.0,20220331,0.01
11.0,20220401,0.0
11.0,20220402,0.01
11.0,20220403,0.0
11.0,20220404,0.01
11.0,20220405,0.0
11.0,20220406,0.05
11.0,20220407,0.1
11.0,20220408,0.14
11.0,20220409,0.14
11.0,20220410,0.66
11.0,20220411,0.26
11.0,20220412,0.07
11.0,20220413,0.11
11.0,20220414,0.02
11.0,20220415,0.02
11.0,20220416,0.03
11.0,20220417,0.42
11.0,20220418,0.33
11.0,20220419,0.03
11.0,20220420,0.02
11.0,20220421,0.01
11.0,20220422,0.02
11.0,20220423,0.04
11.0,20220424,0.0
11.0,20220425,0.0
11.0,20220426,0.0
11.0,20220427,0.0
11.0,20220428,0.0
11.0,20220429,0.02
11.0,20220430,0.01
11.0,20220501,0.38
11.0,20220502,0.99
11.0,20220503,0.48
11.0,20220504,1.98
11.0,20220505,1.93
11.0,20220506,4.02
11.0,20220507,8.16
11.0,20220508,0.52
11.0,20220509,1.28
11.0,20220510,10.74
11.0,20220511,6.44
11.0,20220512,8.99
11.0,20220513,1.16
11.0,20220514,1.15
11.0,20220515,7.5
11.0,20220516,6.12
11.0,20220517,2.55
11.0,20220518,1.4
11.0,20220519,0.45
11.0,20220520,0.4
11.0,20220521,0.02
11.0,20220522,0.03
11.0,20220523,0.01
11.0,20220524,0.07
11.0,20220525,2.43
11.0,20220526,3.13
11.0,20220527,1.93
11.0,20220528,0.08
11.0,20220529,0.13
11.0,20220530,0.09
11.0,20220531,0.03
11.0,20220601,0.01
11.0,20220602,0.0
11.0,20220603,0.01
11.0,20220604,0.01
11.0,20220605,1.81
11.0,20220606,3.7
11.0,20220607,2.57
11.0,20220608,0.38
11.0,20220609,0.26
11.0,20220610,0.21
11.0,20220611,1.31
11.0,20220612,1.97
11.0,20220613,1.48
11.0,20220614,1.54
11.0,20220615,8.16
11.0,20220616,8.64
11.0,20220617,7.47
11.0,20220618,4.74
11.0,20220619,28.85
11.0,20220620,18.31
11.0,20220621,23.54
11.0,20220622,9.51
11.0,20220623,3.63
11.0,20220624,2.55
11.0,20220625,1.99
11.0,20220626,0.65
11.0,20220627,2.44
11.0,20220628,2.59
11.0,20220629,5.16
11.0,20220630,5.14
11.0,20220701,4.5
11.0,20220702,3.0
11.0,20220703,3.04
11.0,20220704,3.24
11.0,20220705,6.45
11.0,20220706,4.59
11.0,20220707,1.75
11.0,20220708,3.76
11.0,20220709,2.01
11.0,20220710,2.79
11.0,20220711,1.15
11.0,20220712,1.38
11.0,20220713,2.29
11.0,20220714,0.31
11.0,20220715,0.09
11.0,20220716,5.09
11.0,20220717,9.42
11.0,20220718,2.0
11.0,20220719,0.94
11.0,20220720,10.14
11.0,20220721,5.89
11.0,20220722,15.58
11.0,20220723,1.46
11.0,20220724,3.4
11.0,20220725,3.46
11.0,20220726,7.74
11.0,20220727,0.2
11.0,20220728,0.75
11.0,20220729,0.73
11.0,20220730,1.37
11.0,20220731,4.17
11.0,20220801,8.36
11.0,20220802,6.98
12.0,20210902,7.02
12.0,20210903,8.8
12.0,20210904,12.16
12.0,20210905,7.22
12.0,20210906,6.91
12.0,20210907,0.43
12.0,20210908,0.06
12.0,20210909,0.15
12.0,20210910,0.53
12.0,20210911,0.06
12.0,20210912,0.17
12.0,20210913,0.05
12.0,20210914,0.04
12.0,20210915,1.77
12.0,20210916,2.6
12.0,20210917,1.42
12.0,20210918,5.01
12.0,20210919,6.04
12.0,20210920,3.03
12.0,20210921,4.59
12.0,20210922,21.25
12.0,20210923,1.37
12.0,20210924,1.87
12.0,20210925,7.28
12.0,20210926,7.13
12.0,20210927,0.08
12.0,20210928,2.25
12.0,20210929,1.48
12.0,20210930,3.93
12.0,20211001,2.28
12.0,20211002,5.59
12.0,20211003,4.45
12.0,20211004,4.71
12.0,20211005,37.11
12.0,20211006,8.39
12.0,20211007,3.17
12.0,20211008,3.81
12.0,20211009,5.3
12.0,20211010,9.41
12.0,20211011,4.31
12.0,20211012,4.16
12.0,20211013,6.49
12.0,20211014,0.24
12.0,20211015,2.84
12.0,20211016,1.62
12.0,20211017,3.02
12.0,20211018,0.37
12.0,20211019,3.3
12.0,20211020,1.74
12.0,20211021,1.85
12.0,20211022,0.51
12.0,20211023,0.54
12.0,20211024,5.98
12.0,20211025,0.93
12.0,20211026,0.98
12.0,20211027,0.75
12.0,20211028,6.67
12.0,20211029,25.07
12.0,20211030,17.88
12.0,20211031,16.09
12.0,20211101,21.37
12.0,20211102,23.68
12.0,20211103,30.77
12.0,20211104,18.47
12.0,20211105,16.95
12.0,20211106,49.77
12.0,20211107,40.64
12.0,20211108,36.4
12.0,20211109,16.97
12.0,20211110,84.05
12.0,20211111,75.19
12.0,20211112,3.63
12.0,20211113,3.72
12.0,20211114,4.74
12.0,20211115,4.57
12.0,20211116,2.4
12.0,20211117,11.0
12.0,20211118,74.21
12.0,20211119,20.62
12.0,20211120,16.63
12.0,20211121,7.5
12.0,20211122,5.0
12.0,20211123,2.29
12.0,20211124,2.87
12.0,20211125,18.25
12.0,20211126,58.61
12.0,20211127,29.98
12.0,20211128,61.12
12.0,20211129,12.76
12.0,20211130,9.8
12.0,20211201,1.22
12.0,20211202,0.03
12.0,20211203,0.14
12.0,20211204,0.01
12.0,20211205,0.15
12.0,20211206,1.22
12.0,20211207,0.09
12.0,20211208,0.38
12.0,20211209,3.98
12.0,20211210,2.35
12.0,20211211,3.71
12.0,20211212,6.0
12.0,20211213,6.87
12.0,20211214,2.34
12.0,20211215,1.6
12.0,20211216,0.48
12.0,20211217,0.15
12.0,20211218,0.0
12.0,20211219,0.0
12.0,20211220,0.0
12.0,20211221,0.0
12.0,20211222,0.0
12.0,20211223,0.0
12.0,20211224,0.0
12.0,20211225,0.0
12.0,20211226,0.0
12.0,20211227,0.41
12.0,20211228,0.87
12.0,20211229,0.92
12.0,20211230,55.65
12.0,20211231,42.52
12.0,20220101,8.69
12.0,20220102,0.5
12.0,20220103,0.02
12.0,20220104,0.01
12.0,20220105,0.02
12.0,20220106,0.04
12.0,20220107,0.03
12.0,20220108,0.0
12.0,20220109,0.0
12.0,20220110,0.0
12.0,20220111,0.02
12.0,20220112,0.14
12.0,20220113,0.95
12.0,20220114,0.68
12.0,20220115,0.64
12.0,20220116,5.86
12.0,20220117,6.17
12.0,20220118,1.52
12.0,20220119,0.47
12.0,20220120,0.0
12.0,20220121,0.0
12.0,20220122,0.0
12.0,20220123,0.59
12.0,20220124,3.1
12.0,20220125,1.19
12.0,20220126,0.7
12.0,20220127,0.19
12.0,20220128,0.26
12.0,20220129,0.08
12.0,20220130,0.0
12.0,20220131,0.0
12.0,20220201,0.0
12.0,20220202,0.0
12.0,20220203,0.0
12.0,20220204,0.0
12.0,20220205,0.04
12.0,20220206,0.0
12.0,20220207,0.0
12.0,20220208,0.0
12.0,20220209,0.0
12.0,20220210,0.13
12.0,20220211,0.25
12.0,20220212,0.07
12.0,20220213,0.0
12.0,20220214,0.03
12.0,20220215,0.01
12.0,20220216,0.0
12.0,20220217,0.0
12.0,20220218,0.0
12.0,20220219,0.0
12.0,20220220,0.0
12.0,20220221,0.0
12.0,20220222,0.03
12.0,20220223,0.0
12.0,20220224,0.0
12.0,20220225,0.0
12.0,20220226,0.01
12.0,20220227,0.0
12.0,20220228,0.0
12.0,20220301,0.0
12.0,20220302,0.0
12.0,20220303,0.0
12.0,20220304,0.06
12.0,20220305,0.01
12.0,20220306,0.89
12.0,20220307,0.21
12.0,20220308,0.0
12.0,20220309,0.0
12.0,20220310,0.0
12.0,20220311,0.0
12.0,20220312,0.0
12.0,20220313,0.01
12.0,20220314,0.0
12.0,20220315,0.0
12.0,20220316,0.0
12.0,20220317,0.0
12.0,20220318,0.0
12.0,20220319,0.01
12.0,20220320,0.08
12.0,20220321,0.49
12.0,20220322,0.87
12.0,20220323,0.01
12.0,20220324,0.01
12.0,20220325,0.0
12.0,20220326,0.0
12.0,20220327,0.0
12.0,20220328,0.0
12.0,20220329,0.0
12.0,20220330,0.0
12.0,20220331,0.01
12.0,20220401,0.0
12.0,20220402,0.01
12.0,20220403,0.0
12.0,20220404,0.01
12.0,20220405,0.0
12.0,20220406,0.05
12.0,20220407,0.1
12.0,20220408,0.14
12.0,20220409,0.14
12.0,20220410,0.66
12.0,20220411,0.26
12.0,20220412,0.07
12.0,20220413,0.11
12.0,20220414,0.02
12.0,20220415,0.02
12.0,20220416,0.03
12.0,20220417,0.42
12.0,20220418,0.33
12.0,20220419,0.03
12.0,20220420,0.02
12.0,20220421,0.01
12.0,20220422,0.02
12.0,20220423,0.04
12.0,20220424,0.0
12.0,20220425,0.0
12.0,20220426,0.0
12.0,20220427,0.0
12.0,20220428,0.0
12.0,20220429,0.02
12.0,20220430,0.01
12.0,20220501,0.38
12.0,20220502,0.99
12.0,20220503,0.48
12.0,20220504,1.98
12.0,20220505,1.93
12.0,20220506,4.02
12.0,20220507,8.16
12.0,20220508,0.52
12.0,20220509,1.28
12.0,20220510,10.74
12.0,20220511,6.44
12.0,20220512,8.99
12.0,20220513,1.16
12.0,20220514,1.15
12.0,20220515,7.5
12.0,20220516,6.12
12.0,20220517,2.55
12.0,20220518,1.4
12.0,20220519,0.45
12.0,20220520,0.4
12.0,20220521,0.02
12.0,20220522,0.03
12.0,20220523,0.01
12.0,20220524,0.07
12.0,20220525,2.43
12.0,20220526,3.13
12.0,20220527,1.93
12.0,20220528,0.08
12.0,20220529,0.13
12.0,20220530,0.09
12.0,20220531,0.03
12.0,20220601,0.01
12.0,20220602,0.0
12.0,20220603,0.01
12.0,20220604,0.01
12.0,20220605,1.81
12.0,20220606,3.7
12.0,20220607,2.57
12.0,20220608,0.38
12.0,20220609,0.26
12.0,20220610,0.21
12.0,20220611,1.31
12.0,20220612,1.97
12.0,20220613,1.48
12.0,20220614,1.54
12.0,20220615,8.16
12.0,20220616,8.64
12.0,20220617,7.47
12.0,20220618,4.74
12.0,20220619,28.85
12.0,20220620,18.31
12.0,20220621,23.54
12.0,20220622,9.51
12.0,20220623,3.63
12.0,20220624,2.55
12.0,20220625,1.99
12.0,20220626,0.65
12.0,20220627,2.44
12.0,20220628,2.59
12.0,20220629,5.16
12.0,20220630,5.14
12.0,20220701,4.5
12.0,20220702,3.0
12.0,20220703,3.04
12.0,20220704,3.24
12.0,20220705,6.45
12.0,20220706,4.59
12.0,20220707,1.75
12.0,20220708,3.76
12.0,20220709,2.01
12.0,20220710,2.79
12.0,20220711,1.15
12.0,20220712,1.38
12.0,20220713,2.29
12.0,20220714,0.31
12.0,20220715,0.09
12.0,20220716,5.09
12.0,20220717,9.42
12.0,20220718,2.0
12.0,20220719,0.94
12.0,20220720,10.14
12.0,20220721,5.89
12.0,20220722,15.58
12.0,20220723,1.46
12.0,20220724,3.4
12.0,20220725,3.46
12.0,20220726,7.74
12.0,20220727,0.2
12.0,20220728,0.75
12.0,20220729,0.73
12.0,20220730,1.37
12.0,20220731,4.17
12.0,20220801,8.36
12.0,20220802,6.98
13.0,20210902,7.02
13.0,20210903,8.8
13.0,20210904,12.16
13.0,20210905,7.22
13.0,20210906,6.91
13.0,20210907,0.43
13.0,20210908,0.06
13.0,20210909,0.15
13.0,20210910,0.53
13.0,20210911,0.06
13.0,20210912,0.17
13.0,20210913,0.05
13.0,20210914,0.04
13.0,20210915,1.77
13.0,20210916,2.6
13.0,20210917,1.42
13.0,20210918,5.01
13.0,20210919,6.04
13.0,20210920,3.03
13.0,20210921,4.59
13.0,20210922,21.25
13.0,20210923,1.37
13.0,20210924,1.87
13.0,20210925,7.28
13.0,20210926,7.13
13.0,20210927,0.08
13.0,20210928,2.25
13.0,20210929,1.48
13.0,20210930,3.93
13.0,20211001,2.28
13.0,20211002,5.59
13.0,20211003,4.45
13.0,20211004,4.71
13.0,20211005,37.11
13.0,20211006,8.39
13.0,20211007,3.17
13.0,20211008,3.81
13.0,20211009,5.3
13.0,20211010,9.41
13.0,20211011,4.31
13.0,20211012,4.16
13.0,20211013,6.49
13.0,20211014,0.24
13.0,20211015,2.84
13.0,20211016,1.62
13.0,20211017,3.02
13.0,20211018,0.37
13.0,20211019,3.3
13.0,20211020,1.74
13.0,20211021,1.85
13.0,20211022,0.51
13.0,20211023,0.54
13.0,20211024,5.98
13.0,20211025,0.93
13.0,20211026,0.98
13.0,20211027,0.75
13.0,20211028,6.67
13.0,20211029,25.07
13.0,20211030,17.88
13.0,20211031,16.09
13.0,20211101,21.37
13.0,20211102,23.68
13.0,20211103,30.77
13.0,20211104,18.47
13.0,20211105,16.95
13.0,20211106,49.77
13.0,20211107,40.64
13.0,20211108,36.4
13.0,20211109,16.97
13.0,20211110,84.05
13.0,20211111,75.19
13.0,20211112,3.63
13.0,20211113,3.72
13.0,20211114,4.74
13.0,20211115,4.57
13.0,20211116,2.4
13.0,20211117,11.0
13.0,20211118,74.21
13.0,20211119,20.62
13.0,20211120,16.63
13.0,20211121,7.5
13.0,20211122,5.0
13.0,20211123,2.29
13.0,20211124,2.87
13.0,20211125,18.25
13.0,20211126,58.61
13.0,20211127,29.98
13.0,20211128,61.12
13.0,20211129,12.76
13.0,20211130,9.8
13.0,20211201,1.22
13.0,20211202,0.03
13.0,20211203,0.14
13.0,20211204,0.01
13.0,20211205,0.15
13.0,20211206,1.22
13.0,20211207,0.09
13.0,20211208,0.38
13.0,20211209,3.98
13.0,20211210,2.35
13.0,20211211,3.71
13.0,20211212,6.0
13.0,20211213,6.87
13.0,20211214,2.34
13.0,20211215,1.6
13.0,20211216,0.48
13.0,20211217,0.15
13.0,20211218,0.0
13.0,20211219,0.0
13.0,20211220,0.0
13.0,20211221,0.0
13.0,20211222,0.0
13.0,20211223,0.0
13.0,20211224,0.0
13.0,20211225,0.0
13.0,20211226,0.0
13.0,20211227,0.41
13.0,20211228,0.87
13.0,20211229,0.92
13.0,20211230,55.65
13.0,20211231,42.52
13.0,20220101,8.69
13.0,20220102,0.5
13.0,20220103,0.02
13.0,20220104,0.01
13.0,20220105,0.02
13.0,20220106,0.04
13.0,20220107,0.03
13.0,20220108,0.0
13.0,20220109,0.0
13.0,20220110,0.0
13.0,20220111,0.02
13.0,20220112,0.14
13.0,20220113,0.95
13.0,20220114,0.68
13.0,20220115,0.64
13.0,20220116,5.86
13.0,20220117,6.17
13.0,20220118,1.52
13.0,20220119,0.47
13.0,20220120,0.0
13.0,20220121,0.0
13.0,20220122,0.0
13.0,20220123,0.59
13.0,20220124,3.1
13.0,20220125,1.19
13.0,20220126,0.7
13.0,20220127,0.19
13.0,20220128,0.26
13.0,20220129,0.08
13.0,20220130,0.0
13.0,20220131,0.0
13.0,20220201,0.0
13.0,20220202,0.0
13.0,20220203,0.0
13.0,20220204,0.0
13.0,20220205,0.04
13.0,20220206,0.0
13.0,20220207,0.0
13.0,20220208,0.0
13.0,20220209,0.0
13.0,20220210,0.13
13.0,20220211,0.25
13.0,20220212,0.07
13.0,20220213,0.0
13.0,20220214,0.03
13.0,20220215,0.01
13.0,20220216,0.0
13.0,20220217,0.0
13.0,20220218,0.0
13.0,20220219,0.0
13.0,20220220,0.0
13.0,20220221,0.0
13.0,20220222,0.03
13.0,20220223,0.0
13.0,20220224,0.0
13.0,20220225,0.0
13.0,20220226,0.01
13.0,20220227,0.0
13.0,20220228,0.0
13.0,20220301,0.0
13.0,20220302,0.0
13.0,20220303,0.0
13.0,20220304,0.06
13.0,20220305,0.01
13.0,20220306,0.89
13.0,20220307,0.21
13.0,20220308,0.0
13.0,20220309,0.0
13.0,20220310,0.0
13.0,20220311,0.0
13.0,20220312,0.0
13.0,20220313,0.01
13.0,20220314,0.0
13.0,20220315,0.0
13.0,20220316,0.0
13.0,20220317,0.0
13.0,20220318,0.0
13.0,20220319,0.01
13.0,20220320,0.08
13.0,20220321,0.49
13.0,20220322,0.87
13.0,20220323,0.01
13.0,20220324,0.01
13.0,20220325,0.0
13.0,20220326,0.0
13.0,20220327,0.0
13.0,20220328,0.0
13.0,20220329,0.0
13.0,20220330,0.0
13.0,20220331,0.01
13.0,20220401,0.0
13.0,20220402,0.01
13.0,20220403,0.0
13.0,20220404,0.01
13.0,20220405,0.0
13.0,20220406,0.05
13.0,20220407,0.1
13.0,20220408,0.14
13.0,20220409,0.14
13.0,20220410,0.66
13.0,20220411,0.26
13.0,20220412,0.07
13.0,20220413,0.11
13.0,20220414,0.02
13.0,20220415,0.02
13.0,20220416,0.03
13.0,20220417,0.42
13.0,20220418,0.33
13.0,20220419,0.03
13.0,20220420,0.02
13.0,20220421,0.01
13.0,20220422,0.02
13.0,20220423,0.04
13.0,20220424,0.0
13.0,20220425,0.0
13.0,20220426,0.0
13.0,20220427,0.0
13.0,20220428,0.0
13.0,20220429,0.02
13.0,20220430,0.01
13.0,20220501,0.38
13.0,20220502,0.99
13.0,20220503,0.48
13.0,20220504,1.98
13.0,20220505,1.93
13.0,20220506,4.02
13.0,20220507,8.16
13.0,20220508,0.52
13.0,20220509,1.28
13.0,20220510,10.74
13.0,20220511,6.44
13.0,20220512,8.99
13.0,20220513,1.16
13.0,20220514,1.15
13.0,20220515,7.5
13.0,20220516,6.12
13.0,20220517,2.55
13.0,20220518,1.4
13.0,20220519,0.45
13.0,20220520,0.4
13.0,20220521,0.02
13.0,20220522,0.03
13.0,20220523,0.01
13.0,20220524,0.07
13.0,20220525,2.43
13.0,20220526,3.13
13.0,20220527,1.93
13.0,20220528,0.08
13.0,20220529,0.13
13.0,20220530,0.09
13.0,20220531,0.03
13.0,20220601,0.01
13.0,20220602,0.0
13.0,20220603,0.01
13.0,20220604,0.01
13.0,20220605,1.81
13.0,20220606,3.7
13.0,20220607,2.57
13.0,20220608,0.38
13.0,20220609,0.26
13.0,20220610,0.21
13.0,20220611,1.31
13.0,20220612,1.97
13.0,20220613,1.48
13.0,20220614,1.54
13.0,20220615,8.16
13.0,20220616,8.64
13.0,20220617,7.47
13.0,20220618,4.74
13.0,20220619,28.85
13.0,20220620,18.31
13.0,20220621,23.54
13.0,20220622,9.51
13.0,20220623,3.63
13.0,20220624,2.55
13.0,20220625,1.99
13.0,20220626,0.65
13.0,20220627,2.44
13.0,20220628,2.59
13.0,20220629,5.16
13.0,20220630,5.14
13.0,20220701,4.5
13.0,20220702,3.0
13.0,20220703,3.04
13.0,20220704,3.24
13.0,20220705,6.45
13.0,20220706,4.59
13.0,20220707,1.75
13.0,20220708,3.76
13.0,20220709,2.01
13.0,20220710,2.79
13.0,20220711,1.15
13.0,20220712,1.38
13.0,20220713,2.29
13.0,20220714,0.31
13.0,20220715,0.09
13.0,20220716,5.09
13.0,20220717,9.42
13.0,20220718,2.0
13.0,20220719,0.94
13.0,20220720,10.14
13.0,20220721,5.89
13.0,20220722,15.58
13.0,20220723,1.46
13.0,20220724,3.4
13.0,20220725,3.46
13.0,20220726,7.74
13.0,20220727,0.2
13.0,20220728,0.75
13.0,20220729,0.73
13.0,20220730,1.37
13.0,20220731,4.17
13.0,20220801,8.36
13.0,20220802,6.98
14.0,20210902,7.02
14.0,20210903,8.8
14.0,20210904,12.16
14.0,20210905,7.22
14.0,20210906,6.91
14.0,20210907,0.43
14.0,20210908,0.06
14.0,20210909,0.15
14.0,20210910,0.53
14.0,20210911,0.06
14.0,20210912,0.17
14.0,20210913,0.05
14.0,20210914,0.04
14.0,20210915,1.77
14.0,20210916,2.6
14.0,20210917,1.42
14.0,20210918,5.01
14.0,20210919,6.04
14.0,20210920,3.03
14.0,20210921,4.59
14.0,20210922,21.25
14.0,20210923,1.37
14.0,20210924,1.87
14.0,20210925,7.28
14.0,20210926,7.13
14.0,20210927,0.08
14.0,20210928,2.25
14.0,20210929,1.48
14.0,20210930,3.93
14.0,20211001,2.28
14.0,20211002,5.59
14.0,20211003,4.45
14.0,20211004,4.71
14.0,20211005,37.11
14.0,20211006,8.39
14.0,20211007,3.17
14.0,20211008,3.81
14.0,20211009,5.3
14.0,20211010,9.41
14.0,20211011,4.31
14.0,20211012,4.16
14.0,20211013,6.49
14.0,20211014,0.24
14.0,20211015,2.84
14.0,20211016,1.62
14.0,20211017,3.02
14.0,20211018,0.37
14.0,20211019,3.3
14.0,20211020,1.74
14.0,20211021,1.85
14.0,20211022,0.51
14.0,20211023,0.54
14.0,20211024,5.98
14.0,20211025,0.93
14.0,20211026,0.98
14.0,20211027,0.75
14.0,20211028,6.67
14.0,20211029,25.07
14.0,20211030,17.88
14.0,20211031,16.09
14.0,20211101,21.37
14.0,20211102,23.68
14.0,20211103,30.77
14.0,20211104,18.47
14.0,20211105,16.95
14.0,20211106,49.77
14.0,20211107,40.64
14.0,20211108,36.4
14.0,20211109,16.97
14.0,20211110,84.05
14.0,20211111,75.19
14.0,20211112,3.63
14.0,20211113,3.72
14.0,20211114,4.74
14.0,20211115,4.57
14.0,20211116,2.4
14.0,20211117,11.0
14.0,20211118,74.21
14.0,20211119,20.62
14.0,20211120,16.63
14.0,20211121,7.5
14.0,20211122,5.0
14.0,20211123,2.29
14.0,20211124,2.87
14.0,20211125,18.25
14.0,20211126,58.61
14.0,20211127,29.98
14.0,20211128,61.12
14.0,20211129,12.76
14.0,20211130,9.8
14.0,20211201,1.22
14.0,20211202,0.03
14.0,20211203,0.14
14.0,20211204,0.01
14.0,20211205,0.15
14.0,20211206,1.22
14.0,20211207,0.09
14.0,20211208,0.38
14.0,20211209,3.98
14.0,20211210,2.35
14.0,20211211,3.71
14.0,20211212,6.0
14.0,20211213,6.87
14.0,20211214,2.34
14.0,20211215,1.6
14.0,20211216,0.48
14.0,20211217,0.15
14.0,20211218,0.0
14.0,20211219,0.0
14.0,20211220,0.0
14.0,20211221,0.0
14.0,20211222,0.0
14.0,20211223,0.0
14.0,20211224,0.0
14.0,20211225,0.0
14.0,20211226,0.0
14.0,20211227,0.41
14.0,20211228,0.87
14.0,20211229,0.92
14.0,20211230,55.65
14.0,20211231,42.52
14.0,20220101,8.69
14.0,20220102,0.5
14.0,20220103,0.02
14.0,20220104,0.01
14.0,20220105,0.02
14.0,20220106,0.04
14.0,20220107,0.03
14.0,20220108,0.0
14.0,20220109,0.0
14.0,20220110,0.0
14.0,20220111,0.02
14.0,20220112,0.14
14.0,20220113,0.95
14.0,20220114,0.68
14.0,20220115,0.64
14.0,20220116,5.86
14.0,20220117,6.17
14.0,20220118,1.52
14.0,20220119,0.47
14.0,20220120,0.0
14.0,20220121,0.0
14.0,20220122,0.0
14.0,20220123,0.59
14.0,20220124,3.1
14.0,20220125,1.19
14.0,20220126,0.7
14.0,20220127,0.19
14.0,20220128,0.26
14.0,20220129,0.08
14.0,20220130,0.0
14.0,20220131,0.0
14.0,20220201,0.0
14.0,20220202,0.0
14.0,20220203,0.0
14.0,20220204,0.0
14.0,20220205,0.04
14.0,20220206,0.0
14.0,20220207,0.0
14.0,20220208,0.0
14.0,20220209,0.0
14.0,20220210,0.13
14.0,20220211,0.25
14.0,20220212,0.07
14.0,20220213,0.0
14.0,20220214,0.03
14.0,20220215,0.01
14.0,20220216,0.0
14.0,20220217,0.0
14.0,20220218,0.0
14.0,20220219,0.0
14.0,20220220,0.0
14.0,20220221,0.0
14.0,20220222,0.03
14.0,20220223,0.0
14.0,20220224,0.0
14.0,20220225,0.0
14.0,20220226,0.01
14.0,20220227,0.0
14.0,20220228,0.0
14.0,20220301,0.0
14.0,20220302,0.0
14.0,20220303,0.0
14.0,20220304,0.06
14.0,20220305,0.01
14.0,20220306,0.89
14.0,20220307,0.21
14.0,20220308,0.0
14.0,20220309,0.0
14.0,20220310,0.0
14.0,20220311,0.0
14.0,20220312,0.0
14.0,20220313,0.01
14.0,20220314,0.0
14.0,20220315,0.0
14.0,20220316,0.0
14.0,20220317,0.0
14.0,20220318,0.0
14.0,20220319,0.01
14.0,20220320,0.08
14.0,20220321,0.49
14.0,20220322,0.87
14.0,20220323,0.01
14.0,20220324,0.01
14.0,20220325,0.0
14.0,20220326,0.0
14.0,20220327,0.0
14.0,20220328,0.0
14.0,20220329,0.0
14.0,20220330,0.0
14.0,20220331,0.01
14.0,20220401,0.0
14.0,20220402,0.01
14.0,20220403,0.0
14.0,20220404,0.01
14.0,20220405,0.0
14.0,20220406,0.05
14.0,20220407,0.1
14.0,20220408,0.14
14.0,20220409,0.14
14.0,20220410,0.66
14.0,20220411,0.26
14.0,20220412,0.07
14.0,20220413,0.11
14.0,20220414,0.02
14.0,20220415,0.02
14.0,20220416,0.03
14.0,20220417,0.42
14.0,20220418,0.33
14.0,20220419,0.03
14.0,20220420,0.02
14.0,20220421,0.01
14.0,20220422,0.02
14.0,20220423,0.04
14.0,20220424,0.0
14.0,20220425,0.0
14.0,20220426,0.0
14.0,20220427,0.0
14.0,20220428,0.0
14.0,20220429,0.02
14.0,20220430,0.01
14.0,20220501,0.38
14.0,20220502,0.99
14.0,20220503,0.48
14.0,20220504,1.98
14.0,20220505,1.93
14.0,20220506,4.02
14.0,20220507,8.16
14.0,20220508,0.52
14.0,20220509,1.28
14.0,20220510,10.74
14.0,20220511,6.44
14.0,20220512,8.99
14.0,20220513,1.16
14.0,20220514,1.15
14.0,20220515,7.5
14.0,20220516,6.12
14.0,20220517,2.55
14.0,20220518,1.4
14.0,20220519,0.45
14.0,20220520,0.4
14.0,20220521,0.02
14.0,20220522,0.03
14.0,20220523,0.01
14.0,20220524,0.07
14.0,20220525,2.43
14.0,20220526,3.13
14.0,20220527,1.93
14.0,20220528,0.08
14.0,20220529,0.13
14.0,20220530,0.09
14.0,20220531,0.03
14.0,20220601,0.01
14.0,20220602,0.0
14.0,20220603,0.01
14.0,20220604,0.01
14.0,20220605,1.81
14.0,20220606,3.7
14.0,20220607,2.57
14.0,20220608,0.38
14.0,20220609,0.26
14.0,20220610,0.21
14.0,20220611,1.31
14.0,20220612,1.97
14.0,20220613,1.48
14.0,20220614,1.54
14.0,20220615,8.16
14.0,20220616,8.64
14.0,20220617,7.47
14.0,20220618,4.74
14.0,20220619,28.85
14.0,20220620,18.31
14.0,20220621,23.54
14.0,20220622,9.51
14.0,20220623,3.63
14.0,20220624,2.55
14.0,20220625,1.99
14.0,20220626,0.65
14.0,20220627,2.44
14.0,20220628,2.59
14.0,20220629,5.16
14.0,20220630,5.14
14.0,20220701,4.5
14.0,20220702,3.0
14.0,20220703,3.04
14.0,20220704,3.24
14.0,20220705,6.45
14.0,20220706,4.59
14.0,20220707,1.75
14.0,20220708,3.76
14.0,20220709,2.01
14.0,20220710,2.79
14.0,20220711,1.15
14.0,20220712,1.38
14.0,20220713,2.29
14.0,20220714,0.31
14.0,20220715,0.09
14.0,20220716,5.09
14.0,20220717,9.42
14.0,20220718,2.0
14.0,20220719,0.94
14.0,20220720,10.14
14.0,20220721,5.89
14.0,20220722,15.58
14.0,20220723,1.46
14.0,20220724,3.4
14.0,20220725,3.46
14.0,20220726,7.74
14.0,20220727,0.2
14.0,20220728,0.75
14.0,20220729,0.73
14.0,20220730,1.37
14.0,20220731,4.17
14.0,20220801,8.36
14.0,20220802,6.98
15.0,20210902,7.02
15.0,20210903,8.8
15.0,20210904,12.16
15.0,20210905,7.22
15.0,20210906,6.91
15.0,20210907,0.43
15.0,20210908,0.06
15.0,20210909,0.15
15.0,20210910,0.53
15.0,20210911,0.06
15.0,20210912,0.17
15.0,20210913,0.05
15.0,20210914,0.04
15.0,20210915,1.77
15.0,20210916,2.6
15.0,20210917,1.42
15.0,20210918,5.01
15.0,20210919,6.04
15.0,20210920,3.03
15.0,20210921,4.59
15.0,20210922,21.25
15.0,20210923,1.37
15.0,20210924,1.87
15.0,20210925,7.28
15.0,20210926,7.13
15.0,20210927,0.08
15.0,20210928,2.25
15.0,20210929,1.48
15.0,20210930,3.93
15.0,20211001,2.28
15.0,20211002,5.59
15.0,20211003,4.45
15.0,20211004,4.71
15.0,20211005,37.11
15.0,20211006,8.39
15.0,20211007,3.17
15.0,20211008,3.81
15.0,20211009,5.3
15.0,20211010,9.41
15.0,20211011,4.31
15.0,20211012,4.16
15.0,20211013,6.49
15.0,20211014,0.24
15.0,20211015,2.84
15.0,20211016,1.62
15.0,20211017,3.02
15.0,20211018,0.37
15.0,20211019,3.3
15.0,20211020,1.74
15.0,20211021,1.85
15.0,20211022,0.51
15.0,20211023,0.54
15.0,20211024,5.98
15.0,20211025,0.93
15.0,20211026,0.98
15.0,20211027,0.75
15.0,20211028,6.67
15.0,20211029,25.07
15.0,20211030,17.88
15.0,20211031,16.09
15.0,20211101,21.37
15.0,20211102,23.68
15.0,20211103,30.77
15.0,20211104,18.47
15.0,20211105,16.95
15.0,20211106,49.77
15.0,20211107,40.64
15.0,20211108,36.4
15.0,20211109,16.97
15.0,20211110,84.05
15.0,20211111,75.19
15.0,20211112,3.63
15.0,20211113,3.72
15.0,20211114,4.74
15.0,20211115,4.57
15.0,20211116,2.4
15.0,20211117,11.0
15.0,20211118,74.21
15.0,20211119,20.62
15.0,20211120,16.63
15.0,20211121,7.5
15.0,20211122,5.0
15.0,20211123,2.29
15.0,20211124,2.87
15.0,20211125,18.25
15.0,20211126,58.61
15.0,20211127,29.98
15.0,20211128,61.12
15.0,20211129,12.76
15.0,20211130,9.8
15.0,20211201,1.22
15.0,20211202,0.03
15.0,20211203,0.14
15.0,20211204,0.01
15.0,20211205,0.15
15.0,20211206,1.22
15.0,20211207,0.09
15.0,20211208,0.38
15.0,20211209,3.98
15.0,20211210,2.35
15.0,20211211,3.71
15.0,20211212,6.0
15.0,20211213,6.87
15.0,20211214,2.34
15.0,20211215,1.6
15.0,20211216,0.48
15.0,20211217,0.15
15.0,20211218,0.0
15.0,20211219,0.0
15.0,20211220,0.0
15.0,20211221,0.0
15.0,20211222,0.0
15.0,20211223,0.0
15.0,20211224,0.0
15.0,20211225,0.0
15.0,20211226,0.0
15.0,20211227,0.41
15.0,20211228,0.87
15.0,20211229,0.92
15.0,20211230,55.65
15.0,20211231,42.52
15.0,20220101,8.69
15.0,20220102,0.5
15.0,20220103,0.02
15.0,20220104,0.01
15.0,20220105,0.02
15.0,20220106,0.04
15.0,20220107,0.03
15.0,20220108,0.0
15.0,20220109,0.0
15.0,20220110,0.0
15.0,20220111,0.02
15.0,20220112,0.14
15.0,20220113,0.95
15.0,20220114,0.68
15.0,20220115,0.64
15.0,20220116,5.86
15.0,20220117,6.17
15.0,20220118,1.52
15.0,20220119,0.47
15.0,20220120,0.0
15.0,20220121,0.0
15.0,20220122,0.0
15.0,20220123,0.59
15.0,20220124,3.1
15.0,20220125,1.19
15.0,20220126,0.7
15.0,20220127,0.19
15.0,20220128,0.26
15.0,20220129,0.08
15.0,20220130,0.0
15.0,20220131,0.0
15.0,20220201,0.0
15.0,20220202,0.0
15.0,20220203,0.0
15.0,20220204,0.0
15.0,20220205,0.04
15.0,20220206,0.0
15.0,20220207,0.0
15.0,20220208,0.0
15.0,20220209,0.0
15.0,20220210,0.13
15.0,20220211,0.25
15.0,20220212,0.07
15.0,20220213,0.0
15.0,20220214,0.03
15.0,20220215,0.01
15.0,20220216,0.0
15.0,20220217,0.0
15.0,20220218,0.0
15.0,20220219,0.0
15.0,20220220,0.0
15.0,20220221,0.0
15.0,20220222,0.03
15.0,20220223,0.0
15.0,20220224,0.0
15.0,20220225,0.0
15.0,20220226,0.01
15.0,20220227,0.0
15.0,20220228,0.0
15.0,20220301,0.0
15.0,20220302,0.0
15.0,20220303,0.0
15.0,20220304,0.06
15.0,20220305,0.01
15.0,20220306,0.89
15.0,20220307,0.21
15.0,20220308,0.0
15.0,20220309,0.0
15.0,20220310,0.0
15.0,20220311,0.0
15.0,20220312,0.0
15.0,20220313,0.01
15.0,20220314,0.0
15.0,20220315,0.0
15.0,20220316,0.0
15.0,20220317,0.0
15.0,20220318,0.0
15.0,20220319,0.01
15.0,20220320,0.08
15.0,20220321,0.49
15.0,20220322,0.87
15.0,20220323,0.01
15.0,20220324,0.01
15.0,20220325,0.0
15.0,20220326,0.0
15.0,20220327,0.0
15.0,20220328,0.0
15.0,20220329,0.0
15.0,20220330,0.0
15.0,20220331,0.01
15.0,20220401,0.0
15.0,20220402,0.01
15.0,20220403,0.0
15.0,20220404,0.01
15.0,20220405,0.0
15.0,20220406,0.05
15.0,20220407,0.1
15.0,20220408,0.14
15.0,20220409,0.14
15.0,20220410,0.66
15.0,20220411,0.26
15.0,20220412,0.07
15.0,20220413,0.11
15.0,20220414,0.02
15.0,20220415,0.02
15.0,20220416,0.03
15.0,20220417,0.42
15.0,20220418,0.33
15.0,20220419,0.03
15.0,20220420,0.02
15.0,20220421,0.01
15.0,20220422,0.02
15.0,20220423,0.04
15.0,20220424,0.0
15.0,20220425,0.0
15.0,20220426,0.0
15.0,20220427,0.0
15.0,20220428,0.0
15.0,20220429,0.02
15.0,20220430,0.01
15.0,20220501,0.38
15.0,20220502,0.99
15.0,20220503,0.48
15.0,20220504,1.98
15.0,20220505,1.93
15.0,20220506,4.02
15.0,20220507,8.16
15.0,20220508,0.52
15.0,20220509,1.28
15.0,20220510,10.74
15.0,20220511,6.44
15.0,20220512,8.99
15.0,20220513,1.16
15.0,20220514,1.15
15.0,20220515,7.5
15.0,20220516,6.12
15.0,20220517,2.55
15.0,20220518,1.4
15.0,20220519,0.45
15.0,20220520,0.4
15.0,20220521,0.02
15.0,20220522,0.03
15.0,20220523,0.01
15.0,20220524,0.07
15.0,20220525,2.43
15.0,20220526,3.13
15.0,20220527,1.93
15.0,20220528,0.08
15.0,20220529,0.13
15.0,20220530,0.09
15.0,20220531,0.03
15.0,20220601,0.01
15.0,20220602,0.0
15.0,20220603,0.01
15.0,20220604,0.01
15.0,20220605,1.81
15.0,20220606,3.7
15.0,20220607,2.57
15.0,20220608,0.38
15.0,20220609,0.26
15.0,20220610,0.21
15.0,20220611,1.31
15.0,20220612,1.97
15.0,20220613,1.48
15.0,20220614,1.54
15.0,20220615,8.16
15.0,20220616,8.64
15.0,20220617,7.47
15.0,20220618,4.74
15.0,20220619,28.85
15.0,20220620,18.31
15.0,20220621,23.54
15.0,20220622,9.51
15.0,20220623,3.63
15.0,20220624,2.55
15.0,20220625,1.99
15.0,20220626,0.65
15.0,20220627,2.44
15.0,20220628,2.59
15.0,20220629,5.16
15.0,20220630,5.14
15.0,20220701,4.5
15.0,20220702,3.0
15.0,20220703,3.04
15.0,20220704,3.24
15.0,20220705,6.45
15.0,20220706,4.59
15.0,20220707,1.75
15.0,20220708,3.76
15.0,20220709,2.01
15.0,20220710,2.79
15.0,20220711,1.15
15.0,20220712,1.38
15.0,20220713,2.29
15.0,20220714,0.31
15.0,20220715,0.09
15.0,20220716,5.09
15.0,20220717,9.42
15.0,20220718,2.0
15.0,20220719,0.94
15.0,20220720,10.14
15.0,20220721,5.89
15.0,20220722,15.58
15.0,20220723,1.46
15.0,20220724,3.4
15.0,20220725,3.46
15.0,20220726,7.74
15.0,20220727,0.2
15.0,20220728,0.75
15.0,20220729,0.73
15.0,20220730,1.37
15.0,20220731,4.17
15.0,20220801,8.36
15.0,20220802,6.98
16.0,20210902,7.02
16.0,20210903,8.8
16.0,20210904,12.16
16.0,20210905,7.22
16.0,20210906,6.91
16.0,20210907,0.43
16.0,20210908,0.06
16.0,20210909,0.15
16.0,20210910,0.53
16.0,20210911,0.06
16.0,20210912,0.17
16.0,20210913,0.05
16.0,20210914,0.04
16.0,20210915,1.77
16.0,20210916,2.6
16.0,20210917,1.42
16.0,20210918,5.01
16.0,20210919,6.04
16.0,20210920,3.03
16.0,20210921,4.59
16.0,20210922,21.25
16.0,20210923,1.37
16.0,20210924,1.87
16.0,20210925,7.28
16.0,20210926,7.13
16.0,20210927,0.08
16.0,20210928,2.25
16.0,20210929,1.48
16.0,20210930,3.93
16.0,20211001,2.28
16.0,20211002,5.59
16.0,20211003,4.45
16.0,20211004,4.71
16.0,20211005,37.11
16.0,20211006,8.39
16.0,20211007,3.17
16.0,20211008,3.81
16.0,20211009,5.3
16.0,20211010,9.41
16.0,20211011,4.31
16.0,20211012,4.16
16.0,20211013,6.49
16.0,20211014,0.24
16.0,20211015,2.84
16.0,20211016,1.62
16.0,20211017,3.02
16.0,20211018,0.37
16.0,20211019,3.3
16.0,20211020,1.74
16.0,20211021,1.85
16.0,20211022,0.51
16.0,20211023,0.54
16.0,20211024,5.98
16.0,20211025,0.93
16.0,20211026,0.98
16.0,20211027,0.75
16.0,20211028,6.67
16.0,20211029,25.07
16.0,20211030,17.88
16.0,20211031,16.09
16.0,20211101,21.37
16.0,20211102,23.68
16.0,20211103,30.77
16.0,20211104,18.47
16.0,20211105,16.95
16.0,20211106,49.77
16.0,20211107,40.64
16.0,20211108,36.4
16.0,20211109,16.97
16.0,20211110,84.05
16.0,20211111,75.19
16.0,20211112,3.63
16.0,20211113,3.72
16.0,20211114,4.74
16.0,20211115,4.57
16.0,20211116,2.4
16.0,20211117,11.0
16.0,20211118,74.21
16.0,20211119,20.62
16.0,20211120,16.63
16.0,20211121,7.5
16.0,20211122,5.0
16.0,20211123,2.29
16.0,20211124,2.87
16.0,20211125,18.25
16.0,20211126,58.61
16.0,20211127,29.98
16.0,20211128,61.12
16.0,20211129,12.76
16.0,20211130,9.8
16.0,20211201,1.22
16.0,20211202,0.03
16.0,20211203,0.14
16.0,20211204,0.01
16.0,20211205,0.15
16.0,20211206,1.22
16.0,20211207,0.09
16.0,20211208,0.38
16.0,20211209,3.98
16.0,20211210,2.35
16.0,20211211,3.71
16.0,20211212,6.0
16.0,20211213,6.87
16.0,20211214,2.34
16.0,20211215,1.6
16.0,20211216,0.48
16.0,20211217,0.15
16.0,20211218,0.0
16.0,20211219,0.0
16.0,20211220,0.0
16.0,20211221,0.0
16.0,20211222,0.0
16.0,20211223,0.0
16.0,20211224,0.0
16.0,20211225,0.0
16.0,20211226,0.0
16.0,20211227,0.41
16.0,20211228,0.87
16.0,20211229,0.92
16.0,20211230,55.65
16.0,20211231,42.52
16.0,20220101,8.69
16.0,20220102,0.5
16.0,20220103,0.02
16.0,20220104,0.01
16.0,20220105,0.02
16.0,20220106,0.04
16.0,20220107,0.03
16.0,20220108,0.0
16.0,20220109,0.0
16.0,20220110,0.0
16.0,20220111,0.02
16.0,20220112,0.14
16.0,20220113,0.95
16.0,20220114,0.68
16.0,20220115,0.64
16.0,20220116,5.86
16.0,20220117,6.17
16.0,20220118,1.52
16.0,20220119,0.47
16.0,20220120,0.0
16.0,20220121,0.0
16.0,20220122,0.0
16.0,20220123,0.59
16.0,20220124,3.1
16.0,20220125,1.19
16.0,20220126,0.7
16.0,20220127,0.19
16.0,20220128,0.26
16.0,20220129,0.08
16.0,20220130,0.0
16.0,20220131,0.0
16.0,20220201,0.0
16.0,20220202,0.0
16.0,20220203,0.0
16.0,20220204,0.0
16.0,20220205,0.04
16.0,20220206,0.0
16.0,20220207,0.0
16.0,20220208,0.0
16.0,20220209,0.0
16.0,20220210,0.13
16.0,20220211,0.25
16.0,20220212,0.07
16.0,20220213,0.0
16.0,20220214,0.03
16.0,20220215,0.01
16.0,20220216,0.0
16.0,20220217,0.0
16.0,20220218,0.0
16.0,20220219,0.0
16.0,20220220,0.0
16.0,20220221,0.0
16.0,20220222,0.03
16.0,20220223,0.0
16.0,20220224,0.0
16.0,20220225,0.0
16.0,20220226,0.01
16.0,20220227,0.0
16.0,20220228,0.0
16.0,20220301,0.0
16.0,20220302,0.0
16.0,20220303,0.0
16.0,20220304,0.06
16.0,20220305,0.01
16.0,20220306,0.89
16.0,20220307,0.21
16.0,20220308,0.0
16.0,20220309,0.0
16.0,20220310,0.0
16.0,20220311,0.0
16.0,20220312,0.0
16.0,20220313,0.01
16.0,20220314,0.0
16.0,20220315,0.0
16.0,20220316,0.0
16.0,20220317,0.0
16.0,20220318,0.0
16.0,20220319,0.01
16.0,20220320,0.08
16.0,20220321,0.49
16.0,20220322,0.87
16.0,20220323,0.01
16.0,20220324,0.01
16.0,20220325,0.0
16.0,20220326,0.0
16.0,20220327,0.0
16.0,20220328,0.0
16.0,20220329,0.0
16.0,20220330,0.0
16.0,20220331,0.01
16.0,20220401,0.0
16.0,20220402,0.01
16.0,20220403,0.0
16.0,20220404,0.01
16.0,20220405,0.0
16.0,20220406,0.05
16.0,20220407,0.1
16.0,20220408,0.14
16.0,20220409,0.14
16.0,20220410,0.66
16.0,20220411,0.26
16.0,20220412,0.07
16.0,20220413,0.11
16.0,20220414,0.02
16.0,20220415,0.02
16.0,20220416,0.03
16.0,20220417,0.42
16.0,20220418,0.33
16.0,20220419,0.03
16.0,20220420,0.02
16.0,20220421,0.01
16.0,20220422,0.02
16.0,20220423,0.04
16.0,20220424,0.0
16.0,20220425,0.0
16.0,20220426,0.0
16.0,20220427,0.0
16.0,20220428,0.0
16.0,20220429,0.02
16.0,20220430,0.01
16.0,20220501,0.38
16.0,20220502,0.99
16.0,20220503,0.48
16.0,20220504,1.98
16.0,20220505,1.93
16.0,20220506,4.02
16.0,20220507,8.16
16.0,20220508,0.52
16.0,20220509,1.28
16.0,20220510,10.74
16.0,20220511,6.44
16.0,20220512,8.99
16.0,20220513,1.16
16.0,20220514,1.15
16.0,20220515,7.5
16.0,20220516,6.12
16.0,20220517,2.55
16.0,20220518,1.4
16.0,20220519,0.45
16.0,20220520,0.4
16.0,20220521,0.02
16.0,20220522,0.03
16.0,20220523,0.01
16.0,20220524,0.07
16.0,20220525,2.43
16.0,20220526,3.13
16.0,20220527,1.93
16.0,20220528,0.08
16.0,20220529,0.13
16.0,20220530,0.09
16.0,20220531,0.03
16.0,20220601,0.01
16.0,20220602,0.0
16.0,20220603,0.01
16.0,20220604,0.01
16.0,20220605,1.81
16.0,20220606,3.7
16.0,20220607,2.57
16.0,20220608,0.38
16.0,20220609,0.26
16.0,20220610,0.21
16.0,20220611,1.31
16.0,20220612,1.97
16.0,20220613,1.48
16.0,20220614,1.54
16.0,20220615,8.16
16.0,20220616,8.64
16.0,20220617,7.47
16.0,20220618,4.74
16.0,20220619,28.85
16.0,20220620,18.31
16.0,20220621,23.54
16.0,20220622,9.51
16.0,20220623,3.63
16.0,20220624,2.55
16.0,20220625,1.99
16.0,20220626,0.65
16.0,20220627,2.44
16.0,20220628,2.59
16.0,20220629,5.16
16.0,20220630,5.14
16.0,20220701,4.5
16.0,20220702,3.0
16.0,20220703,3.04
16.0,20220704,3.24
16.0,20220705,6.45
16.0,20220706,4.59
16.0,20220707,1.75
16.0,20220708,3.76
16.0,20220709,2.01
16.0,20220710,2.79
16.0,20220711,1.15
16.0,20220712,1.38
16.0,20220713,2.29
16.0,20220714,0.31
16.0,20220715,0.09
16.0,20220716,5.09
16.0,20220717,9.42
16.0,20220718,2.0
16.0,20220719,0.94
16.0,20220720,10.14
16.0,20220721,5.89
16.0,20220722,15.58
16.0,20220723,1.46
16.0,20220724,3.4
16.0,20220725,3.46
16.0,20220726,7.74
16.0,20220727,0.2
16.0,20220728,0.75
16.0,20220729,0.73
16.0,20220730,1.37
16.0,20220731,4.17
16.0,20220801,8.36
16.0,20220802,6.98
