zone_id,date,soil_moisture
1.0,20210902,0.73
1.0,20210903,0.73
1.0,20210904,0.74
1.0,20210905,0.75
1.0,20210906,0.75
1.0,20210907,0.75
1.0,20210908,0.74
1.0,20210909,0.74
1.0,20210910,0.73
1.0,20210911,0.73
1.0,20210912,0.72
1.0,20210913,0.72
1.0,20210914,0.71
1.0,20210915,0.71
1.0,20210916,0.71
1.0,20210917,0.71
1.0,20210918,0.71
1.0,20210919,0.71
1.0,20210920,0.71
1.0,20210921,0.71
1.0,20210922,0.74
1.0,20210923,0.74
1.0,20210924,0.74
1.0,20210925,0.73
1.0,20210926,0.75
1.0,20210927,0.74
1.0,20210928,0.73
1.0,20210929,0.73
1.0,20210930,0.73
1.0,20211001,0.73
1.0,20211002,0.73
1.0,20211003,0.73
1.0,20211004,0.73
1.0,20211005,0.76
1.0,20211006,0.79
1.0,20211007,0.79
1.0,20211008,0.78
1.0,20211009,0.78
1.0,20211010,0.79
1.0,20211011,0.8
1.0,20211012,0.79
1.0,20211013,0.8
1.0,20211014,0.79
1.0,20211015,0.79
1.0,20211016,0.79
1.0,20211017,0.79
1.0,20211018,0.79
1.0,20211019,0.78
1.0,20211020,0.78
1.0,20211021,0.79
1.0,20211022,0.78
1.0,20211023,0.78
1.0,20211024,0.78
1.0,20211025,0.78
1.0,20211026,0.77
1.0,20211027,0.77
1.0,20211028,0.76
1.0,20211029,0.79
1.0,20211030,0.83
1.0,20211031,0.83
1.0,20211101,0.86
1.0,20211102,0.88
1.0,20211103,0.91
1.0,20211104,0.92
1.0,20211105,0.92
1.0,20211106,0.94
1.0,20211107,0.97
1.0,20211108,0.98
1.0,20211109,0.98
1.0,20211110,0.99
1.0,20211111,1.0
1.0,20211112,0.99
1.0,20211113,0.99
1.0,20211114,0.99
1.0,20211115,0.99
1.0,20211116,0.99
1.0,20211117,0.99
1.0,20211118,1.0
1.0,20211119,1.0
1.0,20211120,1.0
1.0,20211121,1.0
1.0,20211122,0.99
1.0,20211123,0.99
1.0,20211124,0.99
1.0,20211125,0.99
1.0,20211126,1.0
1.0,20211127,1.0
1.0,20211128,1.0
1.0,20211129,1.0
1.0,20211130,1.0
1.0,20211201,1.0
1.0,20211202,1.0
1.0,20211203,0.99
1.0,20211204,0.99
1.0,20211205,0.99
1.0,20211206,0.98
1.0,20211207,0.98
1.0,20211208,0.97
1.0,20211209,0.97
1.0,20211210,0.97
1.0,20211211,0.96
1.0,20211212,0.96
1.0,20211213,0.96
1.0,20211214,0.96
1.0,20211215,0.95
1.0,20211216,0.95
1.0,20211217,0.94
1.0,20211218,0.93
1.0,20211219,0.93
1.0,20211220,0.92
1.0,20211221,0.92
1.0,20211222,0.91
1.0,20211223,0.9
1.0,20211224,0.9
1.0,20211225,0.89
1.0,20211226,0.88
1.0,20211227,0.88
1.0,20211228,0.87
1.0,20211229,0.87
1.0,20211230,0.89
1.0,20211231,0.96
1.0,20220101,0.96
1.0,20220102,0.95
1.0,20220103,0.94
1.0,20220104,0.93
1.0,20220105,0.93
1.0,20220106,0.92
1.0,20220107,0.91
1.0,20220108,0.91
1.0,20220109,0.9
1.0,20220110,0.9
1.0,20220111,0.89
1.0,20220112,0.88
1.0,20220113,0.87
1.0,20220114,0.87
1.0,20220115,0.86
1.0,20220116,0.86
1.0,20220117,0.86
1.0,20220118,0.86
1.0,20220119,0.85
1.0,20220120,0.85
1.0,20220121,0.84
1.0,20220122,0.83
1.0,20220123,0.83
1.0,20220124,0.83
1.0,20220125,0.82
1.0,20220126,0.82
1.0,20220127,0.81
1.0,20220128,0.8
1.0,20220129,0.8
1.0,20220130,0.79
1.0,20220131,0.78
1.0,20220201,0.78
1.0,20220202,0.77
1.0,20220203,0.76
1.0,20220204,0.76
1.0,20220205,0.75
1.0,20220206,0.74
1.0,20220207,0.74
1.0,20220208,0.73
1.0,20220209,0.72
1.0,20220210,0.72
1.0,20220211,0.71
1.0,20220212,0.71
1.0,20220213,0.7
1.0,20220214,0.69
1.0,20220215,0.69
1.0,20220216,0.68
1.0,20220217,0.68
1.0,20220218,0.67
1.0,20220219,0.67
1.0,20220220,0.66
1.0,20220221,0.66
1.0,20220222,0.65
1.0,20220223,0.65
1.0,20220224,0.64
1.0,20220225,0.64
1.0,20220226,0.63
1.0,20220227,0.63
1.0,20220228,0.62
1.0,20220301,0.62
1.0,20220302,0.61
1.0,20220303,0.61
1.0,20220304,0.61
1.0,20220305,0.6
1.0,20220306,0.6
1.0,20220307,0.6
1.0,20220308,0.59
1.0,20220309,0.59
1.0,20220310,0.59
1.0,20220311,0.58
1.0,20220312,0.58
1.0,20220313,0.57
1.0,20220314,0.57
1.0,20220315,0.57
1.0,20220316,0.56
1.0,20220317,0.56
1.0,20220318,0.55
1.0,20220319,0.55
1.0,20220320,0.55
1.0,20220321,0.55
1.0,20220322,0.55
1.0,20220323,0.54
1.0,20220324,0.54
1.0,20220325,0.54
1.0,20220326,0.53
1.0,20220327,0.53
1.0,20220328,0.53
1.0,20220329,0.53
1.0,20220330,0.53
1.0,20220331,0.52
1.0,20220401,0.52
1.0,20220402,0.52
1.0,20220403,0.52
1.0,20220404,0.52
1.0,20220405,0.52
1.0,20220406,0.52
1.0,20220407,0.52
1.0,20220408,0.52
1.0,20220409,0.52
1.0,20220410,0.52
1.0,20220411,0.52
1.0,20220412,0.52
1.0,20220413,0.52
1.0,20220414,0.52
1.0,20220415,0.52
1.0,20220416,0.52
1.0,20220417,0.52
1.0,20220418,0.52
1.0,20220419,0.52
1.0,20220420,0.52
1.0,20220421,0.52
1.0,20220422,0.51
1.0,20220423,0.51
1.0,20220424,0.51
1.0,20220425,0.51
1.0,20220426,0.51
1.0,20220427,0.51
1.0,20220428,0.51
1.0,20220429,0.51
1.0,20220430,0.51
1.0,20220501,0.51
1.0,20220502,0.51
1.0,20220503,0.52
1.0,20220504,0.52
1.0,20220505,0.52
1.0,20220506,0.52
1.0,20220507,0.54
1.0,20220508,0.54
1.0,20220509,0.53
1.0,20220510,0.54
1.0,20220511,0.55
1.0,20220512,0.55
1.0,20220513,0.57
1.0,20220514,0.56
1.0,20220515,0.56
1.0,20220516,0.58
1.0,20220517,0.58
1.0,20220518,0.58
1.0,20220519,0.57
1.0,20220520,0.57
1.0,20220521,0.56
1.0,20220522,0.56
1.0,20220523,0.55
1.0,20220524,0.55
1.0,20220525,0.55
1.0,20220526,0.55
1.0,20220527,0.55
1.0,20220528,0.55
1.0,20220529,0.54
1.0,20220530,0.54
1.0,20220531,0.54
1.0,20220601,0.53
1.0,20220602,0.53
1.0,20220603,0.53
1.0,20220604,0.53
1.0,20220605,0.53
1.0,20220606,0.53
1.0,20220607,0.53
1.0,20220608,0.53
1.0,20220609,0.53
1.0,20220610,0.53
1.0,20220611,0.53
1.0,20220612,0.53
1.0,20220613,0.53
1.0,20220614,0.53
1.0,20220615,0.54
1.0,20220616,0.55
1.0,20220617,0.56
1.0,20220618,0.56
1.0,20220619,0.59
1.0,20220620,0.64
1.0,20220621,0.66
1.0,20220622,0.68
1.0,20220623,0.67
1.0,20220624,0.67
1.0,20220625,0.67
1.0,20220626,0.66
1.0,20220627,0.65
1.0,20220628,0.66
1.0,20220629,0.65
1.0,20220630,0.66
1.0,20220701,0.66
1.0,20220702,0.66
1.0,20220703,0.66
1.0,20220704,0.66
1.0,20220705,0.66
1.0,20220706,0.67
1.0,20220707,0.66
1.0,20220708,0.66
1.0,20220709,0.66
1.0,20220710,0.66
1.0,20220711,0.65
1.0,20220712,0.65
1.0,20220713,0.65
1.0,20220714,0.64
1.0,20220715,0.63
1.0,20220716,0.63
1.0,20220717,0.65
1.0,20220718,0.65
1.0,20220719,0.64
1.0,20220720,0.65
1.0,20220721,0.66
1.0,20220722,0.68
1.0,20220723,0.68
1.0,20220724,0.68
1.0,20220725,0.68
1.0,20220726,0.69
1.0,20220727,0.68
1.0,20220728,0.68
1.0,20220729,0.68
1.0,20220730,0.67
1.0,20220731,0.67
1.0,20220801,0.67
1.0,20220802,0.68
2.0,20210902,0.73
2.0,20210903,0.73
2.0,20210904,0.74
2.0,20210905,0.75
2.0,20210906,0.75
2.0,20210907,0.75
2.0,20210908,0.74
2.0,20210909,0.74
2.0,20210910,0.73
2.0,20210911,0.73
2.0,20210912,0.72
2.0,20210913,0.72
2.0,20210914,0.71
2.0,20210915,0.71
2.0,20210916,0.71
2.0,20210917,0.71
2.0,20210918,0.71
2.0,20210919,0.71
2.0,20210920,0.71
2.0,20210921,0.71
2.0,20210922,0.74
2.0,20210923,0.74
2.0,20210924,0.74
2.0,20210925,0.73
2.0,20210926,0.75
2.0,20210927,0.74
2.0,20210928,0.73
2.0,20210929,0.73
2.0,20210930,0.73
2.0,20211001,0.73
2.0,20211002,0.73
2.0,20211003,0.73
2.0,20211004,0.73
2.0,20211005,0.76
2.0,20211006,0.79
2.0,20211007,0.79
2.0,20211008,0.78
2.0,20211009,0.78
2.0,20211010,0.79
2.0,20211011,0.8
2.0,20211012,0.79
2.0,20211013,0.8
2.0,20211014,0.79
2.0,20211015,0.79
2.0,20211016,0.79
2.0,20211017,0.79
2.0,20211018,0.79
2.0,20211019,0.78
2.0,20211020,0.78
2.0,20211021,0.79
2.0,20211022,0.78
2.0,20211023,0.78
2.0,20211024,0.78
2.0,20211025,0.78
2.0,20211026,0.77
2.0,20211027,0.77
2.0,20211028,0.76
2.0,20211029,0.79
2.0,20211030,0.83
2.0,20211031,0.83
2.0,20211101,0.86
2.0,20211102,0.88
2.0,20211103,0.91
2.0,20211104,0.92
2.0,20211105,0.92
2.0,20211106,0.94
2.0,20211107,0.97
2.0,20211108,0.98
2.0,20211109,0.98
2.0,20211110,0.99
2.0,20211111,1.0
2.0,20211112,0.99
2.0,20211113,0.99
2.0,20211114,0.99
2.0,20211115,0.99
2.0,20211116,0.99
2.0,20211117,0.99
2.0,20211118,1.0
2.0,20211119,1.0
2.0,20211120,1.0
2.0,20211121,1.0
2.0,20211122,0.99
2.0,20211123,0.99
2.0,20211124,0.99
2.0,20211125,0.99
2.0,20211126,1.0
2.0,20211127,1.0
2.0,20211128,1.0
2.0,20211129,1.0
2.0,20211130,1.0
2.0,20211201,1.0
2.0,20211202,1.0
2.0,20211203,0.99
2.0,20211204,0.99
2.0,20211205,0.99
2.0,20211206,0.98
2.0,20211207,0.98
2.0,20211208,0.97
2.0,20211209,0.97
2.0,20211210,0.97
2.0,20211211,0.96
2.0,20211212,0.96
2.0,20211213,0.96
2.0,20211214,0.96
2.0,20211215,0.95
2.0,20211216,0.95
2.0,20211217,0.94
2.0,20211218,0.93
2.0,20211219,0.93
2.0,20211220,0.92
2.0,20211221,0.92
2.0,20211222,0.91
2.0,20211223,0.9
2.0,20211224,0.9
2.0,20211225,0.89
2.0,20211226,0.88
2.0,20211227,0.88
2.0,20211228,0.87
2.0,20211229,0.87
2.0,20211230,0.89
2.0,20211231,0.96
2.0,20220101,0.96
2.0,20220102,0.95
2.0,20220103,0.94
2.0,20220104,0.93
2.0,20220105,0.93
2.0,20220106,0.92
2.0,20220107,0.91
2.0,20220108,0.91
2.0,20220109,0.9
2.0,20220110,0.9
2.0,20220111,0.89
2.0,20220112,0.88
2.0,20220113,0.87
2.0,20220114,0.87
2.0,20220115,0.86
2.0,20220116,0.86
2.0,20220117,0.86
2.0,20220118,0.86
2.0,20220119,0.85
2.0,20220120,0.85
2.0,20220121,0.84
2.0,20220122,0.83
2.0,20220123,0.83
2.0,20220124,0.83
2.0,20220125,0.82
2.0,20220126,0.82
2.0,20220127,0.81
2.0,20220128,0.8
2.0,20220129,0.8
2.0,20220130,0.79
2.0,20220131,0.78
2.0,20220201,0.78
2.0,20220202,0.77
2.0,20220203,0.76
2.0,20220204,0.76
2.0,20220205,0.75
2.0,20220206,0.74
2.0,20220207,0.74
2.0,20220208,0.73
2.0,20220209,0.72
2.0,20220210,0.72
2.0,20220211,0.71
2.0,20220212,0.71
2.0,20220213,0.7
2.0,20220214,0.69
2.0,20220215,0.69
2.0,20220216,0.68
2.0,20220217,0.68
2.0,20220218,0.67
2.0,20220219,0.67
2.0,20220220,0.66
2.0,20220221,0.66
2.0,20220222,0.65
2.0,20220223,0.65
2.0,20220224,0.64
2.0,20220225,0.64
2.0,20220226,0.63
2.0,20220227,0.63
2.0,20220228,0.62
2.0,20220301,0.62
2.0,20220302,0.61
2.0,20220303,0.61
2.0,20220304,0.61
2.0,20220305,0.6
2.0,20220306,0.6
2.0,20220307,0.6
2.0,20220308,0.59
2.0,20220309,0.59
2.0,20220310,0.59
2.0,20220311,0.58
2.0,20220312,0.58
2.0,20220313,0.57
2.0,20220314,0.57
2.0,20220315,0.57
2.0,20220316,0.56
2.0,20220317,0.56
2.0,20220318,0.55
2.0,20220319,0.55
2.0,20220320,0.55
2.0,20220321,0.55
2.0,20220322,0.55
2.0,20220323,0.54
2.0,20220324,0.54
2.0,20220325,0.54
2.0,20220326,0.53
2.0,20220327,0.53
2.0,20220328,0.53
2.0,20220329,0.53
2.0,20220330,0.53
2.0,20220331,0.52
2.0,20220401,0.52
2.0,20220402,0.52
2.0,20220403,0.52
2.0,20220404,0.52
2.0,20220405,0.52
2.0,20220406,0.52
2.0,20220407,0.52
2.0,20220408,0.52
2.0,20220409,0.52
2.0,20220410,0.52
2.0,20220411,0.52
2.0,20220412,0.52
2.0,20220413,0.52
2.0,20220414,0.52
2.0,20220415,0.52
2.0,20220416,0.52
2.0,20220417,0.52
2.0,20220418,0.52
2.0,20220419,0.52
2.0,20220420,0.52
2.0,20220421,0.52
2.0,20220422,0.51
2.0,20220423,0.51
2.0,20220424,0.51
2.0,20220425,0.51
2.0,20220426,0.51
2.0,20220427,0.51
2.0,20220428,0.51
2.0,20220429,0.51
2.0,20220430,0.51
2.0,20220501,0.51
2.0,20220502,0.51
2.0,20220503,0.52
2.0,20220504,0.52
2.0,20220505,0.52
2.0,20220506,0.52
2.0,20220507,0.54
2.0,20220508,0.54
2.0,20220509,0.53
2.0,20220510,0.54
2.0,20220511,0.55
2.0,20220512,0.55
2.0,20220513,0.57
2.0,20220514,0.56
2.0,20220515,0.56
2.0,20220516,0.58
2.0,20220517,0.58
2.0,20220518,0.58
2.0,20220519,0.57
2.0,20220520,0.57
2.0,20220521,0.56
2.0,20220522,0.56
2.0,20220523,0.55
2.0,20220524,0.55
2.0,20220525,0.55
2.0,20220526,0.55
2.0,20220527,0.55
2.0,20220528,0.55
2.0,20220529,0.54
2.0,20220530,0.54
2.0,20220531,0.54
2.0,20220601,0.53
2.0,20220602,0.53
2.0,20220603,0.53
2.0,20220604,0.53
2.0,20220605,0.53
2.0,20220606,0.53
2.0,20220607,0.53
2.0,20220608,0.53
2.0,20220609,0.53
2.0,20220610,0.53
2.0,20220611,0.53
2.0,20220612,0.53
2.0,20220613,0.53
2.0,20220614,0.53
2.0,20220615,0.54
2.0,20220616,0.55
2.0,20220617,0.56
2.0,20220618,0.56
2.0,20220619,0.59
2.0,20220620,0.64
2.0,20220621,0.66
2.0,20220622,0.68
2.0,20220623,0.67
2.0,20220624,0.67
2.0,20220625,0.67
2.0,20220626,0.66
2.0,20220627,0.65
2.0,20220628,0.66
2.0,20220629,0.65
2.0,20220630,0.66
2.0,20220701,0.66
2.0,20220702,0.66
2.0,20220703,0.66
2.0,20220704,0.66
2.0,20220705,0.66
2.0,20220706,0.67
2.0,20220707,0.66
2.0,20220708,0.66
2.0,20220709,0.66
2.0,20220710,0.66
2.0,20220711,0.65
2.0,20220712,0.65
2.0,20220713,0.65
2.0,20220714,0.64
2.0,20220715,0.63
2.0,20220716,0.63
2.0,20220717,0.65
2.0,20220718,0.65
2.0,20220719,0.64
2.0,20220720,0.65
2.0,20220721,0.66
2.0,20220722,0.68
2.0,20220723,0.68
2.0,20220724,0.68
2.0,20220725,0.68
2.0,20220726,0.69
2.0,20220727,0.68
2.0,20220728,0.68
2.0,20220729,0.68
2.0,20220730,0.67
2.0,20220731,0.67
2.0,20220801,0.67
2.0,20220802,0.68
3.0,20210902,0.73
3.0,20210903,0.73
3.0,20210904,0.74
3.0,20210905,0.75
3.0,20210906,0.75
3.0,20210907,0.75
3.0,20210908,0.74
3.0,20210909,0.74
3.0,20210910,0.73
3.0,20210911,0.73
3.0,20210912,0.72
3.0,20210913,0.72
3.0,20210914,0.71
3.0,20210915,0.71
3.0,20210916,0.71
3.0,20210917,0.71
3.0,20210918,0.71
3.0,20210919,0.71
3.0,20210920,0.71
3.0,20210921,0.71
3.0,20210922,0.74
3.0,20210923,0.74
3.0,20210924,0.74
3.0,20210925,0.73
3.0,20210926,0.75
3.0,20210927,0.74
3.0,20210928,0.73
3.0,20210929,0.73
3.0,20210930,0.73
3.0,20211001,0.73
3.0,20211002,0.73
3.0,20211003,0.73
3.0,20211004,0.73
3.0,20211005,0.76
3.0,20211006,0.79
3.0,20211007,0.79
3.0,20211008,0.78
3.0,20211009,0.78
3.0,20211010,0.79
3.0,20211011,0.8
3.0,20211012,0.79
3.0,20211013,0.8
3.0,20211014,0.79
3.0,20211015,0.79
3.0,20211016,0.79
3.0,20211017,0.79
3.0,20211018,0.79
3.0,20211019,0.78
3.0,20211020,0.78
3.0,20211021,0.79
3.0,20211022,0.78
3.0,20211023,0.78
3.0,20211024,0.78
3.0,20211025,0.78
3.0,20211026,0.77
3.0,20211027,0.77
3.0,20211028,0.76
3.0,20211029,0.79
3.0,20211030,0.83
3.0,20211031,0.83
3.0,20211101,0.86
3.0,20211102,0.88
3.0,20211103,0.91
3.0,20211104,0.92
3.0,20211105,0.92
3.0,20211106,0.94
3.0,20211107,0.97
3.0,20211108,0.98
3.0,20211109,0.98
3.0,20211110,0.99
3.0,20211111,1.0
3.0,20211112,0.99
3.0,20211113,0.99
3.0,20211114,0.99
3.0,20211115,0.99
3.0,20211116,0.99
3.0,20211117,0.99
3.0,20211118,1.0
3.0,20211119,1.0
3.0,20211120,1.0
3.0,20211121,1.0
3.0,20211122,0.99
3.0,20211123,0.99
3.0,20211124,0.99
3.0,20211125,0.99
3.0,20211126,1.0
3.0,20211127,1.0
3.0,20211128,1.0
3.0,20211129,1.0
3.0,20211130,1.0
3.0,20211201,1.0
3.0,20211202,1.0
3.0,20211203,0.99
3.0,20211204,0.99
3.0,20211205,0.99
3.0,20211206,0.98
3.0,20211207,0.98
3.0,20211208,0.97
3.0,20211209,0.97
3.0,20211210,0.97
3.0,20211211,0.96
3.0,20211212,0.96
3.0,20211213,0.96
3.0,20211214,0.96
3.0,20211215,0.95
3.0,20211216,0.95
3.0,20211217,0.94
3.0,20211218,0.93
3.0,20211219,0.93
3.0,20211220,0.92
3.0,20211221,0.92
3.0,20211222,0.91
3.0,20211223,0.9
3.0,20211224,0.9
3.0,20211225,0.89
3.0,20211226,0.88
3.0,20211227,0.88
3.0,20211228,0.87
3.0,20211229,0.87
3.0,20211230,0.89
3.0,20211231,0.96
3.0,20220101,0.96
3.0,20220102,0.95
3.0,20220103,0.94
3.0,20220104,0.93
3.0,20220105,0.93
3.0,20220106,0.92
3.0,20220107,0.91
3.0,20220108,0.91
3.0,20220109,0.9
3.0,20220110,0.9
3.0,20220111,0.89
3.0,20220112,0.88
3.0,20220113,0.87
3.0,20220114,0.87
3.0,20220115,0.86
3.0,20220116,0.86
3.0,20220117,0.86
3.0,20220118,0.86
3.0,20220119,0.85
3.0,20220120,0.85
3.0,20220121,0.84
3.0,20220122,0.83
3.0,20220123,0.83
3.0,20220124,0.83
3.0,20220125,0.82
3.0,20220126,0.82
3.0,20220127,0.81
3.0,20220128,0.8
3.0,20220129,0.8
3.0,20220130,0.79
3.0,20220131,0.78
3.0,20220201,0.78
3.0,20220202,0.77
3.0,20220203,0.76
3.0,20220204,0.76
3.0,20220205,0.75
3.0,20220206,0.74
3.0,20220207,0.74
3.0,20220208,0.73
3.0,20220209,0.72
3.0,20220210,0.72
3.0,20220211,0.71
3.0,20220212,0.71
3.0,20220213,0.7
3.0,20220214,0.69
3.0,20220215,0.69
3.0,20220216,0.68
3.0,20220217,0.68
3.0,20220218,0.67
3.0,20220219,0.67
3.0,20220220,0.66
3.0,20220221,0.66
3.0,20220222,0.65
3.0,20220223,0.65
3.0,20220224,0.64
3.0,20220225,0.64
3.0,20220226,0.63
3.0,20220227,0.63
3.0,20220228,0.62
3.0,20220301,0.62
3.0,20220302,0.61
3.0,20220303,0.61
3.0,20220304,0.61
3.0,20220305,0.6
3.0,20220306,0.6
3.0,20220307,0.6
3.0,20220308,0.59
3.0,20220309,0.59
3.0,20220310,0.59
3.0,20220311,0.58
3.0,20220312,0.58
3.0,20220313,0.57
3.0,20220314,0.57
3.0,20220315,0.57
3.0,20220316,0.56
3.0,20220317,0.56
3.0,20220318,0.55
3.0,20220319,0.55
3.0,20220320,0.55
3.0,20220321,0.55
3.0,20220322,0.55
3.0,20220323,0.54
3.0,20220324,0.54
3.0,20220325,0.54
3.0,20220326,0.53
3.0,20220327,0.53
3.0,20220328,0.53
3.0,20220329,0.53
3.0,20220330,0.53
3.0,20220331,0.52
3.0,20220401,0.52
3.0,20220402,0.52
3.0,20220403,0.52
3.0,20220404,0.52
3.0,20220405,0.52
3.0,20220406,0.52
3.0,20220407,0.52
3.0,20220408,0.52
3.0,20220409,0.52
3.0,20220410,0.52
3.0,20220411,0.52
3.0,20220412,0.52
3.0,20220413,0.52
3.0,20220414,0.52
3.0,20220415,0.52
3.0,20220416,0.52
3.0,20220417,0.52
3.0,20220418,0.52
3.0,20220419,0.52
3.0,20220420,0.52
3.0,20220421,0.52
3.0,20220422,0.51
3.0,20220423,0.51
3.0,20220424,0.51
3.0,20220425,0.51
3.0,20220426,0.51
3.0,20220427,0.51
3.0,20220428,0.51
3.0,20220429,0.51
3.0,20220430,0.51
3.0,20220501,0.51
3.0,20220502,0.51
3.0,20220503,0.52
3.0,20220504,0.52
3.0,20220505,0.52
3.0,20220506,0.52
3.0,20220507,0.54
3.0,20220508,0.54
3.0,20220509,0.53
3.0,20220510,0.54
3.0,20220511,0.55
3.0,20220512,0.55
3.0,20220513,0.57
3.0,20220514,0.56
3.0,20220515,0.56
3.0,20220516,0.58
3.0,20220517,0.58
3.0,20220518,0.58
3.0,20220519,0.57
3.0,20220520,0.57
3.0,20220521,0.56
3.0,20220522,0.56
3.0,20220523,0.55
3.0,20220524,0.55
3.0,20220525,0.55
3.0,20220526,0.55
3.0,20220527,0.55
3.0,20220528,0.55
3.0,20220529,0.54
3.0,20220530,0.54
3.0,20220531,0.54
3.0,20220601,0.53
3.0,20220602,0.53
3.0,20220603,0.53
3.0,20220604,0.53
3.0,20220605,0.53
3.0,20220606,0.53
3.0,20220607,0.53
3.0,20220608,0.53
3.0,20220609,0.53
3.0,20220610,0.53
3.0,20220611,0.53
3.0,20220612,0.53
3.0,20220613,0.53
3.0,20220614,0.53
3.0,20220615,0.54
3.0,20220616,0.55
3.0,20220617,0.56
3.0,20220618,0.56
3.0,20220619,0.59
3.0,20220620,0.64
3.0,20220621,0.66
3.0,20220622,0.68
3.0,20220623,0.67
3.0,20220624,0.67
3.0,20220625,0.67
3.0,20220626,0.66
3.0,20220627,0.65
3.0,20220628,0.66
3.0,20220629,0.65
3.0,20220630,0.66
3.0,20220701,0.66
3.0,20220702,0.66
3.0,20220703,0.66
3.0,20220704,0.66
3.0,20220705,0.66
3.0,20220706,0.67
3.0,20220707,0.66
3.0,20220708,0.66
3.0,20220709,0.66
3.0,20220710,0.66
3.0,20220711,0.65
3.0,20220712,0.65
3.0,20220713,0.65
3.0,20220714,0.64
3.0,20220715,0.63
3.0,20220716,0.63
3.0,20220717,0.65
3.0,20220718,0.65
3.0,20220719,0.64
3.0,20220720,0.65
3.0,20220721,0.66
3.0,20220722,0.68
3.0,20220723,0.68
3.0,20220724,0.68
3.0,20220725,0.68
3.0,20220726,0.69
3.0,20220727,0.68
3.0,20220728,0.68
3.0,20220729,0.68
3.0,20220730,0.67
3.0,20220731,0.67
3.0,20220801,0.67
3.0,20220802,0.68
4.0,20210902,0.73
4.0,20210903,0.73
4.0,20210904,0.74
4.0,20210905,0.75
4.0,20210906,0.75
4.0,20210907,0.75
4.0,20210908,0.74
4.0,20210909,0.74
4.0,20210910,0.73
4.0,20210911,0.73
4.0,20210912,0.72
4.0,20210913,0.72
4.0,20210914,0.71
4.0,20210915,0.71
4.0,20210916,0.71
4.0,20210917,0.71
4.0,20210918,0.71
4.0,20210919,0.71
4.0,20210920,0.71
4.0,20210921,0.71
4.0,20210922,0.74
4.0,20210923,0.74
4.0,20210924,0.74
4.0,20210925,0.73
4.0,20210926,0.75
4.0,20210927,0.74
4.0,20210928,0.73
4.0,20210929,0.73
4.0,20210930,0.73
4.0,20211001,0.73
4.0,20211002,0.73
4.0,20211003,0.73
4.0,20211004,0.73
4.0,20211005,0.76
4.0,20211006,0.79
4.0,20211007,0.79
4.0,20211008,0.78
4.0,20211009,0.78
4.0,20211010,0.79
4.0,20211011,0.8
4.0,20211012,0.79
4.0,20211013,0.8
4.0,20211014,0.79
4.0,20211015,0.79
4.0,20211016,0.79
4.0,20211017,0.79
4.0,20211018,0.79
4.0,20211019,0.78
4.0,20211020,0.78
4.0,20211021,0.79
4.0,20211022,0.78
4.0,20211023,0.78
4.0,20211024,0.78
4.0,20211025,0.78
4.0,20211026,0.77
4.0,20211027,0.77
4.0,20211028,0.76
4.0,20211029,0.79
4.0,20211030,0.83
4.0,20211031,0.83
4.0,20211101,0.86
4.0,20211102,0.88
4.0,20211103,0.91
4.0,20211104,0.92
4.0,20211105,0.92
4.0,20211106,0.94
4.0,20211107,0.97
4.0,20211108,0.98
4.0,20211109,0.98
4.0,20211110,0.99
4.0,20211111,1.0
4.0,20211112,0.99
4.0,20211113,0.99
4.0,20211114,0.99
4.0,20211115,0.99
4.0,20211116,0.99
4.0,20211117,0.99
4.0,20211118,1.0
4.0,20211119,1.0
4.0,20211120,1.0
4.0,20211121,1.0
4.0,20211122,0.99
4.0,20211123,0.99
4.0,20211124,0.99
4.0,20211125,0.99
4.0,20211126,1.0
4.0,20211127,1.0
4.0,20211128,1.0
4.0,20211129,1.0
4.0,20211130,1.0
4.0,20211201,1.0
4.0,20211202,1.0
4.0,20211203,0.99
4.0,20211204,0.99
4.0,20211205,0.99
4.0,20211206,0.98
4.0,20211207,0.98
4.0,20211208,0.97
4.0,20211209,0.97
4.0,20211210,0.97
4.0,20211211,0.96
4.0,20211212,0.96
4.0,20211213,0.96
4.0,20211214,0.96
4.0,20211215,0.95
4.0,20211216,0.95
4.0,20211217,0.94
4.0,20211218,0.93
4.0,20211219,0.93
4.0,20211220,0.92
4.0,20211221,0.92
4.0,20211222,0.91
4.0,20211223,0.9
4.0,20211224,0.9
4.0,20211225,0.89
4.0,20211226,0.88
4.0,20211227,0.88
4.0,20211228,0.87
4.0,20211229,0.87
4.0,20211230,0.89
4.0,20211231,0.96
4.0,20220101,0.96
4.0,20220102,0.95
4.0,20220103,0.94
4.0,20220104,0.93
4.0,20220105,0.93
4.0,20220106,0.92
4.0,20220107,0.91
4.0,20220108,0.91
4.0,20220109,0.9
4.0,20220110,0.9
4.0,20220111,0.89
4.0,20220112,0.88
4.0,20220113,0.87
4.0,20220114,0.87
4.0,20220115,0.86
4.0,20220116,0.86
4.0,20220117,0.86
4.0,20220118,0.86
4.0,20220119,0.85
4.0,20220120,0.85
4.0,20220121,0.84
4.0,20220122,0.83
4.0,20220123,0.83
4.0,20220124,0.83
4.0,20220125,0.82
4.0,20220126,0.82
4.0,20220127,0.81
4.0,20220128,0.8
4.0,20220129,0.8
4.0,20220130,0.79
4.0,20220131,0.78
4.0,20220201,0.78
4.0,20220202,0.77
4.0,20220203,0.76
4.0,20220204,0.76
4.0,20220205,0.75
4.0,20220206,0.74
4.0,20220207,0.74
4.0,20220208,0.73
4.0,20220209,0.72
4.0,20220210,0.72
4.0,20220211,0.71
4.0,20220212,0.71
4.0,20220213,0.7
4.0,20220214,0.69
4.0,20220215,0.69
4.0,20220216,0.68
4.0,20220217,0.68
4.0,20220218,0.67
4.0,20220219,0.67
4.0,20220220,0.66
4.0,20220221,0.66
4.0,20220222,0.65
4.0,20220223,0.65
4.0,20220224,0.64
4.0,20220225,0.64
4.0,20220226,0.63
4.0,20220227,0.63
4.0,20220228,0.62
4.0,20220301,0.62
4.0,20220302,0.61
4.0,20220303,0.61
4.0,20220304,0.61
4.0,20220305,0.6
4.0,20220306,0.6
4.0,20220307,0.6
4.0,20220308,0.59
4.0,20220309,0.59
4.0,20220310,0.59
4.0,20220311,0.58
4.0,20220312,0.58
4.0,20220313,0.57
4.0,20220314,0.57
4.0,20220315,0.57
4.0,20220316,0.56
4.0,20220317,0.56
4.0,20220318,0.55
4.0,20220319,0.55
4.0,20220320,0.55
4.0,20220321,0.55
4.0,20220322,0.55
4.0,20220323,0.54
4.0,20220324,0.54
4.0,20220325,0.54
4.0,20220326,0.53
4.0,20220327,0.53
4.0,20220328,0.53
4.0,20220329,0.53
4.0,20220330,0.53
4.0,20220331,0.52
4.0,20220401,0.52
4.0,20220402,0.52
4.0,20220403,0.52
4.0,20220404,0.52
4.0,20220405,0.52
4.0,20220406,0.52
4.0,20220407,0.52
4.0,20220408,0.52
4.0,20220409,0.52
4.0,20220410,0.52
4.0,20220411,0.52
4.0,20220412,0.52
4.0,20220413,0.52
4.0,20220414,0.52
4.0,20220415,0.52
4.0,20220416,0.52
4.0,20220417,0.52
4.0,20220418,0.52
4.0,20220419,0.52
4.0,20220420,0.52
4.0,20220421,0.52
4.0,20220422,0.51
4.0,20220423,0.51
4.0,20220424,0.51
4.0,20220425,0.51
4.0,20220426,0.51
4.0,20220427,0.51
4.0,20220428,0.51
4.0,20220429,0.51
4.0,20220430,0.51
4.0,20220501,0.51
4.0,20220502,0.51
4.0,20220503,0.52
4.0,20220504,0.52
4.0,20220505,0.52
4.0,20220506,0.52
4.0,20220507,0.54
4.0,20220508,0.54
4.0,20220509,0.53
4.0,20220510,0.54
4.0,20220511,0.55
4.0,20220512,0.55
4.0,20220513,0.57
4.0,20220514,0.56
4.0,20220515,0.56
4.0,20220516,0.58
4.0,20220517,0.58
4.0,20220518,0.58
4.0,20220519,0.57
4.0,20220520,0.57
4.0,20220521,0.56
4.0,20220522,0.56
4.0,20220523,0.55
4.0,20220524,0.55
4.0,20220525,0.55
4.0,20220526,0.55
4.0,20220527,0.55
4.0,20220528,0.55
4.0,20220529,0.54
4.0,20220530,0.54
4.0,20220531,0.54
4.0,20220601,0.53
4.0,20220602,0.53
4.0,20220603,0.53
4.0,20220604,0.53
4.0,20220605,0.53
4.0,20220606,0.53
4.0,20220607,0.53
4.0,20220608,0.53
4.0,20220609,0.53
4.0,20220610,0.53
4.0,20220611,0.53
4.0,20220612,0.53
4.0,20220613,0.53
4.0,20220614,0.53
4.0,20220615,0.54
4.0,20220616,0.55
4.0,20220617,0.56
4.0,20220618,0.56
4.0,20220619,0.59
4.0,20220620,0.64
4.0,20220621,0.66
4.0,20220622,0.68
4.0,20220623,0.67
4.0,20220624,0.67
4.0,20220625,0.67
4.0,20220626,0.66
4.0,20220627,0.65
4.0,20220628,0.66
4.0,20220629,0.65
4.0,20220630,0.66
4.0,20220701,0.66
4.0,20220702,0.66
4.0,20220703,0.66
4.0,20220704,0.66
4.0,20220705,0.66
4.0,20220706,0.67
4.0,20220707,0.66
4.0,20220708,0.66
4.0,20220709,0.66
4.0,20220710,0.66
4.0,20220711,0.65
4.0,20220712,0.65
4.0,20220713,0.65
4.0,20220714,0.64
4.0,20220715,0.63
4.0,20220716,0.63
4.0,20220717,0.65
4.0,20220718,0.65
4.0,20220719,0.64
4.0,20220720,0.65
4.0,20220721,0.66
4.0,20220722,0.68
4.0,20220723,0.68
4.0,20220724,0.68
4.0,20220725,0.68
4.0,20220726,0.69
4.0,20220727,0.68
4.0,20220728,0.68
4.0,20220729,0.68
4.0,20220730,0.67
4.0,20220731,0.67
4.0,20220801,0.67
4.0,20220802,0.68
5.0,20210902,0.73
5.0,20210903,0.73
5.0,20210904,0.74
5.0,20210905,0.75
5.0,20210906,0.75
5.0,20210907,0.75
5.0,20210908,0.74
5.0,20210909,0.74
5.0,20210910,0.73
5.0,20210911,0.73
5.0,20210912,0.72
5.0,20210913,0.72
5.0,20210914,0.71
5.0,20210915,0.71
5.0,20210916,0.71
5.0,20210917,0.71
5.0,20210918,0.71
5.0,20210919,0.71
5.0,20210920,0.71
5.0,20210921,0.71
5.0,20210922,0.74
5.0,20210923,0.74
5.0,20210924,0.74
5.0,20210925,0.73
5.0,20210926,0.75
5.0,20210927,0.74
5.0,20210928,0.73
5.0,20210929,0.73
5.0,20210930,0.73
5.0,20211001,0.73
5.0,20211002,0.73
5.0,20211003,0.73
5.0,20211004,0.73
5.0,20211005,0.76
5.0,20211006,0.79
5.0,20211007,0.79
5.0,20211008,0.78
5.0,20211009,0.78
5.0,20211010,0.79
5.0,20211011,0.8
5.0,20211012,0.79
5.0,20211013,0.8
5.0,20211014,0.79
5.0,20211015,0.79
5.0,20211016,0.79
5.0,20211017,0.79
5.0,20211018,0.79
5.0,20211019,0.78
5.0,20211020,0.78
5.0,20211021,0.79
5.0,20211022,0.78
5.0,20211023,0.78
5.0,20211024,0.78
5.0,20211025,0.78
5.0,20211026,0.77
5.0,20211027,0.77
5.0,20211028,0.76
5.0,20211029,0.79
5.0,20211030,0.83
5.0,20211031,0.83
5.0,20211101,0.86
5.0,20211102,0.88
5.0,20211103,0.91
5.0,20211104,0.92
5.0,20211105,0.92
5.0,20211106,0.94
5.0,20211107,0.97
5.0,20211108,0.98
5.0,20211109,0.98
5.0,20211110,0.99
5.0,20211111,1.0
5.0,20211112,0.99
5.0,20211113,0.99
5.0,20211114,0.99
5.0,20211115,0.99
5.0,20211116,0.99
5.0,20211117,0.99
5.0,20211118,1.0
5.0,20211119,1.0
5.0,20211120,1.0
5.0,20211121,1.0
5.0,20211122,0.99
5.0,20211123,0.99
5.0,20211124,0.99
5.0,20211125,0.99
5.0,20211126,1.0
5.0,20211127,1.0
5.0,20211128,1.0
5.0,20211129,1.0
5.0,20211130,1.0
5.0,20211201,1.0
5.0,20211202,1.0
5.0,20211203,0.99
5.0,20211204,0.99
5.0,20211205,0.99
5.0,20211206,0.98
5.0,20211207,0.98
5.0,20211208,0.97
5.0,20211209,0.97
5.0,20211210,0.97
5.0,20211211,0.96
5.0,20211212,0.96
5.0,20211213,0.96
5.0,20211214,0.96
5.0,20211215,0.95
5.0,20211216,0.95
5.0,20211217,0.94
5.0,20211218,0.93
5.0,20211219,0.93
5.0,20211220,0.92
5.0,20211221,0.92
5.0,20211222,0.91
5.0,20211223,0.9
5.0,20211224,0.9
5.0,20211225,0.89
5.0,20211226,0.88
5.0,20211227,0.88
5.0,20211228,0.87
5.0,20211229,0.87
5.0,20211230,0.89
5.0,20211231,0.96
5.0,20220101,0.96
5.0,20220102,0.95
5.0,20220103,0.94
5.0,20220104,0.93
5.0,20220105,0.93
5.0,20220106,0.92
5.0,20220107,0.91
5.0,20220108,0.91
5.0,20220109,0.9
5.0,20220110,0.9
5.0,20220111,0.89
5.0,20220112,0.88
5.0,20220113,0.87
5.0,20220114,0.87
5.0,20220115,0.86
5.0,20220116,0.86
5.0,20220117,0.86
5.0,20220118,0.86
5.0,20220119,0.85
5.0,20220120,0.85
5.0,20220121,0.84
5.0,20220122,0.83
5.0,20220123,0.83
5.0,20220124,0.83
5.0,20220125,0.82
5.0,20220126,0.82
5.0,20220127,0.81
5.0,20220128,0.8
5.0,20220129,0.8
5.0,20220130,0.79
5.0,20220131,0.78
5.0,20220201,0.78
5.0,20220202,0.77
5.0,20220203,0.76
5.0,20220204,0.76
5.0,20220205,0.75
5.0,20220206,0.74
5.0,20220207,0.74
5.0,20220208,0.73
5.0,20220209,0.72
5.0,20220210,0.72
5.0,20220211,0.71
5.0,20220212,0.71
5.0,20220213,0.7
5.0,20220214,0.69
5.0,20220215,0.69
5.0,20220216,0.68
5.0,20220217,0.68
5.0,20220218,0.67
5.0,20220219,0.67
5.0,20220220,0.66
5.0,20220221,0.66
5.0,20220222,0.65
5.0,20220223,0.65
5.0,20220224,0.64
5.0,20220225,0.64
5.0,20220226,0.63
5.0,20220227,0.63
5.0,20220228,0.62
5.0,20220301,0.62
5.0,20220302,0.61
5.0,20220303,0.61
5.0,20220304,0.61
5.0,20220305,0.6
5.0,20220306,0.6
5.0,20220307,0.6
5.0,20220308,0.59
5.0,20220309,0.59
5.0,20220310,0.59
5.0,20220311,0.58
5.0,20220312,0.58
5.0,20220313,0.57
5.0,20220314,0.57
5.0,20220315,0.57
5.0,20220316,0.56
5.0,20220317,0.56
5.0,20220318,0.55
5.0,20220319,0.55
5.0,20220320,0.55
5.0,20220321,0.55
5.0,20220322,0.55
5.0,20220323,0.54
5.0,20220324,0.54
5.0,20220325,0.54
5.0,20220326,0.53
5.0,20220327,0.53
5.0,20220328,0.53
5.0,20220329,0.53
5.0,20220330,0.53
5.0,20220331,0.52
5.0,20220401,0.52
5.0,20220402,0.52
5.0,20220403,0.52
5.0,20220404,0.52
5.0,20220405,0.52
5.0,20220406,0.52
5.0,20220407,0.52
5.0,20220408,0.52
5.0,20220409,0.52
5.0,20220410,0.52
5.0,20220411,0.52
5.0,20220412,0.52
5.0,20220413,0.52
5.0,20220414,0.52
5.0,20220415,0.52
5.0,20220416,0.52
5.0,20220417,0.52
5.0,20220418,0.52
5.0,20220419,0.52
5.0,20220420,0.52
5.0,20220421,0.52
5.0,20220422,0.51
5.0,20220423,0.51
5.0,20220424,0.51
5.0,20220425,0.51
5.0,20220426,0.51
5.0,20220427,0.51
5.0,20220428,0.51
5.0,20220429,0.51
5.0,20220430,0.51
5.0,20220501,0.51
5.0,20220502,0.51
5.0,20220503,0.52
5.0,20220504,0.52
5.0,20220505,0.52
5.0,20220506,0.52
5.0,20220507,0.54
5.0,20220508,0.54
5.0,20220509,0.53
5.0,20220510,0.54
5.0,20220511,0.55
5.0,20220512,0.55
5.0,20220513,0.57
5.0,20220514,0.56
5.0,20220515,0.56
5.0,20220516,0.58
5.0,20220517,0.58
5.0,20220518,0.58
5.0,20220519,0.57
5.0,20220520,0.57
5.0,20220521,0.56
5.0,20220522,0.56
5.0,20220523,0.55
5.0,20220524,0.55
5.0,20220525,0.55
5.0,20220526,0.55
5.0,20220527,0.55
5.0,20220528,0.55
5.0,20220529,0.54
5.0,20220530,0.54
5.0,20220531,0.54
5.0,20220601,0.53
5.0,20220602,0.53
5.0,20220603,0.53
5.0,20220604,0.53
5.0,20220605,0.53
5.0,20220606,0.53
5.0,20220607,0.53
5.0,20220608,0.53
5.0,20220609,0.53
5.0,20220610,0.53
5.0,20220611,0.53
5.0,20220612,0.53
5.0,20220613,0.53
5.0,20220614,0.53
5.0,20220615,0.54
5.0,20220616,0.55
5.0,20220617,0.56
5.0,20220618,0.56
5.0,20220619,0.59
5.0,20220620,0.64
5.0,20220621,0.66
5.0,20220622,0.68
5.0,20220623,0.67
5.0,20220624,0.67
5.0,20220625,0.67
5.0,20220626,0.66
5.0,20220627,0.65
5.0,20220628,0.66
5.0,20220629,0.65
5.0,20220630,0.66
5.0,20220701,0.66
5.0,20220702,0.66
5.0,20220703,0.66
5.0,20220704,0.66
5.0,20220705,0.66
5.0,20220706,0.67
5.0,20220707,0.66
5.0,20220708,0.66
5.0,20220709,0.66
5.0,20220710,0.66
5.0,20220711,0.65
5.0,20220712,0.65
5.0,20220713,0.65
5.0,20220714,0.64
5.0,20220715,0.63
5.0,20220716,0.63
5.0,20220717,0.65
5.0,20220718,0.65
5.0,20220719,0.64
5.0,20220720,0.65
5.0,20220721,0.66
5.0,20220722,0.68
5.0,20220723,0.68
5.0,20220724,0.68
5.0,20220725,0.68
5.0,20220726,0.69
5.0,20220727,0.68
5.0,20220728,0.68
5.0,20220729,0.68
5.0,20220730,0.67
5.0,20220731,0.67
5.0,20220801,0.67
5.0,20220802,0.68
6.0,20210902,0.73
6.0,20210903,0.73
6.0,20210904,0.74
6.0,20210905,0.75
6.0,20210906,0.75
6.0,20210907,0.75
6.0,20210908,0.74
6.0,20210909,0.74
6.0,20210910,0.73
6.0,20210911,0.73
6.0,20210912,0.72
6.0,20210913,0.72
6.0,20210914,0.71
6.0,20210915,0.71
6.0,20210916,0.71
6.0,20210917,0.71
6.0,20210918,0.71
6.0,20210919,0.71
6.0,20210920,0.71
6.0,20210921,0.71
6.0,20210922,0.74
6.0,20210923,0.74
6.0,20210924,0.74
6.0,20210925,0.73
6.0,20210926,0.75
6.0,20210927,0.74
6.0,20210928,0.73
6.0,20210929,0.73
6.0,20210930,0.73
6.0,20211001,0.73
6.0,20211002,0.73
6.0,20211003,0.73
6.0,20211004,0.73
6.0,20211005,0.76
6.0,20211006,0.79
6.0,20211007,0.79
6.0,20211008,0.78
6.0,20211009,0.78
6.0,20211010,0.79
6.0,20211011,0.8
6.0,20211012,0.79
6.0,20211013,0.8
6.0,20211014,0.79
6.0,20211015,0.79
6.0,20211016,0.79
6.0,20211017,0.79
6.0,20211018,0.79
6.0,20211019,0.78
6.0,20211020,0.78
6.0,20211021,0.79
6.0,20211022,0.78
6.0,20211023,0.78
6.0,20211024,0.78
6.0,20211025,0.78
6.0,20211026,0.77
6.0,20211027,0.77
6.0,20211028,0.76
6.0,20211029,0.79
6.0,20211030,0.83
6.0,20211031,0.83
6.0,20211101,0.86
6.0,20211102,0.88
6.0,20211103,0.91
6.0,20211104,0.92
6.0,20211105,0.92
6.0,20211106,0.94
6.0,20211107,0.97
6.0,20211108,0.98
6.0,20211109,0.98
6.0,20211110,0.99
6.0,20211111,1.0
6.0,20211112,0.99
6.0,20211113,0.99
6.0,20211114,0.99
6.0,20211115,0.99
6.0,20211116,0.99
6.0,20211117,0.99
6.0,20211118,1.0
6.0,20211119,1.0
6.0,20211120,1.0
6.0,20211121,1.0
6.0,20211122,0.99
6.0,20211123,0.99
6.0,20211124,0.99
6.0,20211125,0.99
6.0,20211126,1.0
6.0,20211127,1.0
6.0,20211128,1.0
6.0,20211129,1.0
6.0,20211130,1.0
6.0,20211201,1.0
6.0,20211202,1.0
6.0,20211203,0.99
6.0,20211204,0.99
6.0,20211205,0.99
6.0,20211206,0.98
6.0,20211207,0.98
6.0,20211208,0.97
6.0,20211209,0.97
6.0,20211210,0.97
6.0,20211211,0.96
6.0,20211212,0.96
6.0,20211213,0.96
6.0,20211214,0.96
6.0,20211215,0.95
6.0,20211216,0.95
6.0,20211217,0.94
6.0,20211218,0.93
6.0,20211219,0.93
6.0,20211220,0.92
6.0,20211221,0.92
6.0,20211222,0.91
6.0,20211223,0.9
6.0,20211224,0.9
6.0,20211225,0.89
6.0,20211226,0.88
6.0,20211227,0.88
6.0,20211228,0.87
6.0,20211229,0.87
6.0,20211230,0.89
6.0,20211231,0.96
6.0,20220101,0.96
6.0,20220102,0.95
6.0,20220103,0.94
6.0,20220104,0.93
6.0,20220105,0.93
6.0,20220106,0.92
6.0,20220107,0.91
6.0,20220108,0.91
6.0,20220109,0.9
6.0,20220110,0.9
6.0,20220111,0.89
6.0,20220112,0.88
6.0,20220113,0.87
6.0,20220114,0.87
6.0,20220115,0.86
6.0,20220116,0.86
6.0,20220117,0.86
6.0,20220118,0.86
6.0,20220119,0.85
6.0,20220120,0.85
6.0,20220121,0.84
6.0,20220122,0.83
6.0,20220123,0.83
6.0,20220124,0.83
6.0,20220125,0.82
6.0,20220126,0.82
6.0,20220127,0.81
6.0,20220128,0.8
6.0,20220129,0.8
6.0,20220130,0.79
6.0,20220131,0.78
6.0,20220201,0.78
6.0,20220202,0.77
6.0,20220203,0.76
6.0,20220204,0.76
6.0,20220205,0.75
6.0,20220206,0.74
6.0,20220207,0.74
6.0,20220208,0.73
6.0,20220209,0.72
6.0,20220210,0.72
6.0,20220211,0.71
6.0,20220212,0.71
6.0,20220213,0.7
6.0,20220214,0.69
6.0,20220215,0.69
6.0,20220216,0.68
6.0,20220217,0.68
6.0,20220218,0.67
6.0,20220219,0.67
6.0,20220220,0.66
6.0,20220221,0.66
6.0,20220222,0.65
6.0,20220223,0.65
6.0,20220224,0.64
6.0,20220225,0.64
6.0,20220226,0.63
6.0,20220227,0.63
6.0,20220228,0.62
6.0,20220301,0.62
6.0,20220302,0.61
6.0,20220303,0.61
6.0,20220304,0.61
6.0,20220305,0.6
6.0,20220306,0.6
6.0,20220307,0.6
6.0,20220308,0.59
6.0,20220309,0.59
6.0,20220310,0.59
6.0,20220311,0.58
6.0,20220312,0.58
6.0,20220313,0.57
6.0,20220314,0.57
6.0,20220315,0.57
6.0,20220316,0.56
6.0,20220317,0.56
6.0,20220318,0.55
6.0,20220319,0.55
6.0,20220320,0.55
6.0,20220321,0.55
6.0,20220322,0.55
6.0,20220323,0.54
6.0,20220324,0.54
6.0,20220325,0.54
6.0,20220326,0.53
6.0,20220327,0.53
6.0,20220328,0.53
6.0,20220329,0.53
6.0,20220330,0.53
6.0,20220331,0.52
6.0,20220401,0.52
6.0,20220402,0.52
6.0,20220403,0.52
6.0,20220404,0.52
6.0,20220405,0.52
6.0,20220406,0.52
6.0,20220407,0.52
6.0,20220408,0.52
6.0,20220409,0.52
6.0,20220410,0.52
6.0,20220411,0.52
6.0,20220412,0.52
6.0,20220413,0.52
6.0,20220414,0.52
6.0,20220415,0.52
6.0,20220416,0.52
6.0,20220417,0.52
6.0,20220418,0.52
6.0,20220419,0.52
6.0,20220420,0.52
6.0,20220421,0.52
6.0,20220422,0.51
6.0,20220423,0.51
6.0,20220424,0.51
6.0,20220425,0.51
6.0,20220426,0.51
6.0,20220427,0.51
6.0,20220428,0.51
6.0,20220429,0.51
6.0,20220430,0.51
6.0,20220501,0.51
6.0,20220502,0.51
6.0,20220503,0.52
6.0,20220504,0.52
6.0,20220505,0.52
6.0,20220506,0.52
6.0,20220507,0.54
6.0,20220508,0.54
6.0,20220509,0.53
6.0,20220510,0.54
6.0,20220511,0.55
6.0,20220512,0.55
6.0,20220513,0.57
6.0,20220514,0.56
6.0,20220515,0.56
6.0,20220516,0.58
6.0,20220517,0.58
6.0,20220518,0.58
6.0,20220519,0.57
6.0,20220520,0.57
6.0,20220521,0.56
6.0,20220522,0.56
6.0,20220523,0.55
6.0,20220524,0.55
6.0,20220525,0.55
6.0,20220526,0.55
6.0,20220527,0.55
6.0,20220528,0.55
6.0,20220529,0.54
6.0,20220530,0.54
6.0,20220531,0.54
6.0,20220601,0.53
6.0,20220602,0.53
6.0,20220603,0.53
6.0,20220604,0.53
6.0,20220605,0.53
6.0,20220606,0.53
6.0,20220607,0.53
6.0,20220608,0.53
6.0,20220609,0.53
6.0,20220610,0.53
6.0,20220611,0.53
6.0,20220612,0.53
6.0,20220613,0.53
6.0,20220614,0.53
6.0,20220615,0.54
6.0,20220616,0.55
6.0,20220617,0.56
6.0,20220618,0.56
6.0,20220619,0.59
6.0,20220620,0.64
6.0,20220621,0.66
6.0,20220622,0.68
6.0,20220623,0.67
6.0,20220624,0.67
6.0,20220625,0.67
6.0,20220626,0.66
6.0,20220627,0.65
6.0,20220628,0.66
6.0,20220629,0.65
6.0,20220630,0.66
6.0,20220701,0.66
6.0,20220702,0.66
6.0,20220703,0.66
6.0,20220704,0.66
6.0,20220705,0.66
6.0,20220706,0.67
6.0,20220707,0.66
6.0,20220708,0.66
6.0,20220709,0.66
6.0,20220710,0.66
6.0,20220711,0.65
6.0,20220712,0.65
6.0,20220713,0.65
6.0,20220714,0.64
6.0,20220715,0.63
6.0,20220716,0.63
6.0,20220717,0.65
6.0,20220718,0.65
6.0,20220719,0.64
6.0,20220720,0.65
6.0,20220721,0.66
6.0,20220722,0.68
6.0,20220723,0.68
6.0,20220724,0.68
6.0,20220725,0.68
6.0,20220726,0.69
6.0,20220727,0.68
6.0,20220728,0.68
6.0,20220729,0.68
6.0,20220730,0.67
6.0,20220731,0.67
6.0,20220801,0.67
6.0,20220802,0.68
7.0,20210902,0.73
7.0,20210903,0.73
7.0,20210904,0.74
7.0,20210905,0.75
7.0,20210906,0.75
7.0,20210907,0.75
7.0,20210908,0.74
7.0,20210909,0.74
7.0,20210910,0.73
7.0,20210911,0.73
7.0,20210912,0.72
7.0,20210913,0.72
7.0,20210914,0.71
7.0,20210915,0.71
7.0,20210916,0.71
7.0,20210917,0.71
7.0,20210918,0.71
7.0,20210919,0.71
7.0,20210920,0.71
7.0,20210921,0.71
7.0,20210922,0.74
7.0,20210923,0.74
7.0,20210924,0.74
7.0,20210925,0.73
7.0,20210926,0.75
7.0,20210927,0.74
7.0,20210928,0.73
7.0,20210929,0.73
7.0,20210930,0.73
7.0,20211001,0.73
7.0,20211002,0.73
7.0,20211003,0.73
7.0,20211004,0.73
7.0,20211005,0.76
7.0,20211006,0.79
7.0,20211007,0.79
7.0,20211008,0.78
7.0,20211009,0.78
7.0,20211010,0.79
7.0,20211011,0.8
7.0,20211012,0.79
7.0,20211013,0.8
7.0,20211014,0.79
7.0,20211015,0.79
7.0,20211016,0.79
7.0,20211017,0.79
7.0,20211018,0.79
7.0,20211019,0.78
7.0,20211020,0.78
7.0,20211021,0.79
7.0,20211022,0.78
7.0,20211023,0.78
7.0,20211024,0.78
7.0,20211025,0.78
7.0,20211026,0.77
7.0,20211027,0.77
7.0,20211028,0.76
7.0,20211029,0.79
7.0,20211030,0.83
7.0,20211031,0.83
7.0,20211101,0.86
7.0,20211102,0.88
7.0,20211103,0.91
7.0,20211104,0.92
7.0,20211105,0.92
7.0,20211106,0.94
7.0,20211107,0.97
7.0,20211108,0.98
7.0,20211109,0.98
7.0,20211110,0.99
7.0,20211111,1.0
7.0,20211112,0.99
7.0,20211113,0.99
7.0,20211114,0.99
7.0,20211115,0.99
7.0,20211116,0.99
7.0,20211117,0.99
7.0,20211118,1.0
7.0,20211119,1.0
7.0,20211120,1.0
7.0,20211121,1.0
7.0,20211122,0.99
7.0,20211123,0.99
7.0,20211124,0.99
7.0,20211125,0.99
7.0,20211126,1.0
7.0,20211127,1.0
7.0,20211128,1.0
7.0,20211129,1.0
7.0,20211130,1.0
7.0,20211201,1.0
7.0,20211202,1.0
7.0,20211203,0.99
7.0,20211204,0.99
7.0,20211205,0.99
7.0,20211206,0.98
7.0,20211207,0.98
7.0,20211208,0.97
7.0,20211209,0.97
7.0,20211210,0.97
7.0,20211211,0.96
7.0,20211212,0.96
7.0,20211213,0.96
7.0,20211214,0.96
7.0,20211215,0.95
7.0,20211216,0.95
7.0,20211217,0.94
7.0,20211218,0.93
7.0,20211219,0.93
7.0,20211220,0.92
7.0,20211221,0.92
7.0,20211222,0.91
7.0,20211223,0.9
7.0,20211224,0.9
7.0,20211225,0.89
7.0,20211226,0.88
7.0,20211227,0.88
7.0,20211228,0.87
7.0,20211229,0.87
7.0,20211230,0.89
7.0,20211231,0.96
7.0,20220101,0.96
7.0,20220102,0.95
7.0,20220103,0.94
7.0,20220104,0.93
7.0,20220105,0.93
7.0,20220106,0.92
7.0,20220107,0.91
7.0,20220108,0.91
7.0,20220109,0.9
7.0,20220110,0.9
7.0,20220111,0.89
7.0,20220112,0.88
7.0,20220113,0.87
7.0,20220114,0.87
7.0,20220115,0.86
7.0,20220116,0.86
7.0,20220117,0.86
7.0,20220118,0.86
7.0,20220119,0.85
7.0,20220120,0.85
7.0,20220121,0.84
7.0,20220122,0.83
7.0,20220123,0.83
7.0,20220124,0.83
7.0,20220125,0.82
7.0,20220126,0.82
7.0,20220127,0.81
7.0,20220128,0.8
7.0,20220129,0.8
7.0,20220130,0.79
7.0,20220131,0.78
7.0,20220201,0.78
7.0,20220202,0.77
7.0,20220203,0.76
7.0,20220204,0.76
7.0,20220205,0.75
7.0,20220206,0.74
7.0,20220207,0.74
7.0,20220208,0.73
7.0,20220209,0.72
7.0,20220210,0.72
7.0,20220211,0.71
7.0,20220212,0.71
7.0,20220213,0.7
7.0,20220214,0.69
7.0,20220215,0.69
7.0,20220216,0.68
7.0,20220217,0.68
7.0,20220218,0.67
7.0,20220219,0.67
7.0,20220220,0.66
7.0,20220221,0.66
7.0,20220222,0.65
7.0,20220223,0.65
7.0,20220224,0.64
7.0,20220225,0.64
7.0,20220226,0.63
7.0,20220227,0.63
7.0,20220228,0.62
7.0,20220301,0.62
7.0,20220302,0.61
7.0,20220303,0.61
7.0,20220304,0.61
7.0,20220305,0.6
7.0,20220306,0.6
7.0,20220307,0.6
7.0,20220308,0.59
7.0,20220309,0.59
7.0,20220310,0.59
7.0,20220311,0.58
7.0,20220312,0.58
7.0,20220313,0.57
7.0,20220314,0.57
7.0,20220315,0.57
7.0,20220316,0.56
7.0,20220317,0.56
7.0,20220318,0.55
7.0,20220319,0.55
7.0,20220320,0.55
7.0,20220321,0.55
7.0,20220322,0.55
7.0,20220323,0.54
7.0,20220324,0.54
7.0,20220325,0.54
7.0,20220326,0.53
7.0,20220327,0.53
7.0,20220328,0.53
7.0,20220329,0.53
7.0,20220330,0.53
7.0,20220331,0.52
7.0,20220401,0.52
7.0,20220402,0.52
7.0,20220403,0.52
7.0,20220404,0.52
7.0,20220405,0.52
7.0,20220406,0.52
7.0,20220407,0.52
7.0,20220408,0.52
7.0,20220409,0.52
7.0,20220410,0.52
7.0,20220411,0.52
7.0,20220412,0.52
7.0,20220413,0.52
7.0,20220414,0.52
7.0,20220415,0.52
7.0,20220416,0.52
7.0,20220417,0.52
7.0,20220418,0.52
7.0,20220419,0.52
7.0,20220420,0.52
7.0,20220421,0.52
7.0,20220422,0.51
7.0,20220423,0.51
7.0,20220424,0.51
7.0,20220425,0.51
7.0,20220426,0.51
7.0,20220427,0.51
7.0,20220428,0.51
7.0,20220429,0.51
7.0,20220430,0.51
7.0,20220501,0.51
7.0,20220502,0.51
7.0,20220503,0.52
7.0,20220504,0.52
7.0,20220505,0.52
7.0,20220506,0.52
7.0,20220507,0.54
7.0,20220508,0.54
7.0,20220509,0.53
7.0,20220510,0.54
7.0,20220511,0.55
7.0,20220512,0.55
7.0,20220513,0.57
7.0,20220514,0.56
7.0,20220515,0.56
7.0,20220516,0.58
7.0,20220517,0.58
7.0,20220518,0.58
7.0,20220519,0.57
7.0,20220520,0.57
7.0,20220521,0.56
7.0,20220522,0.56
7.0,20220523,0.55
7.0,20220524,0.55
7.0,20220525,0.55
7.0,20220526,0.55
7.0,20220527,0.55
7.0,20220528,0.55
7.0,20220529,0.54
7.0,20220530,0.54
7.0,20220531,0.54
7.0,20220601,0.53
7.0,20220602,0.53
7.0,20220603,0.53
7.0,20220604,0.53
7.0,20220605,0.53
7.0,20220606,0.53
7.0,20220607,0.53
7.0,20220608,0.53
7.0,20220609,0.53
7.0,20220610,0.53
7.0,20220611,0.53
7.0,20220612,0.53
7.0,20220613,0.53
7.0,20220614,0.53
7.0,20220615,0.54
7.0,20220616,0.55
7.0,20220617,0.56
7.0,20220618,0.56
7.0,20220619,0.59
7.0,20220620,0.64
7.0,20220621,0.66
7.0,20220622,0.68
7.0,20220623,0.67
7.0,20220624,0.67
7.0,20220625,0.67
7.0,20220626,0.66
7.0,20220627,0.65
7.0,20220628,0.66
7.0,20220629,0.65
7.0,20220630,0.66
7.0,20220701,0.66
7.0,20220702,0.66
7.0,20220703,0.66
7.0,20220704,0.66
7.0,20220705,0.66
7.0,20220706,0.67
7.0,20220707,0.66
7.0,20220708,0.66
7.0,20220709,0.66
7.0,20220710,0.66
7.0,20220711,0.65
7.0,20220712,0.65
7.0,20220713,0.65
7.0,20220714,0.64
7.0,20220715,0.63
7.0,20220716,0.63
7.0,20220717,0.65
7.0,20220718,0.65
7.0,20220719,0.64
7.0,20220720,0.65
7.0,20220721,0.66
7.0,20220722,0.68
7.0,20220723,0.68
7.0,20220724,0.68
7.0,20220725,0.68
7.0,20220726,0.69
7.0,20220727,0.68
7.0,20220728,0.68
7.0,20220729,0.68
7.0,20220730,0.67
7.0,20220731,0.67
7.0,20220801,0.67
7.0,20220802,0.68
8.0,20210902,0.73
8.0,20210903,0.73
8.0,20210904,0.74
8.0,20210905,0.75
8.0,20210906,0.75
8.0,20210907,0.75
8.0,20210908,0.74
8.0,20210909,0.74
8.0,20210910,0.73
8.0,20210911,0.73
8.0,20210912,0.72
8.0,20210913,0.72
8.0,20210914,0.71
8.0,20210915,0.71
8.0,20210916,0.71
8.0,20210917,0.71
8.0,20210918,0.71
8.0,20210919,0.71
8.0,20210920,0.71
8.0,20210921,0.71
8.0,20210922,0.74
8.0,20210923,0.74
8.0,20210924,0.74
8.0,20210925,0.73
8.0,20210926,0.75
8.0,20210927,0.74
8.0,20210928,0.73
8.0,20210929,0.73
8.0,20210930,0.73
8.0,20211001,0.73
8.0,20211002,0.73
8.0,20211003,0.73
8.0,20211004,0.73
8.0,20211005,0.76
8.0,20211006,0.79
8.0,20211007,0.79
8.0,20211008,0.78
8.0,20211009,0.78
8.0,20211010,0.79
8.0,20211011,0.8
8.0,20211012,0.79
8.0,20211013,0.8
8.0,20211014,0.79
8.0,20211015,0.79
8.0,20211016,0.79
8.0,20211017,0.79
8.0,20211018,0.79
8.0,20211019,0.78
8.0,20211020,0.78
8.0,20211021,0.79
8.0,20211022,0.78
8.0,20211023,0.78
8.0,20211024,0.78
8.0,20211025,0.78
8.0,20211026,0.77
8.0,20211027,0.77
8.0,20211028,0.76
8.0,20211029,0.79
8.0,20211030,0.83
8.0,20211031,0.83
8.0,20211101,0.86
8.0,20211102,0.88
8.0,20211103,0.91
8.0,20211104,0.92
8.0,20211105,0.92
8.0,20211106,0.94
8.0,20211107,0.97
8.0,20211108,0.98
8.0,20211109,0.98
8.0,20211110,0.99
8.0,20211111,1.0
8.0,20211112,0.99
8.0,20211113,0.99
8.0,20211114,0.99
8.0,20211115,0.99
8.0,20211116,0.99
8.0,20211117,0.99
8.0,20211118,1.0
8.0,20211119,1.0
8.0,20211120,1.0
8.0,20211121,1.0
8.0,20211122,0.99
8.0,20211123,0.99
8.0,20211124,0.99
8.0,20211125,0.99
8.0,20211126,1.0
8.0,20211127,1.0
8.0,20211128,1.0
8.0,20211129,1.0
8.0,20211130,1.0
8.0,20211201,1.0
8.0,20211202,1.0
8.0,20211203,0.99
8.0,20211204,0.99
8.0,20211205,0.99
8.0,20211206,0.98
8.0,20211207,0.98
8.0,20211208,0.97
8.0,20211209,0.97
8.0,20211210,0.97
8.0,20211211,0.96
8.0,20211212,0.96
8.0,20211213,0.96
8.0,20211214,0.96
8.0,20211215,0.95
8.0,20211216,0.95
8.0,20211217,0.94
8.0,20211218,0.93
8.0,20211219,0.93
8.0,20211220,0.92
8.0,20211221,0.92
8.0,20211222,0.91
8.0,20211223,0.9
8.0,20211224,0.9
8.0,20211225,0.89
8.0,20211226,0.88
8.0,20211227,0.88
8.0,20211228,0.87
8.0,20211229,0.87
8.0,20211230,0.89
8.0,20211231,0.96
8.0,20220101,0.96
8.0,20220102,0.95
8.0,20220103,0.94
8.0,20220104,0.93
8.0,20220105,0.93
8.0,20220106,0.92
8.0,20220107,0.91
8.0,20220108,0.91
8.0,20220109,0.9
8.0,20220110,0.9
8.0,20220111,0.89
8.0,20220112,0.88
8.0,20220113,0.87
8.0,20220114,0.87
8.0,20220115,0.86
8.0,20220116,0.86
8.0,20220117,0.86
8.0,20220118,0.86
8.0,20220119,0.85
8.0,20220120,0.85
8.0,20220121,0.84
8.0,20220122,0.83
8.0,20220123,0.83
8.0,20220124,0.83
8.0,20220125,0.82
8.0,20220126,0.82
8.0,20220127,0.81
8.0,20220128,0.8
8.0,20220129,0.8
8.0,20220130,0.79
8.0,20220131,0.78
8.0,20220201,0.78
8.0,20220202,0.77
8.0,20220203,0.76
8.0,20220204,0.76
8.0,20220205,0.75
8.0,20220206,0.74
8.0,20220207,0.74
8.0,20220208,0.73
8.0,20220209,0.72
8.0,20220210,0.72
8.0,20220211,0.71
8.0,20220212,0.71
8.0,20220213,0.7
8.0,20220214,0.69
8.0,20220215,0.69
8.0,20220216,0.68
8.0,20220217,0.68
8.0,20220218,0.67
8.0,20220219,0.67
8.0,20220220,0.66
8.0,20220221,0.66
8.0,20220222,0.65
8.0,20220223,0.65
8.0,20220224,0.64
8.0,20220225,0.64
8.0,20220226,0.63
8.0,20220227,0.63
8.0,20220228,0.62
8.0,20220301,0.62
8.0,20220302,0.61
8.0,20220303,0.61
8.0,20220304,0.61
8.0,20220305,0.6
8.0,20220306,0.6
8.0,20220307,0.6
8.0,20220308,0.59
8.0,20220309,0.59
8.0,20220310,0.59
8.0,20220311,0.58
8.0,20220312,0.58
8.0,20220313,0.57
8.0,20220314,0.57
8.0,20220315,0.57
8.0,20220316,0.56
8.0,20220317,0.56
8.0,20220318,0.55
8.0,20220319,0.55
8.0,20220320,0.55
8.0,20220321,0.55
8.0,20220322,0.55
8.0,20220323,0.54
8.0,20220324,0.54
8.0,20220325,0.54
8.0,20220326,0.53
8.0,20220327,0.53
8.0,20220328,0.53
8.0,20220329,0.53
8.0,20220330,0.53
8.0,20220331,0.52
8.0,20220401,0.52
8.0,20220402,0.52
8.0,20220403,0.52
8.0,20220404,0.52
8.0,20220405,0.52
8.0,20220406,0.52
8.0,20220407,0.52
8.0,20220408,0.52
8.0,20220409,0.52
8.0,20220410,0.52
8.0,20220411,0.52
8.0,20220412,0.52
8.0,20220413,0.52
8.0,20220414,0.52
8.0,20220415,0.52
8.0,20220416,0.52
8.0,20220417,0.52
8.0,20220418,0.52
8.0,20220419,0.52
8.0,20220420,0.52
8.0,20220421,0.52
8.0,20220422,0.51
8.0,20220423,0.51
8.0,20220424,0.51
8.0,20220425,0.51
8.0,20220426,0.51
8.0,20220427,0.51
8.0,20220428,0.51
8.0,20220429,0.51
8.0,20220430,0.51
8.0,20220501,0.51
8.0,20220502,0.51
8.0,20220503,0.52
8.0,20220504,0.52
8.0,20220505,0.52
8.0,20220506,0.52
8.0,20220507,0.54
8.0,20220508,0.54
8.0,20220509,0.53
8.0,20220510,0.54
8.0,20220511,0.55
8.0,20220512,0.55
8.0,20220513,0.57
8.0,20220514,0.56
8.0,20220515,0.56
8.0,20220516,0.58
8.0,20220517,0.58
8.0,20220518,0.58
8.0,20220519,0.57
8.0,20220520,0.57
8.0,20220521,0.56
8.0,20220522,0.56
8.0,20220523,0.55
8.0,20220524,0.55
8.0,20220525,0.55
8.0,20220526,0.55
8.0,20220527,0.55
8.0,20220528,0.55
8.0,20220529,0.54
8.0,20220530,0.54
8.0,20220531,0.54
8.0,20220601,0.53
8.0,20220602,0.53
8.0,20220603,0.53
8.0,20220604,0.53
8.0,20220605,0.53
8.0,20220606,0.53
8.0,20220607,0.53
8.0,20220608,0.53
8.0,20220609,0.53
8.0,20220610,0.53
8.0,20220611,0.53
8.0,20220612,0.53
8.0,20220613,0.53
8.0,20220614,0.53
8.0,20220615,0.54
8.0,20220616,0.55
8.0,20220617,0.56
8.0,20220618,0.56
8.0,20220619,0.59
8.0,20220620,0.64
8.0,20220621,0.66
8.0,20220622,0.68
8.0,20220623,0.67
8.0,20220624,0.67
8.0,20220625,0.67
8.0,20220626,0.66
8.0,20220627,0.65
8.0,20220628,0.66
8.0,20220629,0.65
8.0,20220630,0.66
8.0,20220701,0.66
8.0,20220702,0.66
8.0,20220703,0.66
8.0,20220704,0.66
8.0,20220705,0.66
8.0,20220706,0.67
8.0,20220707,0.66
8.0,20220708,0.66
8.0,20220709,0.66
8.0,20220710,0.66
8.0,20220711,0.65
8.0,20220712,0.65
8.0,20220713,0.65
8.0,20220714,0.64
8.0,20220715,0.63
8.0,20220716,0.63
8.0,20220717,0.65
8.0,20220718,0.65
8.0,20220719,0.64
8.0,20220720,0.65
8.0,20220721,0.66
8.0,20220722,0.68
8.0,20220723,0.68
8.0,20220724,0.68
8.0,20220725,0.68
8.0,20220726,0.69
8.0,20220727,0.68
8.0,20220728,0.68
8.0,20220729,0.68
8.0,20220730,0.67
8.0,20220731,0.67
8.0,20220801,0.67
8.0,20220802,0.68
9.0,20210902,0.73
9.0,20210903,0.73
9.0,20210904,0.74
9.0,20210905,0.75
9.0,20210906,0.75
9.0,20210907,0.75
9.0,20210908,0.74
9.0,20210909,0.74
9.0,20210910,0.73
9.0,20210911,0.73
9.0,20210912,0.72
9.0,20210913,0.72
9.0,20210914,0.71
9.0,20210915,0.71
9.0,20210916,0.71
9.0,20210917,0.71
9.0,20210918,0.71
9.0,20210919,0.71
9.0,20210920,0.71
9.0,20210921,0.71
9.0,20210922,0.74
9.0,20210923,0.74
9.0,20210924,0.74
9.0,20210925,0.73
9.0,20210926,0.75
9.0,20210927,0.74
9.0,20210928,0.73
9.0,20210929,0.73
9.0,20210930,0.73
9.0,20211001,0.73
9.0,20211002,0.73
9.0,20211003,0.73
9.0,20211004,0.73
9.0,20211005,0.76
9.0,20211006,0.79
9.0,20211007,0.79
9.0,20211008,0.78
9.0,20211009,0.78
9.0,20211010,0.79
9.0,20211011,0.8
9.0,20211012,0.79
9.0,20211013,0.8
9.0,20211014,0.79
9.0,20211015,0.79
9.0,20211016,0.79
9.0,20211017,0.79
9.0,20211018,0.79
9.0,20211019,0.78
9.0,20211020,0.78
9.0,20211021,0.79
9.0,20211022,0.78
9.0,20211023,0.78
9.0,20211024,0.78
9.0,20211025,0.78
9.0,20211026,0.77
9.0,20211027,0.77
9.0,20211028,0.76
9.0,20211029,0.79
9.0,20211030,0.83
9.0,20211031,0.83
9.0,20211101,0.86
9.0,20211102,0.88
9.0,20211103,0.91
9.0,20211104,0.92
9.0,20211105,0.92
9.0,20211106,0.94
9.0,20211107,0.97
9.0,20211108,0.98
9.0,20211109,0.98
9.0,20211110,0.99
9.0,20211111,1.0
9.0,20211112,0.99
9.0,20211113,0.99
9.0,20211114,0.99
9.0,20211115,0.99
9.0,20211116,0.99
9.0,20211117,0.99
9.0,20211118,1.0
9.0,20211119,1.0
9.0,20211120,1.0
9.0,20211121,1.0
9.0,20211122,0.99
9.0,20211123,0.99
9.0,20211124,0.99
9.0,20211125,0.99
9.0,20211126,1.0
9.0,20211127,1.0
9.0,20211128,1.0
9.0,20211129,1.0
9.0,20211130,1.0
9.0,20211201,1.0
9.0,20211202,1.0
9.0,20211203,0.99
9.0,20211204,0.99
9.0,20211205,0.99
9.0,20211206,0.98
9.0,20211207,0.98
9.0,20211208,0.97
9.0,20211209,0.97
9.0,20211210,0.97
9.0,20211211,0.96
9.0,20211212,0.96
9.0,20211213,0.96
9.0,20211214,0.96
9.0,20211215,0.95
9.0,20211216,0.95
9.0,20211217,0.94
9.0,20211218,0.93
9.0,20211219,0.93
9.0,20211220,0.92
9.0,20211221,0.92
9.0,20211222,0.91
9.0,20211223,0.9
9.0,20211224,0.9
9.0,20211225,0.89
9.0,20211226,0.88
9.0,20211227,0.88
9.0,20211228,0.87
9.0,20211229,0.87
9.0,20211230,0.89
9.0,20211231,0.96
9.0,20220101,0.96
9.0,20220102,0.95
9.0,20220103,0.94
9.0,20220104,0.93
9.0,20220105,0.93
9.0,20220106,0.92
9.0,20220107,0.91
9.0,20220108,0.91
9.0,20220109,0.9
9.0,20220110,0.9
9.0,20220111,0.89
9.0,20220112,0.88
9.0,20220113,0.87
9.0,20220114,0.87
9.0,20220115,0.86
9.0,20220116,0.86
9.0,20220117,0.86
9.0,20220118,0.86
9.0,20220119,0.85
9.0,20220120,0.85
9.0,20220121,0.84
9.0,20220122,0.83
9.0,20220123,0.83
9.0,20220124,0.83
9.0,20220125,0.82
9.0,20220126,0.82
9.0,20220127,0.81
9.0,20220128,0.8
9.0,20220129,0.8
9.0,20220130,0.79
9.0,20220131,0.78
9.0,20220201,0.78
9.0,20220202,0.77
9.0,20220203,0.76
9.0,20220204,0.76
9.0,20220205,0.75
9.0,20220206,0.74
9.0,20220207,0.74
9.0,20220208,0.73
9.0,20220209,0.72
9.0,20220210,0.72
9.0,20220211,0.71
9.0,20220212,0.71
9.0,20220213,0.7
9.0,20220214,0.69
9.0,20220215,0.69
9.0,20220216,0.68
9.0,20220217,0.68
9.0,20220218,0.67
9.0,20220219,0.67
9.0,20220220,0.66
9.0,20220221,0.66
9.0,20220222,0.65
9.0,20220223,0.65
9.0,20220224,0.64
9.0,20220225,0.64
9.0,20220226,0.63
9.0,20220227,0.63
9.0,20220228,0.62
9.0,20220301,0.62
9.0,20220302,0.61
9.0,20220303,0.61
9.0,20220304,0.61
9.0,20220305,0.6
9.0,20220306,0.6
9.0,20220307,0.6
9.0,20220308,0.59
9.0,20220309,0.59
9.0,20220310,0.59
9.0,20220311,0.58
9.0,20220312,0.58
9.0,20220313,0.57
9.0,20220314,0.57
9.0,20220315,0.57
9.0,20220316,0.56
9.0,20220317,0.56
9.0,20220318,0.55
9.0,20220319,0.55
9.0,20220320,0.55
9.0,20220321,0.55
9.0,20220322,0.55
9.0,20220323,0.54
9.0,20220324,0.54
9.0,20220325,0.54
9.0,20220326,0.53
9.0,20220327,0.53
9.0,20220328,0.53
9.0,20220329,0.53
9.0,20220330,0.53
9.0,20220331,0.52
9.0,20220401,0.52
9.0,20220402,0.52
9.0,20220403,0.52
9.0,20220404,0.52
9.0,20220405,0.52
9.0,20220406,0.52
9.0,20220407,0.52
9.0,20220408,0.52
9.0,20220409,0.52
9.0,20220410,0.52
9.0,20220411,0.52
9.0,20220412,0.52
9.0,20220413,0.52
9.0,20220414,0.52
9.0,20220415,0.52
9.0,20220416,0.52
9.0,20220417,0.52
9.0,20220418,0.52
9.0,20220419,0.52
9.0,20220420,0.52
9.0,20220421,0.52
9.0,20220422,0.51
9.0,20220423,0.51
9.0,20220424,0.51
9.0,20220425,0.51
9.0,20220426,0.51
9.0,20220427,0.51
9.0,20220428,0.51
9.0,20220429,0.51
9.0,20220430,0.51
9.0,20220501,0.51
9.0,20220502,0.51
9.0,20220503,0.52
9.0,20220504,0.52
9.0,20220505,0.52
9.0,20220506,0.52
9.0,20220507,0.54
9.0,20220508,0.54
9.0,20220509,0.53
9.0,20220510,0.54
9.0,20220511,0.55
9.0,20220512,0.55
9.0,20220513,0.57
9.0,20220514,0.56
9.0,20220515,0.56
9.0,20220516,0.58
9.0,20220517,0.58
9.0,20220518,0.58
9.0,20220519,0.57
9.0,20220520,0.57
9.0,20220521,0.56
9.0,20220522,0.56
9.0,20220523,0.55
9.0,20220524,0.55
9.0,20220525,0.55
9.0,20220526,0.55
9.0,20220527,0.55
9.0,20220528,0.55
9.0,20220529,0.54
9.0,20220530,0.54
9.0,20220531,0.54
9.0,20220601,0.53
9.0,20220602,0.53
9.0,20220603,0.53
9.0,20220604,0.53
9.0,20220605,0.53
9.0,20220606,0.53
9.0,20220607,0.53
9.0,20220608,0.53
9.0,20220609,0.53
9.0,20220610,0.53
9.0,20220611,0.53
9.0,20220612,0.53
9.0,20220613,0.53
9.0,20220614,0.53
9.0,20220615,0.54
9.0,20220616,0.55
9.0,20220617,0.56
9.0,20220618,0.56
9.0,20220619,0.59
9.0,20220620,0.64
9.0,20220621,0.66
9.0,20220622,0.68
9.0,20220623,0.67
9.0,20220624,0.67
9.0,20220625,0.67
9.0,20220626,0.66
9.0,20220627,0.65
9.0,20220628,0.66
9.0,20220629,0.65
9.0,20220630,0.66
9.0,20220701,0.66
9.0,20220702,0.66
9.0,20220703,0.66
9.0,20220704,0.66
9.0,20220705,0.66
9.0,20220706,0.67
9.0,20220707,0.66
9.0,20220708,0.66
9.0,20220709,0.66
9.0,20220710,0.66
9.0,20220711,0.65
9.0,20220712,0.65
9.0,20220713,0.65
9.0,20220714,0.64
9.0,20220715,0.63
9.0,20220716,0.63
9.0,20220717,0.65
9.0,20220718,0.65
9.0,20220719,0.64
9.0,20220720,0.65
9.0,20220721,0.66
9.0,20220722,0.68
9.0,20220723,0.68
9.0,20220724,0.68
9.0,20220725,0.68
9.0,20220726,0.69
9.0,20220727,0.68
9.0,20220728,0.68
9.0,20220729,0.68
9.0,20220730,0.67
9.0,20220731,0.67
9.0,20220801,0.67
9.0,20220802,0.68
10.0,20210902,0.73
10.0,20210903,0.73
10.0,20210904,0.74
10.0,20210905,0.75
10.0,20210906,0.75
10.0,20210907,0.75
10.0,20210908,0.74
10.0,20210909,0.74
10.0,20210910,0.73
10.0,20210911,0.73
10.0,20210912,0.72
10.0,20210913,0.72
10.0,20210914,0.71
10.0,20210915,0.71
10.0,20210916,0.71
10.0,20210917,0.71
10.0,20210918,0.71
10.0,20210919,0.71
10.0,20210920,0.71
10.0,20210921,0.71
10.0,20210922,0.74
10.0,20210923,0.74
10.0,20210924,0.74
10.0,20210925,0.73
10.0,20210926,0.75
10.0,20210927,0.74
10.0,20210928,0.73
10.0,20210929,0.73
10.0,20210930,0.73
10.0,20211001,0.73
10.0,20211002,0.73
10.0,20211003,0.73
10.0,20211004,0.73
10.0,20211005,0.76
10.0,20211006,0.79
10.0,20211007,0.79
10.0,20211008,0.78
10.0,20211009,0.78
10.0,20211010,0.79
10.0,20211011,0.8
10.0,20211012,0.79
10.0,20211013,0.8
10.0,20211014,0.79
10.0,20211015,0.79
10.0,20211016,0.79
10.0,20211017,0.79
10.0,20211018,0.79
10.0,20211019,0.78
10.0,20211020,0.78
10.0,20211021,0.79
10.0,20211022,0.78
10.0,20211023,0.78
10.0,20211024,0.78
10.0,20211025,0.78
10.0,20211026,0.77
10.0,20211027,0.77
10.0,20211028,0.76
10.0,20211029,0.79
10.0,20211030,0.83
10.0,20211031,0.83
10.0,20211101,0.86
10.0,20211102,0.88
10.0,20211103,0.91
10.0,20211104,0.92
10.0,20211105,0.92
10.0,20211106,0.94
10.0,20211107,0.97
10.0,20211108,0.98
10.0,20211109,0.98
10.0,20211110,0.99
10.0,20211111,1.0
10.0,20211112,0.99
10.0,20211113,0.99
10.0,20211114,0.99
10.0,20211115,0.99
10.0,20211116,0.99
10.0,20211117,0.99
10.0,20211118,1.0
10.0,20211119,1.0
10.0,20211120,1.0
10.0,20211121,1.0
10.0,20211122,0.99
10.0,20211123,0.99
10.0,20211124,0.99
10.0,20211125,0.99
10.0,20211126,1.0
10.0,20211127,1.0
10.0,20211128,1.0
10.0,20211129,1.0
10.0,20211130,1.0
10.0,20211201,1.0
10.0,20211202,1.0
10.0,20211203,0.99
10.0,20211204,0.99
10.0,20211205,0.99
10.0,20211206,0.98
10.0,20211207,0.98
10.0,20211208,0.97
10.0,20211209,0.97
10.0,20211210,0.97
10.0,20211211,0.96
10.0,20211212,0.96
10.0,20211213,0.96
10.0,20211214,0.96
10.0,20211215,0.95
10.0,20211216,0.95
10.0,20211217,0.94
10.0,20211218,0.93
10.0,20211219,0.93
10.0,20211220,0.92
10.0,20211221,0.92
10.0,20211222,0.91
10.0,20211223,0.9
10.0,20211224,0.9
10.0,20211225,0.89
10.0,20211226,0.88
10.0,20211227,0.88
10.0,20211228,0.87
10.0,20211229,0.87
10.0,20211230,0.89
10.0,20211231,0.96
10.0,20220101,0.96
10.0,20220102,0.95
10.0,20220103,0.94
10.0,20220104,0.93
10.0,20220105,0.93
10.0,20220106,0.92
10.0,20220107,0.91
10.0,20220108,0.91
10.0,20220109,0.9
10.0,20220110,0.9
10.0,20220111,0.89
10.0,20220112,0.88
10.0,20220113,0.87
10.0,20220114,0.87
10.0,20220115,0.86
10.0,20220116,0.86
10.0,20220117,0.86
10.0,20220118,0.86
10.0,20220119,0.85
10.0,20220120,0.85
10.0,20220121,0.84
10.0,20220122,0.83
10.0,20220123,0.83
10.0,20220124,0.83
10.0,20220125,0.82
10.0,20220126,0.82
10.0,20220127,0.81
10.0,20220128,0.8
10.0,20220129,0.8
10.0,20220130,0.79
10.0,20220131,0.78
10.0,20220201,0.78
10.0,20220202,0.77
10.0,20220203,0.76
10.0,20220204,0.76
10.0,20220205,0.75
10.0,20220206,0.74
10.0,20220207,0.74
10.0,20220208,0.73
10.0,20220209,0.72
10.0,20220210,0.72
10.0,20220211,0.71
10.0,20220212,0.71
10.0,20220213,0.7
10.0,20220214,0.69
10.0,20220215,0.69
10.0,20220216,0.68
10.0,20220217,0.68
10.0,20220218,0.67
10.0,20220219,0.67
10.0,20220220,0.66
10.0,20220221,0.66
10.0,20220222,0.65
10.0,20220223,0.65
10.0,20220224,0.64
10.0,20220225,0.64
10.0,20220226,0.63
10.0,20220227,0.63
10.0,20220228,0.62
10.0,20220301,0.62
10.0,20220302,0.61
10.0,20220303,0.61
10.0,20220304,0.61
10.0,20220305,0.6
10.0,20220306,0.6
10.0,20220307,0.6
10.0,20220308,0.59
10.0,20220309,0.59
10.0,20220310,0.59
10.0,20220311,0.58
10.0,20220312,0.58
10.0,20220313,0.57
10.0,20220314,0.57
10.0,20220315,0.57
10.0,20220316,0.56
10.0,20220317,0.56
10.0,20220318,0.55
10.0,20220319,0.55
10.0,20220320,0.55
10.0,20220321,0.55
10.0,20220322,0.55
10.0,20220323,0.54
10.0,20220324,0.54
10.0,20220325,0.54
10.0,20220326,0.53
10.0,20220327,0.53
10.0,20220328,0.53
10.0,20220329,0.53
10.0,20220330,0.53
10.0,20220331,0.52
10.0,20220401,0.52
10.0,20220402,0.52
10.0,20220403,0.52
10.0,20220404,0.52
10.0,20220405,0.52
10.0,20220406,0.52
10.0,20220407,0.52
10.0,20220408,0.52
10.0,20220409,0.52
10.0,20220410,0.52
10.0,20220411,0.52
10.0,20220412,0.52
10.0,20220413,0.52
10.0,20220414,0.52
10.0,20220415,0.52
10.0,20220416,0.52
10.0,20220417,0.52
10.0,20220418,0.52
10.0,20220419,0.52
10.0,20220420,0.52
10.0,20220421,0.52
10.0,20220422,0.51
10.0,20220423,0.51
10.0,20220424,0.51
10.0,20220425,0.51
10.0,20220426,0.51
10.0,20220427,0.51
10.0,20220428,0.51
10.0,20220429,0.51
10.0,20220430,0.51
10.0,20220501,0.51
10.0,20220502,0.51
10.0,20220503,0.52
10.0,20220504,0.52
10.0,20220505,0.52
10.0,20220506,0.52
10.0,20220507,0.54
10.0,20220508,0.54
10.0,20220509,0.53
10.0,20220510,0.54
10.0,20220511,0.55
10.0,20220512,0.55
10.0,20220513,0.57
10.0,20220514,0.56
10.0,20220515,0.56
10.0,20220516,0.58
10.0,20220517,0.58
10.0,20220518,0.58
10.0,20220519,0.57
10.0,20220520,0.57
10.0,20220521,0.56
10.0,20220522,0.56
10.0,20220523,0.55
10.0,20220524,0.55
10.0,20220525,0.55
10.0,20220526,0.55
10.0,20220527,0.55
10.0,20220528,0.55
10.0,20220529,0.54
10.0,20220530,0.54
10.0,20220531,0.54
10.0,20220601,0.53
10.0,20220602,0.53
10.0,20220603,0.53
10.0,20220604,0.53
10.0,20220605,0.53
10.0,20220606,0.53
10.0,20220607,0.53
10.0,20220608,0.53
10.0,20220609,0.53
10.0,20220610,0.53
10.0,20220611,0.53
10.0,20220612,0.53
10.0,20220613,0.53
10.0,20220614,0.53
10.0,20220615,0.54
10.0,20220616,0.55
10.0,20220617,0.56
10.0,20220618,0.56
10.0,20220619,0.59
10.0,20220620,0.64
10.0,20220621,0.66
10.0,20220622,0.68
10.0,20220623,0.67
10.0,20220624,0.67
10.0,20220625,0.67
10.0,20220626,0.66
10.0,20220627,0.65
10.0,20220628,0.66
10.0,20220629,0.65
10.0,20220630,0.66
10.0,20220701,0.66
10.0,20220702,0.66
10.0,20220703,0.66
10.0,20220704,0.66
10.0,20220705,0.66
10.0,20220706,0.67
10.0,20220707,0.66
10.0,20220708,0.66
10.0,20220709,0.66
10.0,20220710,0.66
10.0,20220711,0.65
10.0,20220712,0.65
10.0,20220713,0.65
10.0,20220714,0.64
10.0,20220715,0.63
10.0,20220716,0.63
10.0,20220717,0.65
10.0,20220718,0.65
10.0,20220719,0.64
10.0,20220720,0.65
10.0,20220721,0.66
10.0,20220722,0.68
10.0,20220723,0.68
10.0,20220724,0.68
10.0,20220725,0.68
10.0,20220726,0.69
10.0,20220727,0.68
10.0,20220728,0.68
10.0,20220729,0.68
10.0,20220730,0.67
10.0,20220731,0.67
10.0,20220801,0.67
10.0,20220802,0.68
11.0,20210902,0.73
11.0,20210903,0.73
11.0,20210904,0.74
11.0,20210905,0.75
11.0,20210906,0.75
11.0,20210907,0.75
11.0,20210908,0.74
11.0,20210909,0.74
11.0,20210910,0.73
11.0,20210911,0.73
11.0,20210912,0.72
11.0,20210913,0.72
11.0,20210914,0.71
11.0,20210915,0.71
11.0,20210916,0.71
11.0,20210917,0.71
11.0,20210918,0.71
11.0,20210919,0.71
11.0,20210920,0.71
11.0,20210921,0.71
11.0,20210922,0.74
11.0,20210923,0.74
11.0,20210924,0.74
11.0,20210925,0.73
11.0,20210926,0.75
11.0,20210927,0.74
11.0,20210928,0.73
11.0,20210929,0.73
11.0,20210930,0.73
11.0,20211001,0.73
11.0,20211002,0.73
11.0,20211003,0.73
11.0,20211004,0.73
11.0,20211005,0.76
11.0,20211006,0.79
11.0,20211007,0.79
11.0,20211008,0.78
11.0,20211009,0.78
11.0,20211010,0.79
11.0,20211011,0.8
11.0,20211012,0.79
11.0,20211013,0.8
11.0,20211014,0.79
11.0,20211015,0.79
11.0,20211016,0.79
11.0,20211017,0.79
11.0,20211018,0.79
11.0,20211019,0.78
11.0,20211020,0.78
11.0,20211021,0.79
11.0,20211022,0.78
11.0,20211023,0.78
11.0,20211024,0.78
11.0,20211025,0.78
11.0,20211026,0.77
11.0,20211027,0.77
11.0,20211028,0.76
11.0,20211029,0.79
11.0,20211030,0.83
11.0,20211031,0.83
11.0,20211101,0.86
11.0,20211102,0.88
11.0,20211103,0.91
11.0,20211104,0.92
11.0,20211105,0.92
11.0,20211106,0.94
11.0,20211107,0.97
11.0,20211108,0.98
11.0,20211109,0.98
11.0,20211110,0.99
11.0,20211111,1.0
11.0,20211112,0.99
11.0,20211113,0.99
11.0,20211114,0.99
11.0,20211115,0.99
11.0,20211116,0.99
11.0,20211117,0.99
11.0,20211118,1.0
11.0,20211119,1.0
11.0,20211120,1.0
11.0,20211121,1.0
11.0,20211122,0.99
11.0,20211123,0.99
11.0,20211124,0.99
11.0,20211125,0.99
11.0,20211126,1.0
11.0,20211127,1.0
11.0,20211128,1.0
11.0,20211129,1.0
11.0,20211130,1.0
11.0,20211201,1.0
11.0,20211202,1.0
11.0,20211203,0.99
11.0,20211204,0.99
11.0,20211205,0.99
11.0,20211206,0.98
11.0,20211207,0.98
11.0,20211208,0.97
11.0,20211209,0.97
11.0,20211210,0.97
11.0,20211211,0.96
11.0,20211212,0.96
11.0,20211213,0.96
11.0,20211214,0.96
11.0,20211215,0.95
11.0,20211216,0.95
11.0,20211217,0.94
11.0,20211218,0.93
11.0,20211219,0.93
11.0,20211220,0.92
11.0,20211221,0.92
11.0,20211222,0.91
11.0,20211223,0.9
11.0,20211224,0.9
11.0,20211225,0.89
11.0,20211226,0.88
11.0,20211227,0.88
11.0,20211228,0.87
11.0,20211229,0.87
11.0,20211230,0.89
11.0,20211231,0.96
11.0,20220101,0.96
11.0,20220102,0.95
11.0,20220103,0.94
11.0,20220104,0.93
11.0,20220105,0.93
11.0,20220106,0.92
11.0,20220107,0.91
11.0,20220108,0.91
11.0,20220109,0.9
11.0,20220110,0.9
11.0,20220111,0.89
11.0,20220112,0.88
11.0,20220113,0.87
11.0,20220114,0.87
11.0,20220115,0.86
11.0,20220116,0.86
11.0,20220117,0.86
11.0,20220118,0.86
11.0,20220119,0.85
11.0,20220120,0.85
11.0,20220121,0.84
11.0,20220122,0.83
11.0,20220123,0.83
11.0,20220124,0.83
11.0,20220125,0.82
11.0,20220126,0.82
11.0,20220127,0.81
11.0,20220128,0.8
11.0,20220129,0.8
11.0,20220130,0.79
11.0,20220131,0.78
11.0,20220201,0.78
11.0,20220202,0.77
11.0,20220203,0.76
11.0,20220204,0.76
11.0,20220205,0.75
11.0,20220206,0.74
11.0,20220207,0.74
11.0,20220208,0.73
11.0,20220209,0.72
11.0,20220210,0.72
11.0,20220211,0.71
11.0,20220212,0.71
11.0,20220213,0.7
11.0,20220214,0.69
11.0,20220215,0.69
11.0,20220216,0.68
11.0,20220217,0.68
11.0,20220218,0.67
11.0,20220219,0.67
11.0,20220220,0.66
11.0,20220221,0.66
11.0,20220222,0.65
11.0,20220223,0.65
11.0,20220224,0.64
11.0,20220225,0.64
11.0,20220226,0.63
11.0,20220227,0.63
11.0,20220228,0.62
11.0,20220301,0.62
11.0,20220302,0.61
11.0,20220303,0.61
11.0,20220304,0.61
11.0,20220305,0.6
11.0,20220306,0.6
11.0,20220307,0.6
11.0,20220308,0.59
11.0,20220309,0.59
11.0,20220310,0.59
11.0,20220311,0.58
11.0,20220312,0.58
11.0,20220313,0.57
11.0,20220314,0.57
11.0,20220315,0.57
11.0,20220316,0.56
11.0,20220317,0.56
11.0,20220318,0.55
11.0,20220319,0.55
11.0,20220320,0.55
11.0,20220321,0.55
11.0,20220322,0.55
11.0,20220323,0.54
11.0,20220324,0.54
11.0,20220325,0.54
11.0,20220326,0.53
11.0,20220327,0.53
11.0,20220328,0.53
11.0,20220329,0.53
11.0,20220330,0.53
11.0,20220331,0.52
11.0,20220401,0.52
11.0,20220402,0.52
11.0,20220403,0.52
11.0,20220404,0.52
11.0,20220405,0.52
11.0,20220406,0.52
11.0,20220407,0.52
11.0,20220408,0.52
11.0,20220409,0.52
11.0,20220410,0.52
11.0,20220411,0.52
11.0,20220412,0.52
11.0,20220413,0.52
11.0,20220414,0.52
11.0,20220415,0.52
11.0,20220416,0.52
11.0,20220417,0.52
11.0,20220418,0.52
11.0,20220419,0.52
11.0,20220420,0.52
11.0,20220421,0.52
11.0,20220422,0.51
11.0,20220423,0.51
11.0,20220424,0.51
11.0,20220425,0.51
11.0,20220426,0.51
11.0,20220427,0.51
11.0,20220428,0.51
11.0,20220429,0.51
11.0,20220430,0.51
11.0,20220501,0.51
11.0,20220502,0.51
11.0,20220503,0.52
11.0,20220504,0.52
11.0,20220505,0.52
11.0,20220506,0.52
11.0,20220507,0.54
11.0,20220508,0.54
11.0,20220509,0.53
11.0,20220510,0.54
11.0,20220511,0.55
11.0,20220512,0.55
11.0,20220513,0.57
11.0,20220514,0.56
11.0,20220515,0.56
11.0,20220516,0.58
11.0,20220517,0.58
11.0,20220518,0.58
11.0,20220519,0.57
11.0,20220520,0.57
11.0,20220521,0.56
11.0,20220522,0.56
11.0,20220523,0.55
11.0,20220524,0.55
11.0,20220525,0.55
11.0,20220526,0.55
11.0,20220527,0.55
11.0,20220528,0.55
11.0,20220529,0.54
11.0,20220530,0.54
11.0,20220531,0.54
11.0,20220601,0.53
11.0,20220602,0.53
11.0,20220603,0.53
11.0,20220604,0.53
11.0,20220605,0.53
11.0,20220606,0.53
11.0,20220607,0.53
11.0,20220608,0.53
11.0,20220609,0.53
11.0,20220610,0.53
11.0,20220611,0.53
11.0,20220612,0.53
11.0,20220613,0.53
11.0,20220614,0.53
11.0,20220615,0.54
11.0,20220616,0.55
11.0,20220617,0.56
11.0,20220618,0.56
11.0,20220619,0.59
11.0,20220620,0.64
11.0,20220621,0.66
11.0,20220622,0.68
11.0,20220623,0.67
11.0,20220624,0.67
11.0,20220625,0.67
11.0,20220626,0.66
11.0,20220627,0.65
11.0,20220628,0.66
11.0,20220629,0.65
11.0,20220630,0.66
11.0,20220701,0.66
11.0,20220702,0.66
11.0,20220703,0.66
11.0,20220704,0.66
11.0,20220705,0.66
11.0,20220706,0.67
11.0,20220707,0.66
11.0,20220708,0.66
11.0,20220709,0.66
11.0,20220710,0.66
11.0,20220711,0.65
11.0,20220712,0.65
11.0,20220713,0.65
11.0,20220714,0.64
11.0,20220715,0.63
11.0,20220716,0.63
11.0,20220717,0.65
11.0,20220718,0.65
11.0,20220719,0.64
11.0,20220720,0.65
11.0,20220721,0.66
11.0,20220722,0.68
11.0,20220723,0.68
11.0,20220724,0.68
11.0,20220725,0.68
11.0,20220726,0.69
11.0,20220727,0.68
11.0,20220728,0.68
11.0,20220729,0.68
11.0,20220730,0.67
11.0,20220731,0.67
11.0,20220801,0.67
11.0,20220802,0.68
12.0,20210902,0.73
12.0,20210903,0.73
12.0,20210904,0.74
12.0,20210905,0.75
12.0,20210906,0.75
12.0,20210907,0.75
12.0,20210908,0.74
12.0,20210909,0.74
12.0,20210910,0.73
12.0,20210911,0.73
12.0,20210912,0.72
12.0,20210913,0.72
12.0,20210914,0.71
12.0,20210915,0.71
12.0,20210916,0.71
12.0,20210917,0.71
12.0,20210918,0.71
12.0,20210919,0.71
12.0,20210920,0.71
12.0,20210921,0.71
12.0,20210922,0.74
12.0,20210923,0.74
12.0,20210924,0.74
12.0,20210925,0.73
12.0,20210926,0.75
12.0,20210927,0.74
12.0,20210928,0.73
12.0,20210929,0.73
12.0,20210930,0.73
12.0,20211001,0.73
12.0,20211002,0.73
12.0,20211003,0.73
12.0,20211004,0.73
12.0,20211005,0.76
12.0,20211006,0.79
12.0,20211007,0.79
12.0,20211008,0.78
12.0,20211009,0.78
12.0,20211010,0.79
12.0,20211011,0.8
12.0,20211012,0.79
12.0,20211013,0.8
12.0,20211014,0.79
12.0,20211015,0.79
12.0,20211016,0.79
12.0,20211017,0.79
12.0,20211018,0.79
12.0,20211019,0.78
12.0,20211020,0.78
12.0,20211021,0.79
12.0,20211022,0.78
12.0,20211023,0.78
12.0,20211024,0.78
12.0,20211025,0.78
12.0,20211026,0.77
12.0,20211027,0.77
12.0,20211028,0.76
12.0,20211029,0.79
12.0,20211030,0.83
12.0,20211031,0.83
12.0,20211101,0.86
12.0,20211102,0.88
12.0,20211103,0.91
12.0,20211104,0.92
12.0,20211105,0.92
12.0,20211106,0.94
12.0,20211107,0.97
12.0,20211108,0.98
12.0,20211109,0.98
12.0,20211110,0.99
12.0,20211111,1.0
12.0,20211112,0.99
12.0,20211113,0.99
12.0,20211114,0.99
12.0,20211115,0.99
12.0,20211116,0.99
12.0,20211117,0.99
12.0,20211118,1.0
12.0,20211119,1.0
12.0,20211120,1.0
12.0,20211121,1.0
12.0,20211122,0.99
12.0,20211123,0.99
12.0,20211124,0.99
12.0,20211125,0.99
12.0,20211126,1.0
12.0,20211127,1.0
12.0,20211128,1.0
12.0,20211129,1.0
12.0,20211130,1.0
12.0,20211201,1.0
12.0,20211202,1.0
12.0,20211203,0.99
12.0,20211204,0.99
12.0,20211205,0.99
12.0,20211206,0.98
12.0,20211207,0.98
12.0,20211208,0.97
12.0,20211209,0.97
12.0,20211210,0.97
12.0,20211211,0.96
12.0,20211212,0.96
12.0,20211213,0.96
12.0,20211214,0.96
12.0,20211215,0.95
12.0,20211216,0.95
12.0,20211217,0.94
12.0,20211218,0.93
12.0,20211219,0.93
12.0,20211220,0.92
12.0,20211221,0.92
12.0,20211222,0.91
12.0,20211223,0.9
12.0,20211224,0.9
12.0,20211225,0.89
12.0,20211226,0.88
12.0,20211227,0.88
12.0,20211228,0.87
12.0,20211229,0.87
12.0,20211230,0.89
12.0,20211231,0.96
12.0,20220101,0.96
12.0,20220102,0.95
12.0,20220103,0.94
12.0,20220104,0.93
12.0,20220105,0.93
12.0,20220106,0.92
12.0,20220107,0.91
12.0,20220108,0.91
12.0,20220109,0.9
12.0,20220110,0.9
12.0,20220111,0.89
12.0,20220112,0.88
12.0,20220113,0.87
12.0,20220114,0.87
12.0,20220115,0.86
12.0,20220116,0.86
12.0,20220117,0.86
12.0,20220118,0.86
12.0,20220119,0.85
12.0,20220120,0.85
12.0,20220121,0.84
12.0,20220122,0.83
12.0,20220123,0.83
12.0,20220124,0.83
12.0,20220125,0.82
12.0,20220126,0.82
12.0,20220127,0.81
12.0,20220128,0.8
12.0,20220129,0.8
12.0,20220130,0.79
12.0,20220131,0.78
12.0,20220201,0.78
12.0,20220202,0.77
12.0,20220203,0.76
12.0,20220204,0.76
12.0,20220205,0.75
12.0,20220206,0.74
12.0,20220207,0.74
12.0,20220208,0.73
12.0,20220209,0.72
12.0,20220210,0.72
12.0,20220211,0.71
12.0,20220212,0.71
12.0,20220213,0.7
12.0,20220214,0.69
12.0,20220215,0.69
12.0,20220216,0.68
12.0,20220217,0.68
12.0,20220218,0.67
12.0,20220219,0.67
12.0,20220220,0.66
12.0,20220221,0.66
12.0,20220222,0.65
12.0,20220223,0.65
12.0,20220224,0.64
12.0,20220225,0.64
12.0,20220226,0.63
12.0,20220227,0.63
12.0,20220228,0.62
12.0,20220301,0.62
12.0,20220302,0.61
12.0,20220303,0.61
12.0,20220304,0.61
12.0,20220305,0.6
12.0,20220306,0.6
12.0,20220307,0.6
12.0,20220308,0.59
12.0,20220309,0.59
12.0,20220310,0.59
12.0,20220311,0.58
12.0,20220312,0.58
12.0,20220313,0.57
12.0,20220314,0.57
12.0,20220315,0.57
12.0,20220316,0.56
12.0,20220317,0.56
12.0,20220318,0.55
12.0,20220319,0.55
12.0,20220320,0.55
12.0,20220321,0.55
12.0,20220322,0.55
12.0,20220323,0.54
12.0,20220324,0.54
12.0,20220325,0.54
12.0,20220326,0.53
12.0,20220327,0.53
12.0,20220328,0.53
12.0,20220329,0.53
12.0,20220330,0.53
12.0,20220331,0.52
12.0,20220401,0.52
12.0,20220402,0.52
12.0,20220403,0.52
12.0,20220404,0.52
12.0,20220405,0.52
12.0,20220406,0.52
12.0,20220407,0.52
12.0,20220408,0.52
12.0,20220409,0.52
12.0,20220410,0.52
12.0,20220411,0.52
12.0,20220412,0.52
12.0,20220413,0.52
12.0,20220414,0.52
12.0,20220415,0.52
12.0,20220416,0.52
12.0,20220417,0.52
12.0,20220418,0.52
12.0,20220419,0.52
12.0,20220420,0.52
12.0,20220421,0.52
12.0,20220422,0.51
12.0,20220423,0.51
12.0,20220424,0.51
12.0,20220425,0.51
12.0,20220426,0.51
12.0,20220427,0.51
12.0,20220428,0.51
12.0,20220429,0.51
12.0,20220430,0.51
12.0,20220501,0.51
12.0,20220502,0.51
12.0,20220503,0.52
12.0,20220504,0.52
12.0,20220505,0.52
12.0,20220506,0.52
12.0,20220507,0.54
12.0,20220508,0.54
12.0,20220509,0.53
12.0,20220510,0.54
12.0,20220511,0.55
12.0,20220512,0.55
12.0,20220513,0.57
12.0,20220514,0.56
12.0,20220515,0.56
12.0,20220516,0.58
12.0,20220517,0.58
12.0,20220518,0.58
12.0,20220519,0.57
12.0,20220520,0.57
12.0,20220521,0.56
12.0,20220522,0.56
12.0,20220523,0.55
12.0,20220524,0.55
12.0,20220525,0.55
12.0,20220526,0.55
12.0,20220527,0.55
12.0,20220528,0.55
12.0,20220529,0.54
12.0,20220530,0.54
12.0,20220531,0.54
12.0,20220601,0.53
12.0,20220602,0.53
12.0,20220603,0.53
12.0,20220604,0.53
12.0,20220605,0.53
12.0,20220606,0.53
12.0,20220607,0.53
12.0,20220608,0.53
12.0,20220609,0.53
12.0,20220610,0.53
12.0,20220611,0.53
12.0,20220612,0.53
12.0,20220613,0.53
12.0,20220614,0.53
12.0,20220615,0.54
12.0,20220616,0.55
12.0,20220617,0.56
12.0,20220618,0.56
12.0,20220619,0.59
12.0,20220620,0.64
12.0,20220621,0.66
12.0,20220622,0.68
12.0,20220623,0.67
12.0,20220624,0.67
12.0,20220625,0.67
12.0,20220626,0.66
12.0,20220627,0.65
12.0,20220628,0.66
12.0,20220629,0.65
12.0,20220630,0.66
12.0,20220701,0.66
12.0,20220702,0.66
12.0,20220703,0.66
12.0,20220704,0.66
12.0,20220705,0.66
12.0,20220706,0.67
12.0,20220707,0.66
12.0,20220708,0.66
12.0,20220709,0.66
12.0,20220710,0.66
12.0,20220711,0.65
12.0,20220712,0.65
12.0,20220713,0.65
12.0,20220714,0.64
12.0,20220715,0.63
12.0,20220716,0.63
12.0,20220717,0.65
12.0,20220718,0.65
12.0,20220719,0.64
12.0,20220720,0.65
12.0,20220721,0.66
12.0,20220722,0.68
12.0,20220723,0.68
12.0,20220724,0.68
12.0,20220725,0.68
12.0,20220726,0.69
12.0,20220727,0.68
12.0,20220728,0.68
12.0,20220729,0.68
12.0,20220730,0.67
12.0,20220731,0.67
12.0,20220801,0.67
12.0,20220802,0.68
13.0,20210902,0.73
13.0,20210903,0.73
13.0,20210904,0.74
13.0,20210905,0.75
13.0,20210906,0.75
13.0,20210907,0.75
13.0,20210908,0.74
13.0,20210909,0.74
13.0,20210910,0.73
13.0,20210911,0.73
13.0,20210912,0.72
13.0,20210913,0.72
13.0,20210914,0.71
13.0,20210915,0.71
13.0,20210916,0.71
13.0,20210917,0.71
13.0,20210918,0.71
13.0,20210919,0.71
13.0,20210920,0.71
13.0,20210921,0.71
13.0,20210922,0.74
13.0,20210923,0.74
13.0,20210924,0.74
13.0,20210925,0.73
13.0,20210926,0.75
13.0,20210927,0.74
13.0,20210928,0.73
13.0,20210929,0.73
13.0,20210930,0.73
13.0,20211001,0.73
13.0,20211002,0.73
13.0,20211003,0.73
13.0,20211004,0.73
13.0,20211005,0.76
13.0,20211006,0.79
13.0,20211007,0.79
13.0,20211008,0.78
13.0,20211009,0.78
13.0,20211010,0.79
13.0,20211011,0.8
13.0,20211012,0.79
13.0,20211013,0.8
13.0,20211014,0.79
13.0,20211015,0.79
13.0,20211016,0.79
13.0,20211017,0.79
13.0,20211018,0.79
13.0,20211019,0.78
13.0,20211020,0.78
13.0,20211021,0.79
13.0,20211022,0.78
13.0,20211023,0.78
13.0,20211024,0.78
13.0,20211025,0.78
13.0,20211026,0.77
13.0,20211027,0.77
13.0,20211028,0.76
13.0,20211029,0.79
13.0,20211030,0.83
13.0,20211031,0.83
13.0,20211101,0.86
13.0,20211102,0.88
13.0,20211103,0.91
13.0,20211104,0.92
13.0,20211105,0.92
13.0,20211106,0.94
13.0,20211107,0.97
13.0,20211108,0.98
13.0,20211109,0.98
13.0,20211110,0.99
13.0,20211111,1.0
13.0,20211112,0.99
13.0,20211113,0.99
13.0,20211114,0.99
13.0,20211115,0.99
13.0,20211116,0.99
13.0,20211117,0.99
13.0,20211118,1.0
13.0,20211119,1.0
13.0,20211120,1.0
13.0,20211121,1.0
13.0,20211122,0.99
13.0,20211123,0.99
13.0,20211124,0.99
13.0,20211125,0.99
13.0,20211126,1.0
13.0,20211127,1.0
13.0,20211128,1.0
13.0,20211129,1.0
13.0,20211130,1.0
13.0,20211201,1.0
13.0,20211202,1.0
13.0,20211203,0.99
13.0,20211204,0.99
13.0,20211205,0.99
13.0,20211206,0.98
13.0,20211207,0.98
13.0,20211208,0.97
13.0,20211209,0.97
13.0,20211210,0.97
13.0,20211211,0.96
13.0,20211212,0.96
13.0,20211213,0.96
13.0,20211214,0.96
13.0,20211215,0.95
13.0,20211216,0.95
13.0,20211217,0.94
13.0,20211218,0.93
13.0,20211219,0.93
13.0,20211220,0.92
13.0,20211221,0.92
13.0,20211222,0.91
13.0,20211223,0.9
13.0,20211224,0.9
13.0,20211225,0.89
13.0,20211226,0.88
13.0,20211227,0.88
13.0,20211228,0.87
13.0,20211229,0.87
13.0,20211230,0.89
13.0,20211231,0.96
13.0,20220101,0.96
13.0,20220102,0.95
13.0,20220103,0.94
13.0,20220104,0.93
13.0,20220105,0.93
13.0,20220106,0.92
13.0,20220107,0.91
13.0,20220108,0.91
13.0,20220109,0.9
13.0,20220110,0.9
13.0,20220111,0.89
13.0,20220112,0.88
13.0,20220113,0.87
13.0,20220114,0.87
13.0,20220115,0.86
13.0,20220116,0.86
13.0,20220117,0.86
13.0,20220118,0.86
13.0,20220119,0.85
13.0,20220120,0.85
13.0,20220121,0.84
13.0,20220122,0.83
13.0,20220123,0.83
13.0,20220124,0.83
13.0,20220125,0.82
13.0,20220126,0.82
13.0,20220127,0.81
13.0,20220128,0.8
13.0,20220129,0.8
13.0,20220130,0.79
13.0,20220131,0.78
13.0,20220201,0.78
13.0,20220202,0.77
13.0,20220203,0.76
13.0,20220204,0.76
13.0,20220205,0.75
13.0,20220206,0.74
13.0,20220207,0.74
13.0,20220208,0.73
13.0,20220209,0.72
13.0,20220210,0.72
13.0,20220211,0.71
13.0,20220212,0.71
13.0,20220213,0.7
13.0,20220214,0.69
13.0,20220215,0.69
13.0,20220216,0.68
13.0,20220217,0.68
13.0,20220218,0.67
13.0,20220219,0.67
13.0,20220220,0.66
13.0,20220221,0.66
13.0,20220222,0.65
13.0,20220223,0.65
13.0,20220224,0.64
13.0,20220225,0.64
13.0,20220226,0.63
13.0,20220227,0.63
13.0,20220228,0.62
13.0,20220301,0.62
13.0,20220302,0.61
13.0,20220303,0.61
13.0,20220304,0.61
13.0,20220305,0.6
13.0,20220306,0.6
13.0,20220307,0.6
13.0,20220308,0.59
13.0,20220309,0.59
13.0,20220310,0.59
13.0,20220311,0.58
13.0,20220312,0.58
13.0,20220313,0.57
13.0,20220314,0.57
13.0,20220315,0.57
13.0,20220316,0.56
13.0,20220317,0.56
13.0,20220318,0.55
13.0,20220319,0.55
13.0,20220320,0.55
13.0,20220321,0.55
13.0,20220322,0.55
13.0,20220323,0.54
13.0,20220324,0.54
13.0,20220325,0.54
13.0,20220326,0.53
13.0,20220327,0.53
13.0,20220328,0.53
13.0,20220329,0.53
13.0,20220330,0.53
13.0,20220331,0.52
13.0,20220401,0.52
13.0,20220402,0.52
13.0,20220403,0.52
13.0,20220404,0.52
13.0,20220405,0.52
13.0,20220406,0.52
13.0,20220407,0.52
13.0,20220408,0.52
13.0,20220409,0.52
13.0,20220410,0.52
13.0,20220411,0.52
13.0,20220412,0.52
13.0,20220413,0.52
13.0,20220414,0.52
13.0,20220415,0.52
13.0,20220416,0.52
13.0,20220417,0.52
13.0,20220418,0.52
13.0,20220419,0.52
13.0,20220420,0.52
13.0,20220421,0.52
13.0,20220422,0.51
13.0,20220423,0.51
13.0,20220424,0.51
13.0,20220425,0.51
13.0,20220426,0.51
13.0,20220427,0.51
13.0,20220428,0.51
13.0,20220429,0.51
13.0,20220430,0.51
13.0,20220501,0.51
13.0,20220502,0.51
13.0,20220503,0.52
13.0,20220504,0.52
13.0,20220505,0.52
13.0,20220506,0.52
13.0,20220507,0.54
13.0,20220508,0.54
13.0,20220509,0.53
13.0,20220510,0.54
13.0,20220511,0.55
13.0,20220512,0.55
13.0,20220513,0.57
13.0,20220514,0.56
13.0,20220515,0.56
13.0,20220516,0.58
13.0,20220517,0.58
13.0,20220518,0.58
13.0,20220519,0.57
13.0,20220520,0.57
13.0,20220521,0.56
13.0,20220522,0.56
13.0,20220523,0.55
13.0,20220524,0.55
13.0,20220525,0.55
13.0,20220526,0.55
13.0,20220527,0.55
13.0,20220528,0.55
13.0,20220529,0.54
13.0,20220530,0.54
13.0,20220531,0.54
13.0,20220601,0.53
13.0,20220602,0.53
13.0,20220603,0.53
13.0,20220604,0.53
13.0,20220605,0.53
13.0,20220606,0.53
13.0,20220607,0.53
13.0,20220608,0.53
13.0,20220609,0.53
13.0,20220610,0.53
13.0,20220611,0.53
13.0,20220612,0.53
13.0,20220613,0.53
13.0,20220614,0.53
13.0,20220615,0.54
13.0,20220616,0.55
13.0,20220617,0.56
13.0,20220618,0.56
13.0,20220619,0.59
13.0,20220620,0.64
13.0,20220621,0.66
13.0,20220622,0.68
13.0,20220623,0.67
13.0,20220624,0.67
13.0,20220625,0.67
13.0,20220626,0.66
13.0,20220627,0.65
13.0,20220628,0.66
13.0,20220629,0.65
13.0,20220630,0.66
13.0,20220701,0.66
13.0,20220702,0.66
13.0,20220703,0.66
13.0,20220704,0.66
13.0,20220705,0.66
13.0,20220706,0.67
13.0,20220707,0.66
13.0,20220708,0.66
13.0,20220709,0.66
13.0,20220710,0.66
13.0,20220711,0.65
13.0,20220712,0.65
13.0,20220713,0.65
13.0,20220714,0.64
13.0,20220715,0.63
13.0,20220716,0.63
13.0,20220717,0.65
13.0,20220718,0.65
13.0,20220719,0.64
13.0,20220720,0.65
13.0,20220721,0.66
13.0,20220722,0.68
13.0,20220723,0.68
13.0,20220724,0.68
13.0,20220725,0.68
13.0,20220726,0.69
13.0,20220727,0.68
13.0,20220728,0.68
13.0,20220729,0.68
13.0,20220730,0.67
13.0,20220731,0.67
13.0,20220801,0.67
13.0,20220802,0.68
14.0,20210902,0.73
14.0,20210903,0.73
14.0,20210904,0.74
14.0,20210905,0.75
14.0,20210906,0.75
14.0,20210907,0.75
14.0,20210908,0.74
14.0,20210909,0.74
14.0,20210910,0.73
14.0,20210911,0.73
14.0,20210912,0.72
14.0,20210913,0.72
14.0,20210914,0.71
14.0,20210915,0.71
14.0,20210916,0.71
14.0,20210917,0.71
14.0,20210918,0.71
14.0,20210919,0.71
14.0,20210920,0.71
14.0,20210921,0.71
14.0,20210922,0.74
14.0,20210923,0.74
14.0,20210924,0.74
14.0,20210925,0.73
14.0,20210926,0.75
14.0,20210927,0.74
14.0,20210928,0.73
14.0,20210929,0.73
14.0,20210930,0.73
14.0,20211001,0.73
14.0,20211002,0.73
14.0,20211003,0.73
14.0,20211004,0.73
14.0,20211005,0.76
14.0,20211006,0.79
14.0,20211007,0.79
14.0,20211008,0.78
14.0,20211009,0.78
14.0,20211010,0.79
14.0,20211011,0.8
14.0,20211012,0.79
14.0,20211013,0.8
14.0,20211014,0.79
14.0,20211015,0.79
14.0,20211016,0.79
14.0,20211017,0.79
14.0,20211018,0.79
14.0,20211019,0.78
14.0,20211020,0.78
14.0,20211021,0.79
14.0,20211022,0.78
14.0,20211023,0.78
14.0,20211024,0.78
14.0,20211025,0.78
14.0,20211026,0.77
14.0,20211027,0.77
14.0,20211028,0.76
14.0,20211029,0.79
14.0,20211030,0.83
14.0,20211031,0.83
14.0,20211101,0.86
14.0,20211102,0.88
14.0,20211103,0.91
14.0,20211104,0.92
14.0,20211105,0.92
14.0,20211106,0.94
14.0,20211107,0.97
14.0,20211108,0.98
14.0,20211109,0.98
14.0,20211110,0.99
14.0,20211111,1.0
14.0,20211112,0.99
14.0,20211113,0.99
14.0,20211114,0.99
14.0,20211115,0.99
14.0,20211116,0.99
14.0,20211117,0.99
14.0,20211118,1.0
14.0,20211119,1.0
14.0,20211120,1.0
14.0,20211121,1.0
14.0,20211122,0.99
14.0,20211123,0.99
14.0,20211124,0.99
14.0,20211125,0.99
14.0,20211126,1.0
14.0,20211127,1.0
14.0,20211128,1.0
14.0,20211129,1.0
14.0,20211130,1.0
14.0,20211201,1.0
14.0,20211202,1.0
14.0,20211203,0.99
14.0,20211204,0.99
14.0,20211205,0.99
14.0,20211206,0.98
14.0,20211207,0.98
14.0,20211208,0.97
14.0,20211209,0.97
14.0,20211210,0.97
14.0,20211211,0.96
14.0,20211212,0.96
14.0,20211213,0.96
14.0,20211214,0.96
14.0,20211215,0.95
14.0,20211216,0.95
14.0,20211217,0.94
14.0,20211218,0.93
14.0,20211219,0.93
14.0,20211220,0.92
14.0,20211221,0.92
14.0,20211222,0.91
14.0,20211223,0.9
14.0,20211224,0.9
14.0,20211225,0.89
14.0,20211226,0.88
14.0,20211227,0.88
14.0,20211228,0.87
14.0,20211229,0.87
14.0,20211230,0.89
14.0,20211231,0.96
14.0,20220101,0.96
14.0,20220102,0.95
14.0,20220103,0.94
14.0,20220104,0.93
14.0,20220105,0.93
14.0,20220106,0.92
14.0,20220107,0.91
14.0,20220108,0.91
14.0,20220109,0.9
14.0,20220110,0.9
14.0,20220111,0.89
14.0,20220112,0.88
14.0,20220113,0.87
14.0,20220114,0.87
14.0,20220115,0.86
14.0,20220116,0.86
14.0,20220117,0.86
14.0,20220118,0.86
14.0,20220119,0.85
14.0,20220120,0.85
14.0,20220121,0.84
14.0,20220122,0.83
14.0,20220123,0.83
14.0,20220124,0.83
14.0,20220125,0.82
14.0,20220126,0.82
14.0,20220127,0.81
14.0,20220128,0.8
14.0,20220129,0.8
14.0,20220130,0.79
14.0,20220131,0.78
14.0,20220201,0.78
14.0,20220202,0.77
14.0,20220203,0.76
14.0,20220204,0.76
14.0,20220205,0.75
14.0,20220206,0.74
14.0,20220207,0.74
14.0,20220208,0.73
14.0,20220209,0.72
14.0,20220210,0.72
14.0,20220211,0.71
14.0,20220212,0.71
14.0,20220213,0.7
14.0,20220214,0.69
14.0,20220215,0.69
14.0,20220216,0.68
14.0,20220217,0.68
14.0,20220218,0.67
14.0,20220219,0.67
14.0,20220220,0.66
14.0,20220221,0.66
14.0,20220222,0.65
14.0,20220223,0.65
14.0,20220224,0.64
14.0,20220225,0.64
14.0,20220226,0.63
14.0,20220227,0.63
14.0,20220228,0.62
14.0,20220301,0.62
14.0,20220302,0.61
14.0,20220303,0.61
14.0,20220304,0.61
14.0,20220305,0.6
14.0,20220306,0.6
14.0,20220307,0.6
14.0,20220308,0.59
14.0,20220309,0.59
14.0,20220310,0.59
14.0,20220311,0.58
14.0,20220312,0.58
14.0,20220313,0.57
14.0,20220314,0.57
14.0,20220315,0.57
14.0,20220316,0.56
14.0,20220317,0.56
14.0,20220318,0.55
14.0,20220319,0.55
14.0,20220320,0.55
14.0,20220321,0.55
14.0,20220322,0.55
14.0,20220323,0.54
14.0,20220324,0.54
14.0,20220325,0.54
14.0,20220326,0.53
14.0,20220327,0.53
14.0,20220328,0.53
14.0,20220329,0.53
14.0,20220330,0.53
14.0,20220331,0.52
14.0,20220401,0.52
14.0,20220402,0.52
14.0,20220403,0.52
14.0,20220404,0.52
14.0,20220405,0.52
14.0,20220406,0.52
14.0,20220407,0.52
14.0,20220408,0.52
14.0,20220409,0.52
14.0,20220410,0.52
14.0,20220411,0.52
14.0,20220412,0.52
14.0,20220413,0.52
14.0,20220414,0.52
14.0,20220415,0.52
14.0,20220416,0.52
14.0,20220417,0.52
14.0,20220418,0.52
14.0,20220419,0.52
14.0,20220420,0.52
14.0,20220421,0.52
14.0,20220422,0.51
14.0,20220423,0.51
14.0,20220424,0.51
14.0,20220425,0.51
14.0,20220426,0.51
14.0,20220427,0.51
14.0,20220428,0.51
14.0,20220429,0.51
14.0,20220430,0.51
14.0,20220501,0.51
14.0,20220502,0.51
14.0,20220503,0.52
14.0,20220504,0.52
14.0,20220505,0.52
14.0,20220506,0.52
14.0,20220507,0.54
14.0,20220508,0.54
14.0,20220509,0.53
14.0,20220510,0.54
14.0,20220511,0.55
14.0,20220512,0.55
14.0,20220513,0.57
14.0,20220514,0.56
14.0,20220515,0.56
14.0,20220516,0.58
14.0,20220517,0.58
14.0,20220518,0.58
14.0,20220519,0.57
14.0,20220520,0.57
14.0,20220521,0.56
14.0,20220522,0.56
14.0,20220523,0.55
14.0,20220524,0.55
14.0,20220525,0.55
14.0,20220526,0.55
14.0,20220527,0.55
14.0,20220528,0.55
14.0,20220529,0.54
14.0,20220530,0.54
14.0,20220531,0.54
14.0,20220601,0.53
14.0,20220602,0.53
14.0,20220603,0.53
14.0,20220604,0.53
14.0,20220605,0.53
14.0,20220606,0.53
14.0,20220607,0.53
14.0,20220608,0.53
14.0,20220609,0.53
14.0,20220610,0.53
14.0,20220611,0.53
14.0,20220612,0.53
14.0,20220613,0.53
14.0,20220614,0.53
14.0,20220615,0.54
14.0,20220616,0.55
14.0,20220617,0.56
14.0,20220618,0.56
14.0,20220619,0.59
14.0,20220620,0.64
14.0,20220621,0.66
14.0,20220622,0.68
14.0,20220623,0.67
14.0,20220624,0.67
14.0,20220625,0.67
14.0,20220626,0.66
14.0,20220627,0.65
14.0,20220628,0.66
14.0,20220629,0.65
14.0,20220630,0.66
14.0,20220701,0.66
14.0,20220702,0.66
14.0,20220703,0.66
14.0,20220704,0.66
14.0,20220705,0.66
14.0,20220706,0.67
14.0,20220707,0.66
14.0,20220708,0.66
14.0,20220709,0.66
14.0,20220710,0.66
14.0,20220711,0.65
14.0,20220712,0.65
14.0,20220713,0.65
14.0,20220714,0.64
14.0,20220715,0.63
14.0,20220716,0.63
14.0,20220717,0.65
14.0,20220718,0.65
14.0,20220719,0.64
14.0,20220720,0.65
14.0,20220721,0.66
14.0,20220722,0.68
14.0,20220723,0.68
14.0,20220724,0.68
14.0,20220725,0.68
14.0,20220726,0.69
14.0,20220727,0.68
14.0,20220728,0.68
14.0,20220729,0.68
14.0,20220730,0.67
14.0,20220731,0.67
14.0,20220801,0.67
14.0,20220802,0.68
15.0,20210902,0.73
15.0,20210903,0.73
15.0,20210904,0.74
15.0,20210905,0.75
15.0,20210906,0.75
15.0,20210907,0.75
15.0,20210908,0.74
15.0,20210909,0.74
15.0,20210910,0.73
15.0,20210911,0.73
15.0,20210912,0.72
15.0,20210913,0.72
15.0,20210914,0.71
15.0,20210915,0.71
15.0,20210916,0.71
15.0,20210917,0.71
15.0,20210918,0.71
15.0,20210919,0.71
15.0,20210920,0.71
15.0,20210921,0.71
15.0,20210922,0.74
15.0,20210923,0.74
15.0,20210924,0.74
15.0,20210925,0.73
15.0,20210926,0.75
15.0,20210927,0.74
15.0,20210928,0.73
15.0,20210929,0.73
15.0,20210930,0.73
15.0,20211001,0.73
15.0,20211002,0.73
15.0,20211003,0.73
15.0,20211004,0.73
15.0,20211005,0.76
15.0,20211006,0.79
15.0,20211007,0.79
15.0,20211008,0.78
15.0,20211009,0.78
15.0,20211010,0.79
15.0,20211011,0.8
15.0,20211012,0.79
15.0,20211013,0.8
15.0,20211014,0.79
15.0,20211015,0.79
15.0,20211016,0.79
15.0,20211017,0.79
15.0,20211018,0.79
15.0,20211019,0.78
15.0,20211020,0.78
15.0,20211021,0.79
15.0,20211022,0.78
15.0,20211023,0.78
15.0,20211024,0.78
15.0,20211025,0.78
15.0,20211026,0.77
15.0,20211027,0.77
15.0,20211028,0.76
15.0,20211029,0.79
15.0,20211030,0.83
15.0,20211031,0.83
15.0,20211101,0.86
15.0,20211102,0.88
15.0,20211103,0.91
15.0,20211104,0.92
15.0,20211105,0.92
15.0,20211106,0.94
15.0,20211107,0.97
15.0,20211108,0.98
15.0,20211109,0.98
15.0,20211110,0.99
15.0,20211111,1.0
15.0,20211112,0.99
15.0,20211113,0.99
15.0,20211114,0.99
15.0,20211115,0.99
15.0,20211116,0.99
15.0,20211117,0.99
15.0,20211118,1.0
15.0,20211119,1.0
15.0,20211120,1.0
15.0,20211121,1.0
15.0,20211122,0.99
15.0,20211123,0.99
15.0,20211124,0.99
15.0,20211125,0.99
15.0,20211126,1.0
15.0,20211127,1.0
15.0,20211128,1.0
15.0,20211129,1.0
15.0,20211130,1.0
15.0,20211201,1.0
15.0,20211202,1.0
15.0,20211203,0.99
15.0,20211204,0.99
15.0,20211205,0.99
15.0,20211206,0.98
15.0,20211207,0.98
15.0,20211208,0.97
15.0,20211209,0.97
15.0,20211210,0.97
15.0,20211211,0.96
15.0,20211212,0.96
15.0,20211213,0.96
15.0,20211214,0.96
15.0,20211215,0.95
15.0,20211216,0.95
15.0,20211217,0.94
15.0,20211218,0.93
15.0,20211219,0.93
15.0,20211220,0.92
15.0,20211221,0.92
15.0,20211222,0.91
15.0,20211223,0.9
15.0,20211224,0.9
15.0,20211225,0.89
15.0,20211226,0.88
15.0,20211227,0.88
15.0,20211228,0.87
15.0,20211229,0.87
15.0,20211230,0.89
15.0,20211231,0.96
15.0,20220101,0.96
15.0,20220102,0.95
15.0,20220103,0.94
15.0,20220104,0.93
15.0,20220105,0.93
15.0,20220106,0.92
15.0,20220107,0.91
15.0,20220108,0.91
15.0,20220109,0.9
15.0,20220110,0.9
15.0,20220111,0.89
15.0,20220112,0.88
15.0,20220113,0.87
15.0,20220114,0.87
15.0,20220115,0.86
15.0,20220116,0.86
15.0,20220117,0.86
15.0,20220118,0.86
15.0,20220119,0.85
15.0,20220120,0.85
15.0,20220121,0.84
15.0,20220122,0.83
15.0,20220123,0.83
15.0,20220124,0.83
15.0,20220125,0.82
15.0,20220126,0.82
15.0,20220127,0.81
15.0,20220128,0.8
15.0,20220129,0.8
15.0,20220130,0.79
15.0,20220131,0.78
15.0,20220201,0.78
15.0,20220202,0.77
15.0,20220203,0.76
15.0,20220204,0.76
15.0,20220205,0.75
15.0,20220206,0.74
15.0,20220207,0.74
15.0,20220208,0.73
15.0,20220209,0.72
15.0,20220210,0.72
15.0,20220211,0.71
15.0,20220212,0.71
15.0,20220213,0.7
15.0,20220214,0.69
15.0,20220215,0.69
15.0,20220216,0.68
15.0,20220217,0.68
15.0,20220218,0.67
15.0,20220219,0.67
15.0,20220220,0.66
15.0,20220221,0.66
15.0,20220222,0.65
15.0,20220223,0.65
15.0,20220224,0.64
15.0,20220225,0.64
15.0,20220226,0.63
15.0,20220227,0.63
15.0,20220228,0.62
15.0,20220301,0.62
15.0,20220302,0.61
15.0,20220303,0.61
15.0,20220304,0.61
15.0,20220305,0.6
15.0,20220306,0.6
15.0,20220307,0.6
15.0,20220308,0.59
15.0,20220309,0.59
15.0,20220310,0.59
15.0,20220311,0.58
15.0,20220312,0.58
15.0,20220313,0.57
15.0,20220314,0.57
15.0,20220315,0.57
15.0,20220316,0.56
15.0,20220317,0.56
15.0,20220318,0.55
15.0,20220319,0.55
15.0,20220320,0.55
15.0,20220321,0.55
15.0,20220322,0.55
15.0,20220323,0.54
15.0,20220324,0.54
15.0,20220325,0.54
15.0,20220326,0.53
15.0,20220327,0.53
15.0,20220328,0.53
15.0,20220329,0.53
15.0,20220330,0.53
15.0,20220331,0.52
15.0,20220401,0.52
15.0,20220402,0.52
15.0,20220403,0.52
15.0,20220404,0.52
15.0,20220405,0.52
15.0,20220406,0.52
15.0,20220407,0.52
15.0,20220408,0.52
15.0,20220409,0.52
15.0,20220410,0.52
15.0,20220411,0.52
15.0,20220412,0.52
15.0,20220413,0.52
15.0,20220414,0.52
15.0,20220415,0.52
15.0,20220416,0.52
15.0,20220417,0.52
15.0,20220418,0.52
15.0,20220419,0.52
15.0,20220420,0.52
15.0,20220421,0.52
15.0,20220422,0.51
15.0,20220423,0.51
15.0,20220424,0.51
15.0,20220425,0.51
15.0,20220426,0.51
15.0,20220427,0.51
15.0,20220428,0.51
15.0,20220429,0.51
15.0,20220430,0.51
15.0,20220501,0.51
15.0,20220502,0.51
15.0,20220503,0.52
15.0,20220504,0.52
15.0,20220505,0.52
15.0,20220506,0.52
15.0,20220507,0.54
15.0,20220508,0.54
15.0,20220509,0.53
15.0,20220510,0.54
15.0,20220511,0.55
15.0,20220512,0.55
15.0,20220513,0.57
15.0,20220514,0.56
15.0,20220515,0.56
15.0,20220516,0.58
15.0,20220517,0.58
15.0,20220518,0.58
15.0,20220519,0.57
15.0,20220520,0.57
15.0,20220521,0.56
15.0,20220522,0.56
15.0,20220523,0.55
15.0,20220524,0.55
15.0,20220525,0.55
15.0,20220526,0.55
15.0,20220527,0.55
15.0,20220528,0.55
15.0,20220529,0.54
15.0,20220530,0.54
15.0,20220531,0.54
15.0,20220601,0.53
15.0,20220602,0.53
15.0,20220603,0.53
15.0,20220604,0.53
15.0,20220605,0.53
15.0,20220606,0.53
15.0,20220607,0.53
15.0,20220608,0.53
15.0,20220609,0.53
15.0,20220610,0.53
15.0,20220611,0.53
15.0,20220612,0.53
15.0,20220613,0.53
15.0,20220614,0.53
15.0,20220615,0.54
15.0,20220616,0.55
15.0,20220617,0.56
15.0,20220618,0.56
15.0,20220619,0.59
15.0,20220620,0.64
15.0,20220621,0.66
15.0,20220622,0.68
15.0,20220623,0.67
15.0,20220624,0.67
15.0,20220625,0.67
15.0,20220626,0.66
15.0,20220627,0.65
15.0,20220628,0.66
15.0,20220629,0.65
15.0,20220630,0.66
15.0,20220701,0.66
15.0,20220702,0.66
15.0,20220703,0.66
15.0,20220704,0.66
15.0,20220705,0.66
15.0,20220706,0.67
15.0,20220707,0.66
15.0,20220708,0.66
15.0,20220709,0.66
15.0,20220710,0.66
15.0,20220711,0.65
15.0,20220712,0.65
15.0,20220713,0.65
15.0,20220714,0.64
15.0,20220715,0.63
15.0,20220716,0.63
15.0,20220717,0.65
15.0,20220718,0.65
15.0,20220719,0.64
15.0,20220720,0.65
15.0,20220721,0.66
15.0,20220722,0.68
15.0,20220723,0.68
15.0,20220724,0.68
15.0,20220725,0.68
15.0,20220726,0.69
15.0,20220727,0.68
15.0,20220728,0.68
15.0,20220729,0.68
15.0,20220730,0.67
15.0,20220731,0.67
15.0,20220801,0.67
15.0,20220802,0.68
16.0,20210902,0.73
16.0,20210903,0.73
16.0,20210904,0.74
16.0,20210905,0.75
16.0,20210906,0.75
16.0,20210907,0.75
16.0,20210908,0.74
16.0,20210909,0.74
16.0,20210910,0.73
16.0,20210911,0.73
16.0,20210912,0.72
16.0,20210913,0.72
16.0,20210914,0.71
16.0,20210915,0.71
16.0,20210916,0.71
16.0,20210917,0.71
16.0,20210918,0.71
16.0,20210919,0.71
16.0,20210920,0.71
16.0,20210921,0.71
16.0,20210922,0.74
16.0,20210923,0.74
16.0,20210924,0.74
16.0,20210925,0.73
16.0,20210926,0.75
16.0,20210927,0.74
16.0,20210928,0.73
16.0,20210929,0.73
16.0,20210930,0.73
16.0,20211001,0.73
16.0,20211002,0.73
16.0,20211003,0.73
16.0,20211004,0.73
16.0,20211005,0.76
16.0,20211006,0.79
16.0,20211007,0.79
16.0,20211008,0.78
16.0,20211009,0.78
16.0,20211010,0.79
16.0,20211011,0.8
16.0,20211012,0.79
16.0,20211013,0.8
16.0,20211014,0.79
16.0,20211015,0.79
16.0,20211016,0.79
16.0,20211017,0.79
16.0,20211018,0.79
16.0,20211019,0.78
16.0,20211020,0.78
16.0,20211021,0.79
16.0,20211022,0.78
16.0,20211023,0.78
16.0,20211024,0.78
16.0,20211025,0.78
16.0,20211026,0.77
16.0,20211027,0.77
16.0,20211028,0.76
16.0,20211029,0.79
16.0,20211030,0.83
16.0,20211031,0.83
16.0,20211101,0.86
16.0,20211102,0.88
16.0,20211103,0.91
16.0,20211104,0.92
16.0,20211105,0.92
16.0,20211106,0.94
16.0,20211107,0.97
16.0,20211108,0.98
16.0,20211109,0.98
16.0,20211110,0.99
16.0,20211111,1.0
16.0,20211112,0.99
16.0,20211113,0.99
16.0,20211114,0.99
16.0,20211115,0.99
16.0,20211116,0.99
16.0,20211117,0.99
16.0,20211118,1.0
16.0,20211119,1.0
16.0,20211120,1.0
16.0,20211121,1.0
16.0,20211122,0.99
16.0,20211123,0.99
16.0,20211124,0.99
16.0,20211125,0.99
16.0,20211126,1.0
16.0,20211127,1.0
16.0,20211128,1.0
16.0,20211129,1.0
16.0,20211130,1.0
16.0,20211201,1.0
16.0,20211202,1.0
16.0,20211203,0.99
16.0,20211204,0.99
16.0,20211205,0.99
16.0,20211206,0.98
16.0,20211207,0.98
16.0,20211208,0.97
16.0,20211209,0.97
16.0,20211210,0.97
16.0,20211211,0.96
16.0,20211212,0.96
16.0,20211213,0.96
16.0,20211214,0.96
16.0,20211215,0.95
16.0,20211216,0.95
16.0,20211217,0.94
16.0,20211218,0.93
16.0,20211219,0.93
16.0,20211220,0.92
16.0,20211221,0.92
16.0,20211222,0.91
16.0,20211223,0.9
16.0,20211224,0.9
16.0,20211225,0.89
16.0,20211226,0.88
16.0,20211227,0.88
16.0,20211228,0.87
16.0,20211229,0.87
16.0,20211230,0.89
16.0,20211231,0.96
16.0,20220101,0.96
16.0,20220102,0.95
16.0,20220103,0.94
16.0,20220104,0.93
16.0,20220105,0.93
16.0,20220106,0.92
16.0,20220107,0.91
16.0,20220108,0.91
16.0,20220109,0.9
16.0,20220110,0.9
16.0,20220111,0.89
16.0,20220112,0.88
16.0,20220113,0.87
16.0,20220114,0.87
16.0,20220115,0.86
16.0,20220116,0.86
16.0,20220117,0.86
16.0,20220118,0.86
16.0,20220119,0.85
16.0,20220120,0.85
16.0,20220121,0.84
16.0,20220122,0.83
16.0,20220123,0.83
16.0,20220124,0.83
16.0,20220125,0.82
16.0,20220126,0.82
16.0,20220127,0.81
16.0,20220128,0.8
16.0,20220129,0.8
16.0,20220130,0.79
16.0,20220131,0.78
16.0,20220201,0.78
16.0,20220202,0.77
16.0,20220203,0.76
16.0,20220204,0.76
16.0,20220205,0.75
16.0,20220206,0.74
16.0,20220207,0.74
16.0,20220208,0.73
16.0,20220209,0.72
16.0,20220210,0.72
16.0,20220211,0.71
16.0,20220212,0.71
16.0,20220213,0.7
16.0,20220214,0.69
16.0,20220215,0.69
16.0,20220216,0.68
16.0,20220217,0.68
16.0,20220218,0.67
16.0,20220219,0.67
16.0,20220220,0.66
16.0,20220221,0.66
16.0,20220222,0.65
16.0,20220223,0.65
16.0,20220224,0.64
16.0,20220225,0.64
16.0,20220226,0.63
16.0,20220227,0.63
16.0,20220228,0.62
16.0,20220301,0.62
16.0,20220302,0.61
16.0,20220303,0.61
16.0,20220304,0.61
16.0,20220305,0.6
16.0,20220306,0.6
16.0,20220307,0.6
16.0,20220308,0.59
16.0,20220309,0.59
16.0,20220310,0.59
16.0,20220311,0.58
16.0,20220312,0.58
16.0,20220313,0.57
16.0,20220314,0.57
16.0,20220315,0.57
16.0,20220316,0.56
16.0,20220317,0.56
16.0,20220318,0.55
16.0,20220319,0.55
16.0,20220320,0.55
16.0,20220321,0.55
16.0,20220322,0.55
16.0,20220323,0.54
16.0,20220324,0.54
16.0,20220325,0.54
16.0,20220326,0.53
16.0,20220327,0.53
16.0,20220328,0.53
16.0,20220329,0.53
16.0,20220330,0.53
16.0,20220331,0.52
16.0,20220401,0.52
16.0,20220402,0.52
16.0,20220403,0.52
16.0,20220404,0.52
16.0,20220405,0.52
16.0,20220406,0.52
16.0,20220407,0.52
16.0,20220408,0.52
16.0,20220409,0.52
16.0,20220410,0.52
16.0,20220411,0.52
16.0,20220412,0.52
16.0,20220413,0.52
16.0,20220414,0.52
16.0,20220415,0.52
16.0,20220416,0.52
16.0,20220417,0.52
16.0,20220418,0.52
16.0,20220419,0.52
16.0,20220420,0.52
16.0,20220421,0.52
16.0,20220422,0.51
16.0,20220423,0.51
16.0,20220424,0.51
16.0,20220425,0.51
16.0,20220426,0.51
16.0,20220427,0.51
16.0,20220428,0.51
16.0,20220429,0.51
16.0,20220430,0.51
16.0,20220501,0.51
16.0,20220502,0.51
16.0,20220503,0.52
16.0,20220504,0.52
16.0,20220505,0.52
16.0,20220506,0.52
16.0,20220507,0.54
16.0,20220508,0.54
16.0,20220509,0.53
16.0,20220510,0.54
16.0,20220511,0.55
16.0,20220512,0.55
16.0,20220513,0.57
16.0,20220514,0.56
16.0,20220515,0.56
16.0,20220516,0.58
16.0,20220517,0.58
16.0,20220518,0.58
16.0,20220519,0.57
16.0,20220520,0.57
16.0,20220521,0.56
16.0,20220522,0.56
16.0,20220523,0.55
16.0,20220524,0.55
16.0,20220525,0.55
16.0,20220526,0.55
16.0,20220527,0.55
16.0,20220528,0.55
16.0,20220529,0.54
16.0,20220530,0.54
16.0,20220531,0.54
16.0,20220601,0.53
16.0,20220602,0.53
16.0,20220603,0.53
16.0,20220604,0.53
16.0,20220605,0.53
16.0,20220606,0.53
16.0,20220607,0.53
16.0,20220608,0.53
16.0,20220609,0.53
16.0,20220610,0.53
16.0,20220611,0.53
16.0,20220612,0.53
16.0,20220613,0.53
16.0,20220614,0.53
16.0,20220615,0.54
16.0,20220616,0.55
16.0,20220617,0.56
16.0,20220618,0.56
16.0,20220619,0.59
16.0,20220620,0.64
16.0,20220621,0.66
16.0,20220622,0.68
16.0,20220623,0.67
16.0,20220624,0.67
16.0,20220625,0.67
16.0,20220626,0.66
16.0,20220627,0.65
16.0,20220628,0.66
16.0,20220629,0.65
16.0,20220630,0.66
16.0,20220701,0.66
16.0,20220702,0.66
16.0,20220703,0.66
16.0,20220704,0.66
16.0,20220705,0.66
16.0,20220706,0.67
16.0,20220707,0.66
16.0,20220708,0.66
16.0,20220709,0.66
16.0,20220710,0.66
16.0,20220711,0.65
16.0,20220712,0.65
16.0,20220713,0.65
16.0,20220714,0.64
16.0,20220715,0.63
16.0,20220716,0.63
16.0,20220717,0.65
16.0,20220718,0.65
16.0,20220719,0.64
16.0,20220720,0.65
16.0,20220721,0.66
16.0,20220722,0.68
16.0,20220723,0.68
16.0,20220724,0.68
16.0,20220725,0.68
16.0,20220726,0.69
16.0,20220727,0.68
16.0,20220728,0.68
16.0,20220729,0.68
16.0,20220730,0.67
16.0,20220731,0.67
16.0,20220801,0.67
16.0,20220802,0.68
