date,predicted_runoff_mm
2021-09-02,0.12217068
2021-09-03,0.14145808
2021-09-04,0.16337122
2021-09-05,0.17899504
2021-09-06,0.18365918
2021-09-07,0.17525657
2021-09-08,0.19334723
2021-09-09,0.16594666
2021-09-10,0.1654917
2021-09-11,0.15451616
2021-09-12,0.16206726
2021-09-13,0.14330378
2021-09-14,0.15699388
2021-09-15,0.14385636
2021-09-16,0.14385636
2021-09-17,0.1340548
2021-09-18,0.123635896
2021-09-19,0.12386784
2021-09-20,0.11777103
2021-09-21,0.13040352
2021-09-22,0.12250744
2021-09-23,0.177555
2021-09-24,0.17136858
2021-09-25,0.136149
2021-09-26,0.15736471
2021-09-27,0.20094827
2021-09-28,0.16853298
2021-09-29,0.18342729
2021-09-30,0.18441932
2021-10-01,0.16928242
2021-10-02,0.17843817
2021-10-03,0.15915667
2021-10-04,0.15522839
2021-10-05,0.18525052
2021-10-06,0.13814999
2021-10-07,0.13088731
2021-10-08,0.18185546
2021-10-09,0.14274022
2021-10-10,0.18223731
2021-10-11,0.13538425
2021-10-12,0.1696553
2021-10-13,0.17151603
2021-10-14,0.17483895
2021-10-15,0.16966084
2021-10-16,0.17980939
2021-10-17,0.17052805
2021-10-18,0.16364956
2021-10-19,0.19257717
2021-10-20,0.15619172
2021-10-21,0.15839423
2021-10-22,0.15659148
2021-10-23,0.15447769
2021-10-24,0.1635341
2021-10-25,0.14468795
2021-10-26,0.14614022
2021-10-27,0.1225687
2021-10-28,0.13938628
2021-10-29,0.19961521
2021-10-30,0.1676333
2021-10-31,0.1926108
2021-11-01,0.7425273
2021-11-02,0.8503521
2021-11-03,0.87919295
2021-11-04,1.1607453
2021-11-05,1.1236501
2021-11-06,0.9768599
2021-11-07,1.1424158
2021-11-08,1.8271451
2021-11-09,1.2379143
2021-11-10,1.5925483
2021-11-11,1.0590218
2021-11-12,1.5943115
2021-11-13,1.2185717
2021-11-14,1.1456293
2021-11-15,1.0263203
2021-11-16,1.1251179
2021-11-17,1.7791072
2021-11-18,1.4243279
2021-11-19,1.1403615
2021-11-20,1.1310872
2021-11-21,1.132582
2021-11-22,1.0361853
2021-11-23,1.0252718
2021-11-24,0.8517229
2021-11-25,0.7746734
2021-11-26,1.0249302
2021-11-27,1.2918301
2021-11-28,1.3919113
2021-11-29,1.2411126
2021-11-30,1.3941623
2021-12-01,1.127209
2021-12-02,1.0223634
2021-12-03,1.0225722
2021-12-04,0.7631761
2021-12-05,0.7631761
2021-12-06,0.7631761
2021-12-07,0.65640265
2021-12-08,0.5364388
2021-12-09,0.49070373
2021-12-10,0.47290298
2021-12-11,0.41061506
2021-12-12,0.35203564
2021-12-13,0.3272116
2021-12-14,0.2885836
2021-12-15,0.25654492
2021-12-16,0.26782528
2021-12-17,0.2261307
2021-12-18,0.21583481
2021-12-19,0.19953911
2021-12-20,0.1950781
2021-12-21,0.18413359
2021-12-22,0.1874397
2021-12-23,0.15746833
2021-12-24,0.16789627
2021-12-25,0.15594839
2021-12-26,0.13802524
2021-12-27,0.13305329
2021-12-28,0.11866082
2021-12-29,0.11777103
2021-12-30,0.15809561
2021-12-31,0.1748081
2022-01-01,0.13561113
2022-01-02,0.12095476
2022-01-03,0.11941732
2022-01-04,0.11919869
2022-01-05,0.11777103
2022-01-06,0.11154987
2022-01-07,0.11280853
2022-01-08,0.11115012
2022-01-09,0.107189536
2022-01-10,0.100258075
2022-01-11,0.0997742
2022-01-12,0.09800245
2022-01-13,0.096265115
2022-01-14,0.09215212
2022-01-15,0.09215212
2022-01-16,0.07731399
2022-01-17,0.07731399
2022-01-18,0.07473119
2022-01-19,0.072955616
2022-01-20,0.07165647
2022-01-21,0.069431804
2022-01-22,0.06802928
2022-01-23,0.065748654
2022-01-24,0.065748654
2022-01-25,0.058115557
2022-01-26,0.059273407
2022-01-27,0.058115557
2022-01-28,0.058115557
2022-01-29,0.056550317
2022-01-30,0.052929968
2022-01-31,0.052929968
2022-02-01,0.052929968
2022-02-02,0.052468956
2022-02-03,0.04493688
2022-02-04,0.04493688
2022-02-05,0.04493688
2022-02-06,0.04493688
2022-02-07,0.045744546
2022-02-08,0.042709813
2022-02-09,0.042709813
2022-02-10,0.052929968
2022-02-11,0.041576475
2022-02-12,0.043812573
2022-02-13,0.040587828
2022-02-14,0.042709813
2022-02-15,0.042709813
2022-02-16,0.042709813
2022-02-17,0.042709813
2022-02-18,0.042709813
2022-02-19,0.040587828
2022-02-20,0.040587828
2022-02-21,0.039447203
2022-02-22,0.039447203
2022-02-23,0.03822714
2022-02-24,0.03822714
2022-02-25,0.036651313
2022-02-26,0.036651313
2022-02-27,0.0362053
2022-02-28,0.0362053
2022-03-01,0.0362053
2022-03-02,0.0362053
2022-03-03,0.037463956
2022-03-04,0.03818437
2022-03-05,0.037894014
2022-03-06,0.039146006
2022-03-07,0.037203882
2022-03-08,0.036036048
2022-03-09,0.036036048
2022-03-10,0.036036048
2022-03-11,0.036036048
2022-03-12,0.036036048
2022-03-13,0.036036048
2022-03-14,0.036036048
2022-03-15,0.036036048
2022-03-16,0.036036048
2022-03-17,0.035891566
2022-03-18,0.038089026
2022-03-19,0.035891566
2022-03-20,0.035891566
2022-03-21,0.035891566
2022-03-22,0.03375272
2022-03-23,0.03335457
2022-03-24,0.19889592
2022-03-25,0.0362053
2022-03-26,0.04493688
2022-03-27,0.054571256
2022-03-28,0.058115557
2022-03-29,0.065748654
2022-03-30,0.065748654
2022-03-31,0.065748654
2022-04-01,0.065748654
2022-04-02,0.065748654
2022-04-03,0.065748654
2022-04-04,0.058115557
2022-04-05,0.058115557
2022-04-06,0.058115557
2022-04-07,0.058115557
2022-04-08,0.056550317
2022-04-09,0.056550317
2022-04-10,0.052929968
2022-04-11,0.052929968
2022-04-12,0.052929968
2022-04-13,0.0690374
2022-04-14,0.04984088
2022-04-15,0.0516096
2022-04-16,0.04493688
2022-04-17,0.04668045
2022-04-18,0.044683486
2022-04-19,0.045771237
2022-04-20,0.044586696
2022-04-21,0.042886667
2022-04-22,0.042709813
2022-04-23,0.042709813
2022-04-24,0.042709813
2022-04-25,0.040587828
2022-04-26,0.039447203
2022-04-27,0.03822714
2022-04-28,0.036651313
2022-04-29,0.036651313
2022-04-30,0.0362053
2022-05-01,0.0362053
2022-05-02,0.0362053
2022-05-03,0.0362053
2022-05-04,0.036036048
2022-05-05,0.036036048
2022-05-06,0.036036048
2022-05-07,0.035891566
2022-05-08,0.036155004
2022-05-09,0.05253943
2022-05-10,0.13341577
2022-05-11,0.35096538
2022-05-12,0.106116764
2022-05-13,0.15984474
2022-05-14,0.18520476
2022-05-15,0.18630517
2022-05-16,0.18583111
2022-05-17,0.16831687
2022-05-18,0.155966
2022-05-19,0.14659984
2022-05-20,0.14265476
2022-05-21,0.1225687
2022-05-22,0.11777103
2022-05-23,0.11154987
2022-05-24,0.108631834
2022-05-25,0.09800245
2022-05-26,0.09800245
2022-05-27,0.09345126
2022-05-28,0.09215212
2022-05-29,0.07731399
2022-05-30,0.073663995
2022-05-31,0.07165647
2022-06-01,0.069431804
2022-06-02,0.06802928
2022-06-03,0.065748654
2022-06-04,0.065748654
2022-06-05,0.058115557
2022-06-06,0.058115557
2022-06-07,0.059859134
2022-06-08,0.053404592
2022-06-09,0.053764317
2022-06-10,0.052929968
2022-06-11,0.071299836
2022-06-12,0.0573506
2022-06-13,0.052307315
2022-06-14,0.04493688
2022-06-15,0.04493688
2022-06-16,0.060333416
2022-06-17,0.049916867
2022-06-18,0.04625687
2022-06-19,0.053035613
2022-06-20,0.053878278
2022-06-21,0.05388114
2022-06-22,0.078354955
2022-06-23,0.10065662
2022-06-24,0.13312323
2022-06-25,0.18900211
2022-06-26,0.10742877
2022-06-27,0.15219814
2022-06-28,0.14998
2022-06-29,0.15404588
2022-06-30,0.1507633
2022-07-01,0.13844931
2022-07-02,0.14577578
2022-07-03,0.16123177
2022-07-04,0.1568086
2022-07-05,0.18688907
2022-07-06,0.17328052
2022-07-07,0.20022674
2022-07-08,0.2106237
2022-07-09,0.21520759
2022-07-10,0.21877457
2022-07-11,0.2229763
2022-07-12,0.20523004
2022-07-13,0.21744972
2022-07-14,0.19889592
2022-07-15,0.18694592
2022-07-16,0.18405984
2022-07-17,0.1655061
2022-07-18,0.18704155
2022-07-19,0.185761
2022-07-20,0.16614647
2022-07-21,0.157121
2022-07-22,0.17126925
2022-07-23,0.17344879
2022-07-24,0.18384026
2022-07-25,0.17850496
2022-07-26,0.1767663
2022-07-27,0.15037315
2022-07-28,0.15668081
2022-07-29,0.14385636
2022-07-30,0.13248418
2022-07-31,0.123635896
2022-08-01,0.11777103
2022-08-02,0.13150668
