Row Labels,Average of runoff_mm
01-01-2018,0.082989998
02-01-2018,0.080410004
03-01-2018,0.077940002
04-01-2018,0.075549997
05-01-2018,0.073250003
06-01-2018,0.071039997
07-01-2018,0.06893
08-01-2018,0.066909999
09-01-2018,0.064999998
10-01-2018,0.063300001
11-01-2018,0.06079
12-01-2018,0.0593175
13-01-2018,0.057937499
14-01-2018,0.056615
15-01-2018,0.0553375
16-01-2018,0.05410625
17-01-2018,0.05291875
18-01-2018,0.051775
19-01-2018,0.05067625
20-01-2018,0.049625
21-01-2018,0.0486125
22-01-2018,0.047642501
23-01-2018,0.046712499
24-01-2018,0.04582125
25-01-2018,0.0449675
26-01-2018,0.04415
27-01-2018,0.043366249
28-01-2018,0.0426125
29-01-2018,0.04189125
30-01-2018,0.041199999
31-01-2018,0.0405325
01-02-2018,0.0398925
02-02-2018,0.03927625
03-02-2018,0.03868375
04-02-2018,0.03811125
05-02-2018,0.03755875
06-02-2018,0.03702625
07-02-2018,0.0377275
08-02-2018,0.036026249
09-02-2018,0.03561625
10-02-2018,0.03526375
11-02-2018,0.03493125
12-02-2018,0.03461125
13-02-2018,0.034285
14-02-2018,0.034035
15-02-2018,0.03364125
16-02-2018,0.03333
17-02-2018,0.03302875
18-02-2018,0.0327275
19-02-2018,0.03242375
20-02-2018,0.0321175
21-02-2018,0.03181125
22-02-2018,0.0315025
23-02-2018,0.0311925
24-02-2018,0.03088375
25-02-2018,0.03057625
26-02-2018,0.03027375
27-02-2018,0.02997
28-02-2018,0.02967
01-03-2018,0.02937375
02-03-2018,0.0290825
03-03-2018,0.028795
04-03-2018,0.02851125
05-03-2018,0.02823375
06-03-2018,0.02795875
07-03-2018,0.02768875
08-03-2018,0.02742375
09-03-2018,0.0271625
10-03-2018,0.02690625
11-03-2018,0.026655
12-03-2018,0.02641
13-03-2018,0.02616625
14-03-2018,0.02592625
15-03-2018,0.0256975
16-03-2018,0.02585
17-03-2018,0.04067
18-03-2018,0.02518125
19-03-2018,0.02517875
20-03-2018,0.02520625
21-03-2018,0.0252325
22-03-2018,0.02524
23-03-2018,0.02523125
24-03-2018,0.02519875
25-03-2018,0.02514125
26-03-2018,0.025065
27-03-2018,0.02497625
28-03-2018,0.02487
29-03-2018,0.02474875
30-03-2018,0.02461875
31-03-2018,0.02447875
01-04-2018,0.0243325
02-04-2018,0.02418
03-04-2018,0.02402
04-04-2018,0.02386
05-04-2018,0.0236975
06-04-2018,0.02353
07-04-2018,0.02336125
08-04-2018,0.02319375
09-04-2018,0.02302375
10-04-2018,0.022855
11-04-2018,0.0226925
12-04-2018,0.02252
13-04-2018,0.02236125
14-04-2018,0.02219375
15-04-2018,0.02204
16-04-2018,0.02188
17-04-2018,0.021725
18-04-2018,0.02157125
19-04-2018,0.02142
20-04-2018,0.02126875
21-04-2018,0.0211175
22-04-2018,0.02096875
23-04-2018,0.0208225
24-04-2018,0.020675
25-04-2018,0.02052875
26-04-2018,0.0203875
27-04-2018,0.020245
28-04-2018,0.020105
29-04-2018,0.0199675
30-04-2018,0.01983
01-05-2018,0.019695
02-05-2018,0.01956125
03-05-2018,0.020078751
04-05-2018,0.01929875
05-05-2018,0.01917875
06-05-2018,0.01907
07-05-2018,0.018965
08-05-2018,0.01889375
09-05-2018,0.02001625
10-05-2018,0.018675
11-05-2018,0.01859875
12-05-2018,0.01854625
13-05-2018,0.0184725
14-05-2018,0.01843
15-05-2018,0.0184025
16-05-2018,0.01829625
17-05-2018,0.01823875
18-05-2018,0.01818
19-05-2018,0.01812
20-05-2018,0.018055
21-05-2018,0.01798875
22-05-2018,0.01791625
23-05-2018,0.017845
24-05-2018,0.017765
25-05-2018,0.017685
26-05-2018,0.017605
27-05-2018,0.01759375
28-05-2018,0.0174725
29-05-2018,0.01773625
30-05-2018,0.01727625
31-05-2018,0.01721625
01-06-2018,0.02591125
02-06-2018,0.01919875
03-06-2018,0.0170975
04-06-2018,0.01754625
05-06-2018,0.01727125
06-06-2018,0.0278725
07-06-2018,0.01749875
08-06-2018,0.02583375
09-06-2018,0.01801
10-06-2018,0.02157375
11-06-2018,0.01883875
12-06-2018,0.020675
13-06-2018,0.01976375
14-06-2018,0.02057125
15-06-2018,0.066836249
16-06-2018,0.0214275
17-06-2018,0.0226275
18-06-2018,0.0239325
19-06-2018,0.02508875
20-06-2018,0.026043751
21-06-2018,0.0268225
22-06-2018,0.02737875
23-06-2018,0.03232375
24-06-2018,0.0282425
25-06-2018,0.02852875
26-06-2018,0.02889125
27-06-2018,0.02922125
28-06-2018,0.02983375
29-06-2018,0.02967375
30-06-2018,0.02964
01-07-2018,0.03155
02-07-2018,0.0507975
03-07-2018,0.0301025
04-07-2018,0.03084
05-07-2018,0.0572475
06-07-2018,0.03300125
07-07-2018,0.03419625
08-07-2018,0.035421251
09-07-2018,0.037548751
10-07-2018,0.037606251
11-07-2018,0.03845375
12-07-2018,0.039796251
13-07-2018,0.039471251
14-07-2018,0.039705
15-07-2018,0.039851251
16-07-2018,0.039855
17-07-2018,0.03972125
18-07-2018,0.042426251
19-07-2018,0.039199999
20-07-2018,0.05020875
21-07-2018,0.03969625
22-07-2018,0.04028875
23-07-2018,0.0410975
24-07-2018,0.04174125
25-07-2018,0.042617501
26-07-2018,0.044105
27-07-2018,0.04303625
28-07-2018,0.04330625
29-07-2018,0.0434
30-07-2018,0.0438825
31-07-2018,0.043253749
01-08-2018,0.043113751
02-08-2018,0.048715001
03-08-2018,0.04309875
04-08-2018,0.0459725
05-08-2018,0.043455
06-08-2018,0.04408625
07-08-2018,0.04515375
08-08-2018,0.04867375
09-08-2018,0.04506125
10-08-2018,0.046396251
11-08-2018,0.0749225
12-08-2018,0.051481249
13-08-2018,0.05352375
14-08-2018,0.062376249
15-08-2018,0.069080001
16-08-2018,0.06735125
17-08-2018,0.07072875
18-08-2018,0.073763751
19-08-2018,0.074993748
20-08-2018,0.07489
21-08-2018,0.07401125
22-08-2018,0.07261
23-08-2018,0.070896251
24-08-2018,0.069018749
25-08-2018,0.071133749
26-08-2018,0.0656325
27-08-2018,0.06480125
28-08-2018,0.064021252
29-08-2018,0.06302625
30-08-2018,0.06470625
31-08-2018,0.060767501
01-09-2018,0.0734375
02-09-2018,0.06026625
03-09-2018,0.06051625
04-09-2018,0.060495001
05-09-2018,0.06076375
06-09-2018,0.059527499
07-09-2018,0.059078749
08-09-2018,0.058747501
09-09-2018,0.05770125
10-09-2018,0.05924125
11-09-2018,0.058856249
12-09-2018,0.062762501
13-09-2018,0.0656725
14-09-2018,0.0641975
15-09-2018,0.0603975
16-09-2018,0.136047499
17-09-2018,0.099170001
18-09-2018,0.0890225
19-09-2018,0.10582375
20-09-2018,0.1166
21-09-2018,0.121697501
22-09-2018,0.12151375
23-09-2018,0.119097499
24-09-2018,0.115031251
25-09-2018,0.110196249
26-09-2018,0.105141251
27-09-2018,0.100156252
28-09-2018,0.095937501
29-09-2018,0.09313
30-09-2018,0.088248749
01-10-2018,0.097585001
02-10-2018,0.08385625
03-10-2018,0.089619999
04-10-2018,0.295861252
05-10-2018,0.163358752
06-10-2018,0.163499999
07-10-2018,0.191245002
08-10-2018,0.294421249
09-10-2018,0.2146025
10-10-2018,0.223779999
11-10-2018,0.214578752
12-10-2018,0.19892
13-10-2018,0.184368749
14-10-2018,0.16822625
15-10-2018,0.1643275
16-10-2018,0.148286252
17-10-2018,0.1518875
18-10-2018,0.139448751
19-10-2018,0.136673748
20-10-2018,0.131892499
21-10-2018,0.12595875
22-10-2018,0.11957125
23-10-2018,0.11322375
24-10-2018,0.107167499
25-10-2018,0.101516249
26-10-2018,0.09630125
27-10-2018,0.091514999
28-10-2018,0.087135001
29-10-2018,0.083120001
30-10-2018,0.079439999
31-10-2018,0.07867125
01-11-2018,0.074015
02-11-2018,0.091971251
03-11-2018,0.073034999
04-11-2018,0.075142499
05-11-2018,0.077780001
06-11-2018,0.079812498
07-11-2018,0.079432501
08-11-2018,0.07893625
09-11-2018,0.07766625
10-11-2018,0.075887499
11-11-2018,0.073812501
12-11-2018,0.071600001
13-11-2018,0.069346251
14-11-2018,0.067117499
15-11-2018,0.07753875
16-11-2018,0.064267501
17-11-2018,0.06451125
18-11-2018,0.064920001
19-11-2018,0.064878749
20-11-2018,0.065511251
21-11-2018,0.372146254
22-11-2018,0.389588747
23-11-2018,0.491599996
24-11-2018,0.531099998
25-11-2018,0.465545003
26-11-2018,0.384726249
27-11-2018,0.321446251
28-11-2018,0.273985002
29-11-2018,0.23825875
30-11-2018,0.211202499
01-12-2018,0.1897575
02-12-2018,0.172203751
03-12-2018,0.157953749
04-12-2018,0.146705002
05-12-2018,0.156605001
06-12-2018,0.1333525
07-12-2018,0.131850001
08-12-2018,0.128083747
09-12-2018,0.122820001
10-12-2018,0.116918749
11-12-2018,0.110922501
12-12-2018,0.105117501
13-12-2018,0.09964375
14-12-2018,0.094557501
15-12-2018,0.089944999
16-12-2018,0.085697502
17-12-2018,0.082048752
18-12-2018,0.078744999
19-12-2018,0.075647501
20-12-2018,0.072760001
21-12-2018,0.069996249
22-12-2018,0.067523749
23-12-2018,0.0652625
24-12-2018,0.0631575
25-12-2018,0.06116
26-12-2018,0.059256249
27-12-2018,0.057435
28-12-2018,0.05575625
29-12-2018,0.0541475
30-12-2018,0.052722501
31-12-2018,0.05141625
01-01-2019,0.050346251
02-01-2019,0.04930875
03-01-2019,0.048265
04-01-2019,0.047216251
05-01-2019,0.04616625
06-01-2019,0.04512875
07-01-2019,0.0441075
08-01-2019,0.04311375
09-01-2019,0.04214375
10-01-2019,0.04120625
11-01-2019,0.040298751
12-01-2019,0.03942375
13-01-2019,0.038580001
14-01-2019,0.03777
15-01-2019,0.036986249
16-01-2019,0.03623125
17-01-2019,0.0355225
18-01-2019,0.0348175
19-01-2019,0.034166249
20-01-2019,0.0335425
21-01-2019,0.03294375
22-01-2019,0.032361249
23-01-2019,0.0317975
24-01-2019,0.0312525
25-01-2019,0.03072125
26-01-2019,0.03021875
27-01-2019,0.02972
28-01-2019,0.02925
29-01-2019,0.0288075
30-01-2019,0.02836
31-01-2019,0.02794125
01-02-2019,0.027535
02-02-2019,0.02714625
03-02-2019,0.02676375
04-02-2019,0.02639
05-02-2019,0.026025
06-02-2019,0.02567
07-02-2019,0.0253225
08-02-2019,0.02498375
09-02-2019,0.0246525
10-02-2019,0.02433
11-02-2019,0.02401625
12-02-2019,0.02370625
13-02-2019,0.02340875
14-02-2019,0.0231175
15-02-2019,0.022835
16-02-2019,0.022557499
17-02-2019,0.02228625
18-02-2019,0.0221825
19-02-2019,0.02177625
20-02-2019,0.02155375
21-02-2019,0.02134625
22-02-2019,0.021143749
23-02-2019,0.02094625
24-02-2019,0.0207525
25-02-2019,0.020558751
26-02-2019,0.02036625
27-02-2019,0.020172501
28-02-2019,0.0220475
01-03-2019,0.0200825
02-03-2019,0.01966375
03-03-2019,0.0195675
04-03-2019,0.01949375
05-03-2019,0.01942
06-03-2019,0.01934375
07-03-2019,0.01925375
08-03-2019,0.01916625
09-03-2019,0.01924625
10-03-2019,0.0189575
11-03-2019,0.0188675
12-03-2019,0.01878
13-03-2019,0.01868875
14-03-2019,0.01858875
15-03-2019,0.01848375
16-03-2019,0.0183725
17-03-2019,0.018255
18-03-2019,0.01813375
19-03-2019,0.01800625
20-03-2019,0.01787625
21-03-2019,0.017743751
22-03-2019,0.01760875
23-03-2019,0.0174725
24-03-2019,0.01733625
25-03-2019,0.0171975
26-03-2019,0.01706
27-03-2019,0.01692125
28-03-2019,0.01678625
29-03-2019,0.01665
30-03-2019,0.0165125
31-03-2019,0.01637875
01-04-2019,0.016245
02-04-2019,0.016115
03-04-2019,0.01598625
04-04-2019,0.01585625
05-04-2019,0.01572875
06-04-2019,0.015605
07-04-2019,0.01548125
08-04-2019,0.01536125
09-04-2019,0.01524
10-04-2019,0.01512125
11-04-2019,0.01500625
12-04-2019,0.0148925
13-04-2019,0.01477875
14-04-2019,0.0146675
15-04-2019,0.01455875
16-04-2019,0.01445
17-04-2019,0.01434375
18-04-2019,0.01424
19-04-2019,0.014135
20-04-2019,0.01403375
21-04-2019,0.0139325
22-04-2019,0.01383375
23-04-2019,0.01373625
24-04-2019,0.01364
25-04-2019,0.013545
26-04-2019,0.01345125
27-04-2019,0.01335875
28-04-2019,0.0132675
29-04-2019,0.0131775
30-04-2019,0.01308875
01-05-2019,0.0204875
02-05-2019,0.01294625
03-05-2019,0.0129175
04-05-2019,0.01290375
05-05-2019,0.01289625
06-05-2019,0.01288875
07-05-2019,0.0152525
08-05-2019,0.01287
09-05-2019,0.012875
10-05-2019,0.01289
11-05-2019,0.01290875
12-05-2019,0.012925
13-05-2019,0.01293375
14-05-2019,0.01294
15-05-2019,0.01293375
16-05-2019,0.01292375
17-05-2019,0.012905
18-05-2019,0.01288125
19-05-2019,0.0128525
20-05-2019,0.01281875
21-05-2019,0.01278
22-05-2019,0.01273625
23-05-2019,0.01268875
24-05-2019,0.01264
25-05-2019,0.0125875
26-05-2019,0.01253375
27-05-2019,0.0124775
28-05-2019,0.02029125
29-05-2019,0.01710375
30-05-2019,0.01239125
31-05-2019,0.01249125
01-06-2019,0.01263125
02-06-2019,0.01278
03-06-2019,0.02792
04-06-2019,0.013095
05-06-2019,0.01331
06-06-2019,0.013595
07-06-2019,0.01646
08-06-2019,0.01415125
09-06-2019,0.0144275
10-06-2019,0.0146975
11-06-2019,0.01503375
12-06-2019,0.01514875
13-06-2019,0.0153325
14-06-2019,0.01559
15-06-2019,0.01560875
16-06-2019,0.01571375
17-06-2019,0.01588125
18-06-2019,0.01588875
19-06-2019,0.01591875
20-06-2019,0.01602625
21-06-2019,0.015992501
22-06-2019,0.02757
23-06-2019,0.02327125
24-06-2019,0.0208375
25-06-2019,0.0288
26-06-2019,0.02383125
27-06-2019,0.01886
28-06-2019,0.0201
29-06-2019,0.02201375
30-06-2019,0.02222625
01-07-2019,0.02329
02-07-2019,0.02393625
03-07-2019,0.02448625
04-07-2019,0.0250525
05-07-2019,0.02549875
06-07-2019,0.026907499
07-07-2019,0.02609875
08-07-2019,0.02632
09-07-2019,0.04228125
10-07-2019,0.0269675
11-07-2019,0.03497875
12-07-2019,0.0276975
13-07-2019,0.0289775
14-07-2019,0.0302275
15-07-2019,0.03196375
16-07-2019,0.0315625
17-07-2019,0.032677501
18-07-2019,0.0446325
19-07-2019,0.038453751
20-07-2019,0.04706
21-07-2019,0.03946125
22-07-2019,0.04668125
23-07-2019,0.082366251
24-07-2019,0.05354875
25-07-2019,0.05770875
26-07-2019,0.083750001
27-07-2019,0.069335001
28-07-2019,0.08274
29-07-2019,0.07897375
30-07-2019,0.08316625
31-07-2019,0.085432501
01-08-2019,0.093618751
02-08-2019,0.09431125
03-08-2019,0.08921875
04-08-2019,0.10789375
05-08-2019,0.094026251
06-08-2019,0.096877501
07-08-2019,0.09662375
08-08-2019,0.103752501
09-08-2019,0.09548
10-08-2019,0.094926251
11-08-2019,0.09462625
12-08-2019,0.108215001
13-08-2019,0.09677375
14-08-2019,0.197150003
15-08-2019,0.13043375
16-08-2019,0.125441249
17-08-2019,0.1892625
18-08-2019,0.171691248
19-08-2019,0.190089999
20-08-2019,0.209534999
21-08-2019,0.207898749
22-08-2019,0.203301249
23-08-2019,0.195680001
24-08-2019,0.183181249
25-08-2019,0.171879999
26-08-2019,0.161571251
27-08-2019,0.162801249
28-08-2019,0.150447501
29-08-2019,0.142296249
30-08-2019,0.141032499
31-08-2019,0.193730001
01-09-2019,0.154851251
02-09-2019,0.255263751
03-09-2019,0.176829999
04-09-2019,0.211319998
05-09-2019,0.205598747
06-09-2019,0.207763748
07-09-2019,0.196391251
08-09-2019,0.184933752
09-09-2019,0.173797501
10-09-2019,0.160552499
11-09-2019,0.172580001
12-09-2019,0.1489875
13-09-2019,0.153883749
14-09-2019,0.144337499
15-09-2019,0.144331249
16-09-2019,0.177333752
17-09-2019,0.16066875
18-09-2019,0.177080002
19-09-2019,0.183586251
20-09-2019,0.190772501
21-09-2019,0.187872498
22-09-2019,0.19846375
23-09-2019,0.183423752
24-09-2019,0.184725004
25-09-2019,0.191186249
26-09-2019,0.175423749
27-09-2019,0.169454998
28-09-2019,0.160768749
29-09-2019,0.150699999
30-09-2019,0.140574997
01-10-2019,0.13106
02-10-2019,0.12238
03-10-2019,0.1145575
04-10-2019,0.1075625
05-10-2019,0.10161625
06-10-2019,0.097041252
07-10-2019,0.091806249
08-10-2019,0.088532499
09-10-2019,0.0853575
10-10-2019,0.082445
11-10-2019,0.079653751
12-10-2019,0.07677875
13-10-2019,0.07414375
14-10-2019,0.07496875
15-10-2019,0.074275
16-10-2019,0.10316125
17-10-2019,0.077196251
18-10-2019,0.078685001
19-10-2019,0.08468875
20-10-2019,0.087051249
21-10-2019,0.088205001
22-10-2019,0.090957499
23-10-2019,0.09901625
24-10-2019,0.25464875
25-10-2019,0.117688751
26-10-2019,0.130014999
27-10-2019,0.145233749
28-10-2019,0.13674875
29-10-2019,0.17606
30-10-2019,0.206608752
31-10-2019,0.202468752
01-11-2019,0.222745001
02-11-2019,0.218983752
03-11-2019,0.204745
04-11-2019,0.1882875
05-11-2019,0.172402499
06-11-2019,0.158032499
07-11-2019,0.145387501
08-11-2019,0.134431251
09-11-2019,0.124977498
10-11-2019,0.1167375
11-11-2019,0.109453749
12-11-2019,0.10297
13-11-2019,0.098801251
14-11-2019,0.13868625
15-11-2019,0.14078125
16-11-2019,0.10672375
17-11-2019,0.119117499
18-11-2019,0.1238825
19-11-2019,0.131114999
20-11-2019,0.155630001
21-11-2019,0.177227504
22-11-2019,0.167110001
23-11-2019,0.17956375
24-11-2019,0.178656252
25-11-2019,0.17034875
26-11-2019,0.1601875
27-11-2019,0.16329875
28-11-2019,0.228850003
29-11-2019,0.189160002
30-11-2019,0.735178747
01-12-2019,0.6148975
02-12-2019,0.768772501
03-12-2019,0.698303748
04-12-2019,0.567929997
05-12-2019,0.458397499
06-12-2019,0.380433746
07-12-2019,0.333031254
08-12-2019,0.297357498
09-12-2019,0.277657498
10-12-2019,0.256409999
11-12-2019,0.235906251
12-12-2019,0.217687503
13-12-2019,0.20326625
14-12-2019,0.197115001
15-12-2019,0.183617499
16-12-2019,0.178643752
17-12-2019,0.171995002
18-12-2019,0.164692499
19-12-2019,0.15764375
20-12-2019,0.1508525
21-12-2019,0.143933751
22-12-2019,0.137111252
23-12-2019,0.13047125
24-12-2019,0.124609999
25-12-2019,0.11892125
26-12-2019,0.114366251
27-12-2019,0.109985001
28-12-2019,0.10562375
29-12-2019,0.1013425
30-12-2019,0.105031251
31-12-2019,0.095115001
01-01-2020,0.109048749
02-01-2020,0.106941251
03-01-2020,0.104733749
04-01-2020,0.102112502
05-01-2020,0.099686251
06-01-2020,0.09827375
07-01-2020,0.09770875
08-01-2020,0.094118749
09-01-2020,0.09317125
10-01-2020,0.09164875
11-01-2020,0.089632502
12-01-2020,0.087371249
13-01-2020,0.084992499
14-01-2020,0.08255
15-01-2020,0.080259999
16-01-2020,0.07796125
17-01-2020,0.076035
18-01-2020,0.075809999
19-01-2020,0.0721275
20-01-2020,0.0709775
21-01-2020,0.069751249
22-01-2020,0.068385
23-01-2020,0.066906251
24-01-2020,0.065377501
25-01-2020,0.06383125
26-01-2020,0.06228125
27-01-2020,0.060745
28-01-2020,0.0592375
29-01-2020,0.0519925
30-01-2020,0.041427499
31-01-2020,0.04076375
01-02-2020,0.04013375
02-02-2020,0.03952
03-02-2020,0.03891875
04-02-2020,0.038332499
05-02-2020,0.03775875
06-02-2020,0.037203749
07-02-2020,0.03666125
08-02-2020,0.0361325
09-02-2020,0.03561875
10-02-2020,0.0351175
11-02-2020,0.03463
12-02-2020,0.03415875
13-02-2020,0.033698751
14-02-2020,0.03325125
15-02-2020,0.0328175
16-02-2020,0.032397499
17-02-2020,0.031985
18-02-2020,0.0315875
19-02-2020,0.0312
20-02-2020,0.03082375
21-02-2020,0.030455
22-02-2020,0.0300975
23-02-2020,0.0297475
24-02-2020,0.0340325
25-02-2020,0.0291675
26-02-2020,0.02899625
27-02-2020,0.02885875
28-02-2020,0.02872375
29-02-2020,0.02857875
01-03-2020,0.028425
02-03-2020,0.028255
03-03-2020,0.02807
04-03-2020,0.027875
05-03-2020,0.02766875
06-03-2020,0.02747125
07-03-2020,0.02724
08-03-2020,0.02702625
09-03-2020,0.02681
10-03-2020,0.0265925
11-03-2020,0.0263725
12-03-2020,0.0261525
13-03-2020,0.02593125
14-03-2020,0.02571
15-03-2020,0.02548875
16-03-2020,0.0252675
17-03-2020,0.0250475
18-03-2020,0.02483125
19-03-2020,0.024615
20-03-2020,0.0244
21-03-2020,0.02418875
22-03-2020,0.02398125
23-03-2020,0.02378
24-03-2020,0.02358
25-03-2020,0.02338875
26-03-2020,0.02318875
27-03-2020,0.02299875
28-03-2020,0.02281375
29-03-2020,0.0226325
30-03-2020,0.02245375
31-03-2020,0.02227625
01-04-2020,0.02210125
02-04-2020,0.0219275
03-04-2020,0.02175875
04-04-2020,0.02159
05-04-2020,0.02142
06-04-2020,0.02126
07-04-2020,0.021095
08-04-2020,0.020935
09-04-2020,0.02833375
10-04-2020,0.02073
11-04-2020,0.0208325
12-04-2020,0.02100625
13-04-2020,0.02118875
14-04-2020,0.02135625
15-04-2020,0.0214925
16-04-2020,0.021595
17-04-2020,0.02166875
18-04-2020,0.02171125
19-04-2020,0.02172875
20-04-2020,0.0217175
21-04-2020,0.02168875
22-04-2020,0.02164
23-04-2020,0.0215775
24-04-2020,0.0215025
25-04-2020,0.0216525
26-04-2020,0.234286251
27-04-2020,0.02179375
28-04-2020,0.0235525
29-04-2020,0.0255875
30-04-2020,0.0273775
01-05-2020,0.02881625
02-05-2020,0.02993875
03-05-2020,0.0307825
04-05-2020,0.03138625
05-05-2020,0.03179375
06-05-2020,0.03204125
07-05-2020,0.03216
08-05-2020,0.03217125
09-05-2020,0.03210375
10-05-2020,0.03197
11-05-2020,0.03178375
12-05-2020,0.031579999
13-05-2020,0.03131
14-05-2020,0.03104625
15-05-2020,0.03076875
16-05-2020,0.0304925
17-05-2020,0.04615875
18-05-2020,0.03958
19-05-2020,0.03111625
20-05-2020,0.032537501
21-05-2020,0.03417875
22-05-2020,0.03553
23-05-2020,0.0365275
24-05-2020,0.037195
25-05-2020,0.0375925
26-05-2020,0.03777125
27-05-2020,0.03778125
28-05-2020,0.03765625
29-05-2020,0.03743625
30-05-2020,0.037138751
31-05-2020,0.03678875
01-06-2020,0.0381875
02-06-2020,0.03609125
03-06-2020,0.03582125
04-06-2020,0.03555
05-06-2020,0.03528
06-06-2020,0.03517125
07-06-2020,0.034655
08-06-2020,0.0344025
09-06-2020,0.085095002
10-06-2020,0.0833925
11-06-2020,0.136778752
12-06-2020,0.05744125
13-06-2020,0.0701425
14-06-2020,0.077655
15-06-2020,0.081489999
16-06-2020,0.082799998
17-06-2020,0.08296125
18-06-2020,0.082030001
19-06-2020,0.0807275
20-06-2020,0.10277125
21-06-2020,0.1015625
22-06-2020,0.08850125
23-06-2020,0.097567501
24-06-2020,0.102004998
25-06-2020,0.102727501
26-06-2020,0.101375
27-06-2020,0.098983749
28-06-2020,0.09589
29-06-2020,0.092471249
30-06-2020,0.08906625
01-07-2020,0.172835003
02-07-2020,0.124331249
03-07-2020,0.10710625
04-07-2020,0.158561249
05-07-2020,0.17646625
06-07-2020,0.307919999
07-07-2020,0.258936253
08-07-2020,0.292223746
09-07-2020,0.278872498
10-07-2020,0.255383754
11-07-2020,0.231601251
12-07-2020,0.210228749
13-07-2020,0.1925925
14-07-2020,0.211188746
15-07-2020,0.246963749
16-07-2020,0.335191249
17-07-2020,0.303962503
18-07-2020,0.402581253
19-07-2020,0.366234999
20-07-2020,0.363953751
21-07-2020,0.323813751
22-07-2020,0.282024998
23-07-2020,0.24736125
24-07-2020,0.329124998
25-07-2020,0.220022499
26-07-2020,0.212456251
27-07-2020,0.199832499
28-07-2020,0.186190002
29-07-2020,0.184448751
30-07-2020,0.165943751
31-07-2020,0.162930002
01-08-2020,0.160922499
02-08-2020,0.177538752
03-08-2020,0.159918754
04-08-2020,0.164050001
05-08-2020,0.161287498
06-08-2020,0.154832498
07-08-2020,0.146813748
08-08-2020,0.146907502
09-08-2020,0.300505
10-08-2020,0.184100003
11-08-2020,0.204087499
12-08-2020,0.224406251
13-08-2020,0.24071625
14-08-2020,0.276646254
15-08-2020,0.283846248
16-08-2020,0.3018975
17-08-2020,0.298713751
18-08-2020,0.2751575
19-08-2020,0.279941251
20-08-2020,0.299438746
21-08-2020,0.271601245
22-08-2020,0.278121251
23-08-2020,0.272357504
24-08-2020,0.269291254
25-08-2020,0.266919999
26-08-2020,0.254668748
27-08-2020,0.240737498
28-08-2020,0.223278748
29-08-2020,0.20563625
30-08-2020,0.189352499
31-08-2020,0.174974997
01-09-2020,0.197032499
02-09-2020,0.162153752
03-09-2020,0.162333749
04-09-2020,0.159044999
05-09-2020,0.153138751
06-09-2020,0.146740001
07-09-2020,0.149622501
08-09-2020,0.134402497
09-09-2020,0.145181248
10-09-2020,0.132062499
11-09-2020,0.1634325
12-09-2020,0.201462499
13-09-2020,0.178382501
14-09-2020,0.203200002
15-09-2020,0.23122875
16-09-2020,0.263373749
17-09-2020,0.265777497
18-09-2020,0.314597505
19-09-2020,0.416814993
20-09-2020,0.390003749
21-09-2020,0.434298751
22-09-2020,0.437001251
23-09-2020,0.401734997
24-09-2020,0.360972501
25-09-2020,0.326208751
26-09-2020,0.303412499
27-09-2020,0.311468748
28-09-2020,0.294684997
29-09-2020,0.297216253
30-09-2020,0.310047504
01-10-2020,0.295354996
02-10-2020,0.298113752
03-10-2020,0.411854994
04-10-2020,0.372418753
05-10-2020,0.350763746
06-10-2020,0.357385006
07-10-2020,0.33989
08-10-2020,0.315201249
09-10-2020,0.290085
10-10-2020,0.293185004
11-10-2020,0.322997504
12-10-2020,0.284582498
13-10-2020,0.314633746
14-10-2020,0.328916255
15-10-2020,0.325251248
16-10-2020,0.309564996
17-10-2020,0.348851255
18-10-2020,0.463632498
19-10-2020,0.339162498
20-10-2020,0.43631
21-10-2020,0.467345
22-10-2020,0.513772501
23-10-2020,0.510011252
24-10-2020,0.47959375
25-10-2020,0.43946125
26-10-2020,0.3993675
27-10-2020,0.36206875
28-10-2020,0.334992502
29-10-2020,0.317218751
30-10-2020,0.296340004
31-10-2020,0.286667503
01-11-2020,0.272272505
02-11-2020,0.255463753
03-11-2020,0.238526249
04-11-2020,0.222811248
05-11-2020,0.208741251
06-11-2020,0.196078749
07-11-2020,0.18425625
08-11-2020,0.173241248
09-11-2020,0.163001249
10-11-2020,0.153846249
11-11-2020,0.171574997
12-11-2020,0.278402496
13-11-2020,0.167781251
14-11-2020,0.19241625
15-11-2020,0.616157493
16-11-2020,1.168510002
17-11-2020,0.821834996
18-11-2020,0.821743757
19-11-2020,0.729412497
20-11-2020,0.638612501
21-11-2020,0.56212125
22-11-2020,0.504158743
23-11-2020,0.548593751
24-11-2020,0.807123761
25-11-2020,2.235854968
26-11-2020,1.386453762
27-11-2020,1.739142507
28-11-2020,1.471688759
29-11-2020,1.186593741
30-11-2020,0.9755475
01-12-2020,0.82911125
02-12-2020,1.670101254
03-12-2020,0.996978739
04-12-2020,1.425511258
05-12-2020,1.464947477
06-12-2020,1.313363746
07-12-2020,1.096118748
08-12-2020,0.919383742
09-12-2020,0.777708747
10-12-2020,0.664318748
11-12-2020,0.573060006
12-12-2020,0.499337491
13-12-2020,0.439310003
14-12-2020,0.38978
15-12-2020,0.348448742
16-12-2020,0.329883752
17-12-2020,0.289687495
18-12-2020,0.273101251
19-12-2020,0.258878751
20-12-2020,0.2448075
21-12-2020,0.230743753
22-12-2020,0.216671249
23-12-2020,0.203188749
24-12-2020,0.190437499
25-12-2020,0.17856
26-12-2020,0.167593749
27-12-2020,0.1575225
28-12-2020,0.148303749
29-12-2020,0.143762499
30-12-2020,0.13316375
31-12-2020,0.127391249
01-01-2021,0.1220775
02-01-2021,0.117542499
03-01-2021,0.112396249
04-01-2021,0.10902375
05-01-2021,0.303284995
06-01-2021,0.11798625
07-01-2021,0.13325125
08-01-2021,0.14121625
09-01-2021,0.149358748
10-01-2021,0.153108752
11-01-2021,0.155176248
12-01-2021,0.15861625
13-01-2021,0.162333751
14-01-2021,0.1607175
15-01-2021,0.156010002
16-01-2021,0.149812501
17-01-2021,0.14305125
18-01-2021,0.1362275
19-01-2021,0.129605001
20-01-2021,0.123311251
21-01-2021,0.117402499
22-01-2021,0.1118875
23-01-2021,0.10675875
24-01-2021,0.101992501
25-01-2021,0.0975675
26-01-2021,0.09345625
27-01-2021,0.089638751
28-01-2021,0.08609375
29-01-2021,0.082791249
30-01-2021,0.079718749
31-01-2021,0.0768525
01-02-2021,0.07420375
02-02-2021,0.071705001
03-02-2021,0.069368749
04-02-2021,0.0671775
05-02-2021,0.065125001
06-02-2021,0.0632
07-02-2021,0.06139
08-02-2021,0.059687499
09-02-2021,0.058086251
10-02-2021,0.05657625
11-02-2021,0.05518625
12-02-2021,0.0538275
13-02-2021,0.05259125
14-02-2021,0.051441249
15-02-2021,0.05035375
16-02-2021,0.0493175
17-02-2021,0.04832375
18-02-2021,0.04737375
19-02-2021,0.04669375
20-02-2021,0.04583625
21-02-2021,0.04502625
22-02-2021,0.044500001
23-02-2021,0.044062499
24-02-2021,0.043626251
25-02-2021,0.0431675
26-02-2021,0.04268
27-02-2021,0.04217
28-02-2021,0.04163875
01-03-2021,0.04110375
02-03-2021,0.040556251
03-03-2021,0.04000625
04-03-2021,0.03962875
05-03-2021,0.03894625
06-03-2021,0.038490001
07-03-2021,0.0380625
08-03-2021,0.037645
09-03-2021,0.037225
10-03-2021,0.03680375
11-03-2021,0.03637625
12-03-2021,0.03595
13-03-2021,0.0355225
14-03-2021,0.03509625
15-03-2021,0.0346725
16-03-2021,0.03425375
17-03-2021,0.033842499
18-03-2021,0.033435
19-03-2021,0.033035
20-03-2021,0.032640001
21-03-2021,0.03225375
22-03-2021,0.03187375
23-03-2021,0.0315025
24-03-2021,0.03114125
25-03-2021,0.03078375
26-03-2021,0.0304375
27-03-2021,0.0301
28-03-2021,0.02977
29-03-2021,0.02945
30-03-2021,0.02913
31-03-2021,0.0288225
01-04-2021,0.0285225
02-04-2021,0.028225
03-04-2021,0.0279325
04-04-2021,0.0276475
05-04-2021,0.027368749
06-04-2021,0.027095
07-04-2021,0.02682625
08-04-2021,0.026565
09-04-2021,0.02630875
10-04-2021,0.026055
11-04-2021,0.02580625
12-04-2021,0.02556625
13-04-2021,0.02532625
14-04-2021,0.02575
15-04-2021,0.115018748
16-04-2021,0.02518125
17-04-2021,0.02646
18-04-2021,0.02791875
19-04-2021,0.02921125
20-04-2021,0.03026
21-04-2021,0.03106625
22-04-2021,0.0316625
23-04-2021,0.0321425
24-04-2021,0.03236125
25-04-2021,0.03254875
26-04-2021,0.0326575
27-04-2021,0.03268375
28-04-2021,0.032635
29-04-2021,0.03253125
30-04-2021,0.03237375
01-05-2021,0.0321775
02-05-2021,0.031945
03-05-2021,0.03169375
04-05-2021,0.03142
05-05-2021,0.03113125
06-05-2021,0.030835
07-05-2021,0.03052875
08-05-2021,0.03022
09-05-2021,0.02991375
10-05-2021,0.0296075
11-05-2021,0.029525
12-05-2021,0.03125625
13-05-2021,0.028887501
14-05-2021,0.02912125
15-05-2021,0.02901125
16-05-2021,0.0310425
17-05-2021,0.02940375
18-05-2021,0.029745
19-05-2021,0.0300675
20-05-2021,0.03033375
21-05-2021,0.04394375
22-05-2021,0.06948375
23-05-2021,0.051556249
24-05-2021,0.0497925
25-05-2021,0.046572501
26-05-2021,0.0533325
27-05-2021,0.058086249
28-05-2021,0.060990001
29-05-2021,0.06249
30-05-2021,0.062989999
31-05-2021,0.06281125
01-06-2021,0.06218625
02-06-2021,0.06127375
03-06-2021,0.06018125
04-06-2021,0.0589725
05-06-2021,0.05772375
06-06-2021,0.05642875
07-06-2021,0.05531875
08-06-2021,0.055657499
09-06-2021,0.053283751
10-06-2021,0.052619999
11-06-2021,0.082595
12-06-2021,0.05218375
13-06-2021,0.06124
14-06-2021,0.0575925
15-06-2021,0.06043125
16-06-2021,0.062475
17-06-2021,0.06349125
18-06-2021,0.06375625
19-06-2021,0.063374999
20-06-2021,0.0627225
21-06-2021,0.0618
22-06-2021,0.06269625
23-06-2021,0.05986625
24-06-2021,0.0596075
25-06-2021,0.05923375
26-06-2021,0.07649
27-06-2021,0.07800375
28-06-2021,0.076317499
29-06-2021,0.085250001
30-06-2021,0.09581375
01-07-2021,0.101486251
02-07-2021,0.1027875
03-07-2021,0.103423749
04-07-2021,0.111958749
05-07-2021,0.103880002
06-07-2021,0.10550875
07-07-2021,0.105219999
08-07-2021,0.10450375
09-07-2021,0.105324999
10-07-2021,0.10361375
11-07-2021,0.119
12-07-2021,0.1451825
13-07-2021,0.274403755
14-07-2021,0.2347725
15-07-2021,0.275441254
16-07-2021,0.297216245
17-07-2021,0.286776251
18-07-2021,0.291512498
19-07-2021,0.271802499
20-07-2021,0.297669999
21-07-2021,0.347821251
22-07-2021,0.334109999
23-07-2021,0.329484996
24-07-2021,0.318366248
25-07-2021,0.285588748
26-07-2021,0.252867505
27-07-2021,0.224722502
28-07-2021,0.201410002
29-07-2021,0.189658751
30-07-2021,0.173709999
31-07-2021,0.169498748
01-08-2021,0.162637498
02-08-2021,0.1545625
03-08-2021,0.145547502
04-08-2021,0.136457497
05-08-2021,0.127826249
06-08-2021,0.1198725
07-08-2021,0.1126525
08-08-2021,0.10615625
09-08-2021,0.10036375
10-08-2021,0.09523625
11-08-2021,0.090690001
12-08-2021,0.158233749
13-08-2021,0.094706251
14-08-2021,0.120216251
15-08-2021,0.130880001
16-08-2021,0.231557502
17-08-2021,0.190961252
18-08-2021,0.2082
19-08-2021,0.225014999
20-08-2021,0.222938748
21-08-2021,0.215921251
22-08-2021,0.204581252
23-08-2021,0.194643752
24-08-2021,0.18172125
25-08-2021,0.169419998
26-08-2021,0.1575325
27-08-2021,0.148292499
28-08-2021,0.147728749
29-08-2021,0.135943749
30-08-2021,0.135524997
31-08-2021,0.134975003
01-09-2021,0.13423125
02-09-2021,0.137125001
03-09-2021,0.150344998
04-09-2021,0.171136247
05-09-2021,0.177392501
06-09-2021,0.191226248
07-09-2021,0.189043751
08-09-2021,0.181913751
09-09-2021,0.172285
10-09-2021,0.163157502
11-09-2021,0.158455003
12-09-2021,0.15749375
13-09-2021,0.148459999
14-09-2021,0.15000375
15-09-2021,0.146893752
16-09-2021,0.1424125
17-09-2021,0.136477498
18-09-2021,0.130983749
19-09-2021,0.124863749
20-09-2021,0.1185425
21-09-2021,0.11247375
22-09-2021,0.1536225
23-09-2021,0.160712502
24-09-2021,0.13612875
25-09-2021,0.155464998
26-09-2021,0.177676251
27-09-2021,0.17148625
28-09-2021,0.180888751
29-09-2021,0.1876125
30-09-2021,0.1854375
01-10-2021,0.17883875
02-10-2021,0.169491248
03-10-2021,0.158762497
04-10-2021,0.148525
05-10-2021,0.140078751
06-10-2021,0.132406252
07-10-2021,0.126333751
08-10-2021,0.123368751
09-10-2021,0.177492499
10-10-2021,0.129512499
11-10-2021,0.176818751
12-10-2021,0.17311625
13-10-2021,0.186706251
14-10-2021,0.1845025
15-10-2021,0.175349999
16-10-2021,0.164957504
17-10-2021,0.154538749
18-10-2021,0.19406125
19-10-2021,0.15668125
20-10-2021,0.167012501
21-10-2021,0.167269999
22-10-2021,0.1620175
23-10-2021,0.15428
24-10-2021,0.152099998
25-10-2021,0.14117875
26-10-2021,0.139124999
27-10-2021,0.136737498
28-10-2021,0.160700001
29-10-2021,0.157895001
30-10-2021,0.165883748
31-10-2021,0.436668755
01-11-2021,0.724723757
02-11-2021,0.625568749
03-11-2021,0.892532492
04-11-2021,0.889670001
05-11-2021,0.925977502
06-11-2021,0.974704996
07-11-2021,0.961463749
08-11-2021,1.440585003
09-11-2021,1.829299981
10-11-2021,2.611347497
11-11-2021,2.584175017
12-11-2021,2.382505
13-11-2021,1.947186253
14-11-2021,1.518830001
15-11-2021,1.230138782
16-11-2021,1.031592503
17-11-2021,1.229911249
18-11-2021,1.182175011
19-11-2021,1.37203373
20-11-2021,1.373466249
21-11-2021,1.181570009
22-11-2021,1.002353752
23-11-2021,0.850858741
24-11-2021,0.726191254
25-11-2021,0.643298751
26-11-2021,0.792747498
27-11-2021,1.023167511
28-11-2021,1.735961233
29-11-2021,1.871570011
30-11-2021,1.649908751
01-12-2021,1.347203761
02-12-2021,1.165143752
03-12-2021,0.991676239
04-12-2021,0.915311255
05-12-2021,0.8413525
06-12-2021,0.740851261
07-12-2021,0.644850001
08-12-2021,0.561883748
09-12-2021,0.492838752
10-12-2021,0.436055001
11-12-2021,0.388685003
12-12-2021,0.350560004
13-12-2021,0.316516247
14-12-2021,0.292353753
15-12-2021,0.272507499
16-12-2021,0.252537499
17-12-2021,0.238726253
18-12-2021,0.225303749
19-12-2021,0.211888753
20-12-2021,0.1988425
21-12-2021,0.186483752
22-12-2021,0.174991248
23-12-2021,0.164382501
24-12-2021,0.15464
25-12-2021,0.145733748
26-12-2021,0.137767499
27-12-2021,0.130337499
28-12-2021,0.124543751
29-12-2021,0.11808375
30-12-2021,0.18921875
31-12-2021,0.1283175
01-01-2022,0.11864125
02-01-2022,0.124135001
03-01-2022,0.126046248
04-01-2022,0.125117501
05-01-2022,0.122425001
06-01-2022,0.118748751
07-01-2022,0.11459125
08-01-2022,0.1102525
09-01-2022,0.10591625
10-01-2022,0.105700001
11-01-2022,0.097848749
12-01-2022,0.0948025
13-01-2022,0.09200875
14-01-2022,0.089239999
15-01-2022,0.086493749
16-01-2022,0.083814999
17-01-2022,0.08122375
18-01-2022,0.0786975
19-01-2022,0.076235
20-01-2022,0.073849999
21-01-2022,0.07155625
22-01-2022,0.069358749
23-01-2022,0.06726375
24-01-2022,0.065268749
25-01-2022,0.063369999
26-01-2022,0.061575
27-01-2022,0.059883751
28-01-2022,0.058283751
29-01-2022,0.05676375
30-01-2022,0.05532125
31-01-2022,0.053950001
01-02-2022,0.0524975
02-02-2022,0.051265
03-02-2022,0.050087499
04-02-2022,0.04897125
05-02-2022,0.0479075
06-02-2022,0.04689375
07-02-2022,0.04592625
08-02-2022,0.045035001
09-02-2022,0.053785001
10-02-2022,0.04372
11-02-2022,0.046378751
12-02-2022,0.0436775
13-02-2022,0.0439675
14-02-2022,0.044221251
15-02-2022,0.04433
16-02-2022,0.0442825
17-02-2022,0.044103749
18-02-2022,0.043825
19-02-2022,0.04346375
20-02-2022,0.04304125
21-02-2022,0.042566251
22-02-2022,0.04205375
23-02-2022,0.0415175
24-02-2022,0.040965
25-02-2022,0.0403975
26-02-2022,0.03983375
27-02-2022,0.039264999
28-02-2022,0.038705001
01-03-2022,0.0379625
02-03-2022,0.03742125
03-03-2022,0.03736375
04-03-2022,0.036791251
05-03-2022,0.04175375
06-03-2022,0.03594875
07-03-2022,0.03608125
08-03-2022,0.0363725
09-03-2022,0.03661125
10-03-2022,0.03674875
11-03-2022,0.03677625
12-03-2022,0.036713751
13-03-2022,0.03657125
14-03-2022,0.036362501
15-03-2022,0.036115
16-03-2022,0.035865001
17-03-2022,0.03552625
18-03-2022,0.03521
19-03-2022,0.03487875
20-03-2022,0.03453375
21-03-2022,0.03417875
22-03-2022,0.033811249
23-03-2022,0.221716249
24-03-2022,0.0385475
25-03-2022,0.04912875
26-03-2022,0.05735625
27-03-2022,0.062676249
28-03-2022,0.065748749
29-03-2022,0.067223748
30-03-2022,0.06759875
31-03-2022,0.067327499
01-04-2022,0.06639375
02-04-2022,0.06545625
03-04-2022,0.06435
04-04-2022,0.063272501
05-04-2022,0.06213
06-04-2022,0.06090625
07-04-2022,0.0596225
08-04-2022,0.0583
09-04-2022,0.05712875
10-04-2022,0.055732499
11-04-2022,0.05459125
12-04-2022,0.053488751
13-04-2022,0.0524175
14-04-2022,0.0513375
15-04-2022,0.05032625
16-04-2022,0.04935
17-04-2022,0.048636249
18-04-2022,0.04757875
19-04-2022,0.046845
20-04-2022,0.046125
21-04-2022,0.045405
22-04-2022,0.04467375
23-04-2022,0.043945
24-04-2022,0.043205
25-04-2022,0.042485
26-04-2022,0.041777501
27-04-2022,0.04108375
28-04-2022,0.0404
29-04-2022,0.039725
30-04-2022,0.039065
01-05-2022,0.03835
02-05-2022,0.03772375
03-05-2022,0.0371175
04-05-2022,0.03654
05-05-2022,0.03596625
06-05-2022,0.03543
07-05-2022,0.0349125
08-05-2022,0.0356
09-05-2022,0.133337501
10-05-2022,0.348963741
11-05-2022,0.099631249
12-05-2022,0.15603
13-05-2022,0.191688748
14-05-2022,0.1971075
15-05-2022,0.189487502
16-05-2022,0.177838751
17-05-2022,0.165770002
18-05-2022,0.154437503
19-05-2022,0.143906253
20-05-2022,0.1342775
21-05-2022,0.12559125
22-05-2022,0.11780625
23-05-2022,0.110842502
24-05-2022,0.1046075
25-05-2022,0.099007501
26-05-2022,0.093968749
27-05-2022,0.08943625
28-05-2022,0.0853425
29-05-2022,0.081610001
30-05-2022,0.0781875
31-05-2022,0.07503625
01-06-2022,0.071807501
02-06-2022,0.0691425
03-06-2022,0.06666625
04-06-2022,0.064363749
05-06-2022,0.0622175
06-06-2022,0.0602175
07-06-2022,0.05835
08-06-2022,0.05660875
09-06-2022,0.05497375
10-06-2022,0.0534325
11-06-2022,0.0632
12-06-2022,0.05082875
13-06-2022,0.0504125
14-06-2022,0.05020875
15-06-2022,0.04991625
16-06-2022,0.0494675
17-06-2022,0.0488825
18-06-2022,0.048185001
19-06-2022,0.04757125
20-06-2022,0.04689125
21-06-2022,0.07603375
22-06-2022,0.08546125
23-06-2022,0.132601252
24-06-2022,0.188127501
25-06-2022,0.09861625
26-06-2022,0.131917499
27-06-2022,0.15056
28-06-2022,0.153377497
29-06-2022,0.1543875
30-06-2022,0.1525375
01-07-2022,0.1470775
02-07-2022,0.141453751
03-07-2022,0.16213
04-07-2022,0.146185001
05-07-2022,0.1668025
06-07-2022,0.1888925
07-07-2022,0.205121249
08-07-2022,0.221423751
09-07-2022,0.229073749
10-07-2022,0.227875002
11-07-2022,0.231306252
12-07-2022,0.227217501
13-07-2022,0.217924999
14-07-2022,0.20418375
15-07-2022,0.190778751
16-07-2022,0.177716251
17-07-2022,0.166488751
18-07-2022,0.19145875
19-07-2022,0.158992499
20-07-2022,0.165945003
21-07-2022,0.164649999
22-07-2022,0.167873749
23-07-2022,0.15955
24-07-2022,0.165267501
25-07-2022,0.162802503
26-07-2022,0.16260375
27-07-2022,0.15638875
28-07-2022,0.150572499
29-07-2022,0.142877499
30-07-2022,0.13459125
31-07-2022,0.126464998
01-08-2022,0.11799375
02-08-2022,0.123546251
03-08-2022,0.125362501
04-08-2022,0.18409125
05-08-2022,0.165615001
06-08-2022,0.202007498
07-08-2022,0.279547498
08-08-2022,0.254512499
09-08-2022,0.27295875
10-08-2022,0.260737497
11-08-2022,0.237747502
12-08-2022,0.214327498
13-08-2022,0.193711249
14-08-2022,0.178383749
15-08-2022,0.164055001
16-08-2022,0.153481249
17-08-2022,0.14348625
18-08-2022,0.13419375
19-08-2022,0.148139999
20-08-2022,0.125231249
21-08-2022,0.135433752
22-08-2022,0.127765
23-08-2022,0.130636249
24-08-2022,0.130348748
25-08-2022,0.126893748
26-08-2022,0.12289
27-08-2022,0.12065
28-08-2022,0.11540625
29-08-2022,0.1134925
30-08-2022,0.11044875
31-08-2022,0.11659625
01-09-2022,0.1105125
02-09-2022,0.10734375
03-09-2022,0.107036251
04-09-2022,0.105156249
05-09-2022,0.102016251
06-09-2022,0.099825
07-09-2022,0.10270125
08-09-2022,0.105015
09-09-2022,0.116066249
10-09-2022,0.1401025
11-09-2022,0.142837497
12-09-2022,0.162437501
13-09-2022,0.170496251
14-09-2022,0.167131249
15-09-2022,0.162372501
16-09-2022,0.15256875
17-09-2022,0.147233751
18-09-2022,0.140463747
19-09-2022,0.134873748
20-09-2022,0.127802499
21-09-2022,0.123891251
22-09-2022,0.119237501
23-09-2022,0.11390625
24-09-2022,0.10836125
25-09-2022,0.1029225
26-09-2022,0.09773875
27-09-2022,0.092891251
28-09-2022,0.08991375
29-09-2022,0.103815
30-09-2022,0.105179999
01-10-2022,0.155241251
02-10-2022,0.191997501
03-10-2022,0.250036248
04-10-2022,0.311998748
05-10-2022,0.544238755
06-10-2022,0.489975008
07-10-2022,0.524267501
08-10-2022,0.485571251
09-10-2022,0.434372498
10-10-2022,0.378902503
11-10-2022,0.332071248
12-10-2022,0.293164998
13-10-2022,0.259662501
14-10-2022,0.272011248
15-10-2022,0.221383749
16-10-2022,0.20755375
17-10-2022,0.19287375
18-10-2022,0.178738749
19-10-2022,0.16585875
20-10-2022,0.1543975
21-10-2022,0.14449
22-10-2022,0.142948748
23-10-2022,0.130668751
24-10-2022,0.127652502
25-10-2022,0.124173752
26-10-2022,0.119795001
27-10-2022,0.11492
28-10-2022,0.10991125
29-10-2022,0.10499875
30-10-2022,0.103332499
31-10-2022,0.200652501
01-11-2022,0.320288749
02-11-2022,0.196555002
03-11-2022,0.283826247
04-11-2022,0.292405002
05-11-2022,0.296666246
06-11-2022,0.281453754
07-11-2022,0.2624375
08-11-2022,0.248054998
09-11-2022,0.232466251
10-11-2022,0.275963748
11-11-2022,0.571258742
12-11-2022,0.32348375
13-11-2022,0.395385001
14-11-2022,0.387950008
15-11-2022,0.365027499
16-11-2022,0.335436247
17-11-2022,0.3110625
18-11-2022,0.289882503
19-11-2022,0.276068746
20-11-2022,0.42723875
21-11-2022,0.615852494
22-11-2022,0.672868755
23-11-2022,0.795577509
24-11-2022,0.800597496
25-11-2022,0.725168742
26-11-2022,0.639979996
27-11-2022,0.563263744
28-11-2022,0.497816246
29-11-2022,0.442368753
30-11-2022,0.395391248
01-12-2022,0.35200125
02-12-2022,0.319233746
03-12-2022,0.290939998
04-12-2022,0.266550001
05-12-2022,0.245390005
06-12-2022,0.402701242
07-12-2022,0.2466275
08-12-2022,1.346527462
09-12-2022,1.080774999
10-12-2022,1.219091259
11-12-2022,1.33031252
12-12-2022,1.180733746
13-12-2022,1.009868763
14-12-2022,0.894524999
15-12-2022,0.780777499
16-12-2022,0.68310751
17-12-2022,0.596745007
18-12-2022,0.523557492
19-12-2022,0.462158751
20-12-2022,0.410729993
21-12-2022,0.372930001
22-12-2022,0.336234998
23-12-2022,0.311396252
24-12-2022,0.2883325
25-12-2022,0.266779996
26-12-2022,0.247131249
27-12-2022,0.229267498
28-12-2022,0.21308
29-12-2022,0.198437497
30-12-2022,0.185204998
31-12-2022,0.173246248
01-01-2023,0.161277499
02-01-2023,0.15161
03-01-2023,0.142816251
04-01-2023,0.134810003
05-01-2023,0.127498753
06-01-2023,0.1208075
07-01-2023,0.114683749
08-01-2023,0.10907625
09-01-2023,0.103925002
10-01-2023,0.099184999
11-01-2023,0.094817501
12-01-2023,0.090785
13-01-2023,0.087056249
14-01-2023,0.0836025
15-01-2023,0.080400001
16-01-2023,0.077422501
17-01-2023,0.074652499
18-01-2023,0.07207
19-01-2023,0.06966125
20-01-2023,0.067412499
21-01-2023,0.065310001
22-01-2023,0.063525001
23-01-2023,0.06155125
24-01-2023,0.059945001
25-01-2023,0.05845875
26-01-2023,0.05705625
27-01-2023,0.0557175
28-01-2023,0.0544375
29-01-2023,0.05321375
30-01-2023,0.05204
31-01-2023,0.05092625
01-02-2023,0.0507725
02-02-2023,0.04878
03-02-2023,0.04801875
04-02-2023,0.04734375
05-02-2023,0.0467
06-02-2023,0.04606
07-02-2023,0.04542
08-02-2023,0.04477
09-02-2023,0.04412125
10-02-2023,0.04347125
11-02-2023,0.04286875
12-02-2023,0.04221125
13-02-2023,0.04162625
14-02-2023,0.0410675
15-02-2023,0.040525001
16-02-2023,0.03999125
17-02-2023,0.03946625
18-02-2023,0.0389475
19-02-2023,0.03843875
20-02-2023,0.0379375
21-02-2023,0.03744625
22-02-2023,0.03696375
23-02-2023,0.03649375
24-02-2023,0.03603125
25-02-2023,0.03558125
26-02-2023,0.03514
27-02-2023,0.03471
28-02-2023,0.034288749
01-03-2023,0.033835
02-03-2023,0.033435
03-03-2023,0.03304
04-03-2023,0.03266125
05-03-2023,0.032287501
06-03-2023,0.031925
07-03-2023,0.0315675
08-03-2023,0.03122
09-03-2023,0.03088125
10-03-2023,0.03146625
11-03-2023,0.030235
12-03-2023,0.02996625
13-03-2023,0.02973125
14-03-2023,0.02951375
15-03-2023,0.0293
16-03-2023,0.0306475
17-03-2023,0.03837125
18-03-2023,0.051105001
19-03-2023,0.0325125
20-03-2023,0.044682501
21-03-2023,0.038195001
22-03-2023,0.042670001
23-03-2023,0.04769625
24-03-2023,0.049265
25-03-2023,0.05157625
26-03-2023,0.0531875
27-03-2023,0.05414375
28-03-2023,0.054522501
29-03-2023,0.054552501
30-03-2023,0.0543025
31-03-2023,0.05383
01-04-2023,0.0530375
02-04-2023,0.05229875
03-04-2023,0.0514725
04-04-2023,0.050655001
05-04-2023,0.04982
06-04-2023,0.048975
07-04-2023,0.04812125
08-04-2023,0.0472675
09-04-2023,0.046422501
10-04-2023,0.04558875
11-04-2023,0.044772501
12-04-2023,0.043975
13-04-2023,0.04319875
14-04-2023,0.04244375
15-04-2023,0.04171
16-04-2023,0.04099875
17-04-2023,0.040310001
18-04-2023,0.0396425
19-04-2023,0.038996251
20-04-2023,0.03837
21-04-2023,0.03796875
22-04-2023,0.037901251
23-04-2023,0.038998751
24-04-2023,0.036911251
25-04-2023,0.03711875
26-04-2023,0.03756
27-04-2023,0.03792
28-04-2023,0.0381525
29-04-2023,0.0382775
30-04-2023,0.03899625
01-05-2023,0.04374
02-05-2023,0.045585
03-05-2023,0.041954999
04-05-2023,0.0422675
05-05-2023,0.0487425
06-05-2023,0.04794
07-05-2023,0.05105125
08-05-2023,0.053281251
09-05-2023,0.05528
10-05-2023,0.056505
11-05-2023,0.06325625
12-05-2023,0.07635
13-05-2023,0.0689525
14-05-2023,0.073296251
15-05-2023,0.08046625
16-05-2023,0.084329999
17-05-2023,0.08564
18-05-2023,0.085290001
19-05-2023,0.083931248
20-05-2023,0.081995
21-05-2023,0.080315002
22-05-2023,0.077713751
23-05-2023,0.07585125
24-05-2023,0.0739675
25-05-2023,0.072057501
26-05-2023,0.070092499
27-05-2023,0.068200002
28-05-2023,0.067746249
29-05-2023,0.064782501
30-05-2023,0.06351625
31-05-2023,0.062325
01-06-2023,0.061111251
02-06-2023,0.0598375
03-06-2023,0.05854
04-06-2023,0.05723875
05-06-2023,0.055943751
06-06-2023,0.05467375
07-06-2023,0.0616975
08-06-2023,0.0529925
09-06-2023,0.053502501
10-06-2023,0.05405625
11-06-2023,0.0542925
12-06-2023,0.054187501
13-06-2023,0.0538075
14-06-2023,0.053215
15-06-2023,0.052468751
16-06-2023,0.051625
17-06-2023,0.0692275
18-06-2023,0.08171375
19-06-2023,0.0574375
20-06-2023,0.092415
21-06-2023,0.09074375
22-06-2023,0.083428749
23-06-2023,0.09400125
24-06-2023,0.1173275
25-06-2023,0.12253
26-06-2023,0.13046375
27-06-2023,0.121911251
28-06-2023,0.129199997
29-06-2023,0.131508747
30-06-2023,0.129352499
01-07-2023,0.1298725
02-07-2023,0.169760002
03-07-2023,0.17321125
04-07-2023,0.1890025
05-07-2023,0.235049999
06-07-2023,0.250286249
07-07-2023,0.254851252
08-07-2023,0.2413375
09-07-2023,0.2228775
10-07-2023,0.217685002
11-07-2023,0.229886252
12-07-2023,0.237963749
13-07-2023,0.254408751
14-07-2023,0.268871251
15-07-2023,0.260346249
16-07-2023,0.258711248
17-07-2023,0.244881252
18-07-2023,0.237728752
19-07-2023,0.233158752
20-07-2023,0.218362502
21-07-2023,0.206176249
22-07-2023,0.195165001
23-07-2023,0.188322499
24-07-2023,0.204294997
25-07-2023,0.2229475
26-07-2023,0.217063749
27-07-2023,0.225786252
28-07-2023,0.22080375
29-07-2023,0.207013749
30-07-2023,0.191039998
31-07-2023,0.175379999
01-08-2023,0.1624075
02-08-2023,0.150241248
03-08-2023,0.14156875
04-08-2023,0.142137498
05-08-2023,0.130143749
06-08-2023,0.125731249
07-08-2023,0.121126249
08-08-2023,0.156641252
09-08-2023,0.11325875
10-08-2023,0.118431249
11-08-2023,0.12130875
12-08-2023,0.12207375
13-08-2023,0.124687501
14-08-2023,0.124158751
15-08-2023,0.122353751
16-08-2023,0.118999999
17-08-2023,0.151163751
18-08-2023,0.130608751
19-08-2023,0.153829999
20-08-2023,0.149495
21-08-2023,0.155751249
22-08-2023,0.15364375
23-08-2023,0.147475
24-08-2023,0.140005
25-08-2023,0.132771252
26-08-2023,0.134163752
27-08-2023,0.179248752
28-08-2023,0.142302502
29-08-2023,0.150313749
30-08-2023,0.150703751
31-08-2023,0.145969998
01-09-2023,0.138919998
02-09-2023,0.131156251
03-09-2023,0.13801875
04-09-2023,0.12335875
05-09-2023,0.124552499
06-09-2023,0.1248425
07-09-2023,0.140849999
08-09-2023,0.12828625
09-09-2023,0.140495001
10-09-2023,0.185095002
11-09-2023,0.192348751
12-09-2023,0.171888751
13-09-2023,0.187032499
14-09-2023,0.200985
15-09-2023,0.226072501
16-09-2023,0.22849875
17-09-2023,0.246321249
18-09-2023,0.244461251
19-09-2023,0.23449875
20-09-2023,0.218732499
21-09-2023,0.208723749
22-09-2023,0.192653751
23-09-2023,0.185548751
24-09-2023,0.175906252
25-09-2023,0.165105
26-09-2023,0.15567875
27-09-2023,0.145266248
28-09-2023,0.137706252
29-09-2023,0.172372502
30-09-2023,0.130177499
01-10-2023,0.133722501
02-10-2023,0.136633752
03-10-2023,0.13483125
04-10-2023,0.130072502
05-10-2023,0.124018748
06-10-2023,0.117902501
07-10-2023,0.11184125
08-10-2023,0.105995
09-10-2023,0.100504999
10-10-2023,0.095394999
11-10-2023,0.090693751
12-10-2023,0.086382501
13-10-2023,0.08403
14-10-2023,0.08289625
15-10-2023,0.080123751
16-10-2023,0.07871375
17-10-2023,0.079218749
18-10-2023,0.07895625
19-10-2023,0.07859625
20-10-2023,0.07668625
21-10-2023,0.077515002
22-10-2023,0.075131251
23-10-2023,0.075094999
24-10-2023,0.074559999
25-10-2023,0.07363875
26-10-2023,0.072221249
27-10-2023,0.070459999
28-10-2023,0.068515
29-10-2023,0.066802501
30-10-2023,0.07584375
31-10-2023,0.066723752
01-11-2023,0.090884999
02-11-2023,0.076436251
03-11-2023,0.087010001
04-11-2023,0.144035001
05-11-2023,0.121195
06-11-2023,0.1427975
07-11-2023,0.170694999
08-11-2023,0.187401252
09-11-2023,0.227888747
10-11-2023,0.20552125
11-11-2023,0.211940002
12-11-2023,0.20384375
13-11-2023,0.235361245
14-11-2023,0.324165007
15-11-2023,0.767622491
16-11-2023,0.40220125
17-11-2023,0.454968747
18-11-2023,0.413194999
19-11-2023,0.354729999
20-11-2023,0.391974992
21-11-2023,0.842721257
22-11-2023,0.557640005
23-11-2023,0.513808757
24-11-2023,0.504217503
25-11-2023,0.446222497
26-11-2023,0.404819998
27-11-2023,0.364492498
28-11-2023,0.330153749
29-11-2023,0.375861252
30-11-2023,0.324438754
01-12-2023,0.365387496
02-12-2023,1.010469981
03-12-2023,1.751372479
04-12-2023,4.243225033
05-12-2023,3.331748751
06-12-2023,2.669529991
07-12-2023,1.987663746
08-12-2023,1.50687249
09-12-2023,1.175857499
10-12-2023,0.945522487
11-12-2023,0.780824989
12-12-2023,0.658587493
13-12-2023,0.564876243
14-12-2023,0.491132505
15-12-2023,0.432337501
16-12-2023,0.386131249
17-12-2023,0.348474998
18-12-2023,0.316440001
19-12-2023,0.288764995
20-12-2023,0.264477503
21-12-2023,0.243152503
22-12-2023,0.224475
23-12-2023,0.2094825
24-12-2023,0.194616253
25-12-2023,0.182842499
26-12-2023,0.172038751
27-12-2023,0.162022499
28-12-2023,0.152721254
29-12-2023,0.150536249
30-12-2023,0.136930002
(blank),
Grand Total,0.157847268
