system:index,daily_date,soil_moisture,.geo
NASA_USDA_SMAP_SM20180101_20180103,2018-01-01,12.52153036,"{""type"":""MultiPoint"",""coordinates"":[]}"
NASA_USDA_SMAP_SM20180104_20180106,2018-01-02,12.52153036,"{""type"":""MultiPoint"",""coordinates"":[]}"
NASA_USDA_SMAP_SM20180107_20180109,2018-01-03,12.52153036,"{""type"":""MultiPoint"",""coordinates"":[]}"
NASA_USDA_SMAP_SM20180110_20180112,2018-01-04,11.90956915,"{""type"":""MultiPoint"",""coordinates"":[]}"
NASA_USDA_SMAP_SM20180113_20180115,2018-01-05,11.90956915,"{""type"":""MultiPoint"",""coordinates"":[]}"
NASA_USDA_SMAP_SM20180116_20180118,2018-01-06,11.90956915,"{""type"":""MultiPoint"",""coordinates"":[]}"
NASA_USDA_SMAP_SM20180119_20180121,2018-01-07,11.2972985,"{""type"":""MultiPoint"",""coordinates"":[]}"
NASA_USDA_SMAP_SM20180122_20180124,2018-01-08,11.2972985,"{""type"":""MultiPoint"",""coordinates"":[]}"
NASA_USDA_SMAP_SM20180125_20180127,2018-01-09,11.2972985,"{""type"":""MultiPoint"",""coordinates"":[]}"
NASA_USDA_SMAP_SM20180128_20180130,2018-01-10,11.19062392,"{""type"":""MultiPoint"",""coordinates"":[]}"
NASA_USDA_SMAP_SM20180131_20180202,2018-01-11,11.19062392,"{""type"":""MultiPoint"",""coordinates"":[]}"
NASA_USDA_SMAP_SM20180203_20180205,2018-01-12,11.19062392,"{""type"":""MultiPoint"",""coordinates"":[]}"
NASA_USDA_SMAP_SM20180206_20180208,2018-01-13,9.892206116,"{""type"":""MultiPoint"",""coordinates"":[]}"
NASA_USDA_SMAP_SM20180209_20180211,2018-01-14,9.892206116,"{""type"":""MultiPoint"",""coordinates"":[]}"
NASA_USDA_SMAP_SM20180212_20180214,2018-01-15,9.892206116,"{""type"":""MultiPoint"",""coordinates"":[]}"
NASA_USDA_SMAP_SM20180215_20180217,2018-01-16,9.348231132,"{""type"":""MultiPoint"",""coordinates"":[]}"
NASA_USDA_SMAP_SM20180218_20180220,2018-01-17,9.348231132,"{""type"":""MultiPoint"",""coordinates"":[]}"
NASA_USDA_SMAP_SM20180221_20180223,2018-01-18,9.348231132,"{""type"":""MultiPoint"",""coordinates"":[]}"
NASA_USDA_SMAP_SM20180224_20180226,2018-01-19,8.783215848,"{""type"":""MultiPoint"",""coordinates"":[]}"
NASA_USDA_SMAP_SM20180227_20180301,2018-01-20,8.783215848,"{""type"":""MultiPoint"",""coordinates"":[]}"
NASA_USDA_SMAP_SM20180302_20180304,2018-01-21,8.783215848,"{""type"":""MultiPoint"",""coordinates"":[]}"
NASA_USDA_SMAP_SM20180305_20180307,2018-01-22,8.002046258,"{""type"":""MultiPoint"",""coordinates"":[]}"
NASA_USDA_SMAP_SM20180308_20180310,2018-01-23,8.002046258,"{""type"":""MultiPoint"",""coordinates"":[]}"
NASA_USDA_SMAP_SM20180311_20180313,2018-01-24,8.002046258,"{""type"":""MultiPoint"",""coordinates"":[]}"
NASA_USDA_SMAP_SM20180314_20180316,2018-01-25,7.393179589,"{""type"":""MultiPoint"",""coordinates"":[]}"
NASA_USDA_SMAP_SM20180317_20180319,2018-01-26,7.393179589,"{""type"":""MultiPoint"",""coordinates"":[]}"
NASA_USDA_SMAP_SM20180320_20180322,2018-01-27,7.393179589,"{""type"":""MultiPoint"",""coordinates"":[]}"
NASA_USDA_SMAP_SM20180323_20180325,2018-01-28,6.714213769,"{""type"":""MultiPoint"",""coordinates"":[]}"
NASA_USDA_SMAP_SM20180326_20180328,2018-01-29,6.714213769,"{""type"":""MultiPoint"",""coordinates"":[]}"
NASA_USDA_SMAP_SM20180329_20180331,2018-01-30,6.714213769,"{""type"":""MultiPoint"",""coordinates"":[]}"
NASA_USDA_SMAP_SM20180401_20180403,2018-01-31,,"{""type"":""MultiPoint"",""coordinates"":[]}"
NASA_USDA_SMAP_SM20180404_20180406,2018-02-01,,"{""type"":""MultiPoint"",""coordinates"":[]}"
NASA_USDA_SMAP_SM20180407_20180409,2018-02-02,,"{""type"":""MultiPoint"",""coordinates"":[]}"
NASA_USDA_SMAP_SM20180410_20180412,2018-02-03,,"{""type"":""MultiPoint"",""coordinates"":[]}"
NASA_USDA_SMAP_SM20180413_20180415,2018-02-04,,"{""type"":""MultiPoint"",""coordinates"":[]}"
NASA_USDA_SMAP_SM20180416_20180418,2018-02-05,,"{""type"":""MultiPoint"",""coordinates"":[]}"
NASA_USDA_SMAP_SM20180419_20180421,2018-02-06,,"{""type"":""MultiPoint"",""coordinates"":[]}"
NASA_USDA_SMAP_SM20180422_20180424,2018-02-07,,"{""type"":""MultiPoint"",""coordinates"":[]}"
NASA_USDA_SMAP_SM20180425_20180427,2018-02-08,,"{""type"":""MultiPoint"",""coordinates"":[]}"
NASA_USDA_SMAP_SM20180428_20180430,2018-02-09,,"{""type"":""MultiPoint"",""coordinates"":[]}"
NASA_USDA_SMAP_SM20180501_20180503,2018-02-10,,"{""type"":""MultiPoint"",""coordinates"":[]}"
NASA_USDA_SMAP_SM20180504_20180506,2018-02-11,,"{""type"":""MultiPoint"",""coordinates"":[]}"
NASA_USDA_SMAP_SM20180507_20180509,2018-02-12,,"{""type"":""MultiPoint"",""coordinates"":[]}"
NASA_USDA_SMAP_SM20180510_20180512,2018-02-13,,"{""type"":""MultiPoint"",""coordinates"":[]}"
NASA_USDA_SMAP_SM20180513_20180515,2018-02-14,,"{""type"":""MultiPoint"",""coordinates"":[]}"
NASA_USDA_SMAP_SM20180516_20180518,2018-02-15,,"{""type"":""MultiPoint"",""coordinates"":[]}"
NASA_USDA_SMAP_SM20180519_20180521,2018-02-16,,"{""type"":""MultiPoint"",""coordinates"":[]}"
NASA_USDA_SMAP_SM20180522_20180524,2018-02-17,,"{""type"":""MultiPoint"",""coordinates"":[]}"
NASA_USDA_SMAP_SM20180525_20180527,2018-02-18,,"{""type"":""MultiPoint"",""coordinates"":[]}"
NASA_USDA_SMAP_SM20180528_20180530,2018-02-19,,"{""type"":""MultiPoint"",""coordinates"":[]}"
NASA_USDA_SMAP_SM20180531_20180602,2018-02-20,,"{""type"":""MultiPoint"",""coordinates"":[]}"
NASA_USDA_SMAP_SM20180603_20180605,2018-02-21,,"{""type"":""MultiPoint"",""coordinates"":[]}"
NASA_USDA_SMAP_SM20180606_20180608,2018-02-22,,"{""type"":""MultiPoint"",""coordinates"":[]}"
NASA_USDA_SMAP_SM20180609_20180611,2018-02-23,,"{""type"":""MultiPoint"",""coordinates"":[]}"
NASA_USDA_SMAP_SM20180612_20180614,2018-02-24,,"{""type"":""MultiPoint"",""coordinates"":[]}"
NASA_USDA_SMAP_SM20180615_20180617,2018-02-25,,"{""type"":""MultiPoint"",""coordinates"":[]}"
NASA_USDA_SMAP_SM20180618_20180620,2018-02-26,,"{""type"":""MultiPoint"",""coordinates"":[]}"
NASA_USDA_SMAP_SM20180621_20180623,2018-02-27,,"{""type"":""MultiPoint"",""coordinates"":[]}"
NASA_USDA_SMAP_SM20180624_20180626,2018-02-28,,"{""type"":""MultiPoint"",""coordinates"":[]}"
NASA_USDA_SMAP_SM20180627_20180629,2018-03-01,,"{""type"":""MultiPoint"",""coordinates"":[]}"
NASA_USDA_SMAP_SM20180630_20180702,2018-03-02,,"{""type"":""MultiPoint"",""coordinates"":[]}"
NASA_USDA_SMAP_SM20180703_20180705,2018-03-03,,"{""type"":""MultiPoint"",""coordinates"":[]}"
NASA_USDA_SMAP_SM20180706_20180708,2018-03-04,,"{""type"":""MultiPoint"",""coordinates"":[]}"
NASA_USDA_SMAP_SM20180709_20180711,2018-03-05,,"{""type"":""MultiPoint"",""coordinates"":[]}"
NASA_USDA_SMAP_SM20180712_20180714,2018-03-06,,"{""type"":""MultiPoint"",""coordinates"":[]}"
NASA_USDA_SMAP_SM20180715_20180717,2018-03-07,,"{""type"":""MultiPoint"",""coordinates"":[]}"
NASA_USDA_SMAP_SM20180718_20180720,2018-03-08,,"{""type"":""MultiPoint"",""coordinates"":[]}"
NASA_USDA_SMAP_SM20180721_20180723,2018-03-09,,"{""type"":""MultiPoint"",""coordinates"":[]}"
NASA_USDA_SMAP_SM20180724_20180726,2018-03-10,,"{""type"":""MultiPoint"",""coordinates"":[]}"
NASA_USDA_SMAP_SM20180727_20180729,2018-03-11,,"{""type"":""MultiPoint"",""coordinates"":[]}"
NASA_USDA_SMAP_SM20180730_20180801,2018-03-12,,"{""type"":""MultiPoint"",""coordinates"":[]}"
NASA_USDA_SMAP_SM20180802_20180804,2018-03-13,,"{""type"":""MultiPoint"",""coordinates"":[]}"
NASA_USDA_SMAP_SM20180805_20180807,2018-03-14,,"{""type"":""MultiPoint"",""coordinates"":[]}"
NASA_USDA_SMAP_SM20180808_20180810,2018-03-15,,"{""type"":""MultiPoint"",""coordinates"":[]}"
NASA_USDA_SMAP_SM20180811_20180813,2018-03-16,,"{""type"":""MultiPoint"",""coordinates"":[]}"
NASA_USDA_SMAP_SM20180814_20180816,2018-03-17,,"{""type"":""MultiPoint"",""coordinates"":[]}"
NASA_USDA_SMAP_SM20180817_20180819,2018-03-18,,"{""type"":""MultiPoint"",""coordinates"":[]}"
NASA_USDA_SMAP_SM20180820_20180822,2018-03-19,,"{""type"":""MultiPoint"",""coordinates"":[]}"
NASA_USDA_SMAP_SM20180823_20180825,2018-03-20,,"{""type"":""MultiPoint"",""coordinates"":[]}"
NASA_USDA_SMAP_SM20180826_20180828,2018-03-21,,"{""type"":""MultiPoint"",""coordinates"":[]}"
NASA_USDA_SMAP_SM20180829_20180831,2018-03-22,,"{""type"":""MultiPoint"",""coordinates"":[]}"
NASA_USDA_SMAP_SM20180901_20180903,2018-03-23,,"{""type"":""MultiPoint"",""coordinates"":[]}"
NASA_USDA_SMAP_SM20180904_20180906,2018-03-24,,"{""type"":""MultiPoint"",""coordinates"":[]}"
NASA_USDA_SMAP_SM20180907_20180909,2018-03-25,,"{""type"":""MultiPoint"",""coordinates"":[]}"
NASA_USDA_SMAP_SM20180910_20180912,2018-03-26,,"{""type"":""MultiPoint"",""coordinates"":[]}"
NASA_USDA_SMAP_SM20180913_20180915,2018-03-27,,"{""type"":""MultiPoint"",""coordinates"":[]}"
NASA_USDA_SMAP_SM20180916_20180918,2018-03-28,,"{""type"":""MultiPoint"",""coordinates"":[]}"
NASA_USDA_SMAP_SM20180919_20180921,2018-03-29,,"{""type"":""MultiPoint"",""coordinates"":[]}"
NASA_USDA_SMAP_SM20180922_20180924,2018-03-30,,"{""type"":""MultiPoint"",""coordinates"":[]}"
NASA_USDA_SMAP_SM20180925_20180927,2018-03-31,,"{""type"":""MultiPoint"",""coordinates"":[]}"
NASA_USDA_SMAP_SM20180928_20180930,2018-04-01,,"{""type"":""MultiPoint"",""coordinates"":[]}"
NASA_USDA_SMAP_SM20181001_20181003,2018-04-02,,"{""type"":""MultiPoint"",""coordinates"":[]}"
NASA_USDA_SMAP_SM20181004_20181006,2018-04-03,,"{""type"":""MultiPoint"",""coordinates"":[]}"
NASA_USDA_SMAP_SM20181007_20181009,2018-04-04,,"{""type"":""MultiPoint"",""coordinates"":[]}"
NASA_USDA_SMAP_SM20181010_20181012,2018-04-05,,"{""type"":""MultiPoint"",""coordinates"":[]}"
NASA_USDA_SMAP_SM20181013_20181015,2018-04-06,,"{""type"":""MultiPoint"",""coordinates"":[]}"
NASA_USDA_SMAP_SM20181016_20181018,2018-04-07,,"{""type"":""MultiPoint"",""coordinates"":[]}"
NASA_USDA_SMAP_SM20181019_20181021,2018-04-08,,"{""type"":""MultiPoint"",""coordinates"":[]}"
NASA_USDA_SMAP_SM20181022_20181024,2018-04-09,,"{""type"":""MultiPoint"",""coordinates"":[]}"
NASA_USDA_SMAP_SM20181025_20181027,2018-04-10,,"{""type"":""MultiPoint"",""coordinates"":[]}"
NASA_USDA_SMAP_SM20181028_20181030,2018-04-11,,"{""type"":""MultiPoint"",""coordinates"":[]}"
NASA_USDA_SMAP_SM20181031_20181102,2018-04-12,,"{""type"":""MultiPoint"",""coordinates"":[]}"
NASA_USDA_SMAP_SM20181103_20181105,2018-04-13,,"{""type"":""MultiPoint"",""coordinates"":[]}"
NASA_USDA_SMAP_SM20181106_20181108,2018-04-14,,"{""type"":""MultiPoint"",""coordinates"":[]}"
NASA_USDA_SMAP_SM20181109_20181111,2018-04-15,,"{""type"":""MultiPoint"",""coordinates"":[]}"
NASA_USDA_SMAP_SM20181112_20181114,2018-04-16,,"{""type"":""MultiPoint"",""coordinates"":[]}"
NASA_USDA_SMAP_SM20181115_20181117,2018-04-17,,"{""type"":""MultiPoint"",""coordinates"":[]}"
NASA_USDA_SMAP_SM20181118_20181120,2018-04-18,,"{""type"":""MultiPoint"",""coordinates"":[]}"
NASA_USDA_SMAP_SM20181121_20181123,2018-04-19,,"{""type"":""MultiPoint"",""coordinates"":[]}"
NASA_USDA_SMAP_SM20181124_20181126,2018-04-20,,"{""type"":""MultiPoint"",""coordinates"":[]}"
NASA_USDA_SMAP_SM20181127_20181129,2018-04-21,,"{""type"":""MultiPoint"",""coordinates"":[]}"
NASA_USDA_SMAP_SM20181130_20181202,2018-04-22,,"{""type"":""MultiPoint"",""coordinates"":[]}"
NASA_USDA_SMAP_SM20181203_20181205,2018-04-23,,"{""type"":""MultiPoint"",""coordinates"":[]}"
NASA_USDA_SMAP_SM20181206_20181208,2018-04-24,,"{""type"":""MultiPoint"",""coordinates"":[]}"
NASA_USDA_SMAP_SM20181209_20181211,2018-04-25,,"{""type"":""MultiPoint"",""coordinates"":[]}"
NASA_USDA_SMAP_SM20181212_20181214,2018-04-26,,"{""type"":""MultiPoint"",""coordinates"":[]}"
NASA_USDA_SMAP_SM20181215_20181217,2018-04-27,,"{""type"":""MultiPoint"",""coordinates"":[]}"
NASA_USDA_SMAP_SM20181218_20181220,2018-04-28,,"{""type"":""MultiPoint"",""coordinates"":[]}"
NASA_USDA_SMAP_SM20181221_20181223,2018-04-29,,"{""type"":""MultiPoint"",""coordinates"":[]}"
NASA_USDA_SMAP_SM20181224_20181226,2018-04-30,,"{""type"":""MultiPoint"",""coordinates"":[]}"
NASA_USDA_SMAP_SM20181227_20181229,2018-05-01,,"{""type"":""MultiPoint"",""coordinates"":[]}"
NASA_USDA_SMAP_SM20181230_20190101,2018-05-02,,"{""type"":""MultiPoint"",""coordinates"":[]}"
NASA_USDA_SMAP_SM20190102_20190104,2018-05-03,,"{""type"":""MultiPoint"",""coordinates"":[]}"
NASA_USDA_SMAP_SM20190105_20190107,2018-05-04,,"{""type"":""MultiPoint"",""coordinates"":[]}"
NASA_USDA_SMAP_SM20190108_20190110,2018-05-05,,"{""type"":""MultiPoint"",""coordinates"":[]}"
NASA_USDA_SMAP_SM20190111_20190113,2018-05-06,,"{""type"":""MultiPoint"",""coordinates"":[]}"
NASA_USDA_SMAP_SM20190114_20190116,2018-05-07,,"{""type"":""MultiPoint"",""coordinates"":[]}"
NASA_USDA_SMAP_SM20190117_20190119,2018-05-08,,"{""type"":""MultiPoint"",""coordinates"":[]}"
NASA_USDA_SMAP_SM20190120_20190122,2018-05-09,,"{""type"":""MultiPoint"",""coordinates"":[]}"
NASA_USDA_SMAP_SM20190123_20190125,2018-05-10,,"{""type"":""MultiPoint"",""coordinates"":[]}"
NASA_USDA_SMAP_SM20190126_20190128,2018-05-11,,"{""type"":""MultiPoint"",""coordinates"":[]}"
NASA_USDA_SMAP_SM20190129_20190131,2018-05-12,,"{""type"":""MultiPoint"",""coordinates"":[]}"
NASA_USDA_SMAP_SM20190201_20190203,2018-05-13,,"{""type"":""MultiPoint"",""coordinates"":[]}"
NASA_USDA_SMAP_SM20190204_20190206,2018-05-14,,"{""type"":""MultiPoint"",""coordinates"":[]}"
NASA_USDA_SMAP_SM20190207_20190209,2018-05-15,,"{""type"":""MultiPoint"",""coordinates"":[]}"
NASA_USDA_SMAP_SM20190210_20190212,2018-05-16,,"{""type"":""MultiPoint"",""coordinates"":[]}"
NASA_USDA_SMAP_SM20190213_20190215,2018-05-17,,"{""type"":""MultiPoint"",""coordinates"":[]}"
NASA_USDA_SMAP_SM20190216_20190218,2018-05-18,,"{""type"":""MultiPoint"",""coordinates"":[]}"
NASA_USDA_SMAP_SM20190219_20190221,2018-05-19,,"{""type"":""MultiPoint"",""coordinates"":[]}"
NASA_USDA_SMAP_SM20190222_20190224,2018-05-20,,"{""type"":""MultiPoint"",""coordinates"":[]}"
NASA_USDA_SMAP_SM20190225_20190227,2018-05-21,,"{""type"":""MultiPoint"",""coordinates"":[]}"
NASA_USDA_SMAP_SM20190228_20190302,2018-05-22,,"{""type"":""MultiPoint"",""coordinates"":[]}"
NASA_USDA_SMAP_SM20190303_20190305,2018-05-23,,"{""type"":""MultiPoint"",""coordinates"":[]}"
NASA_USDA_SMAP_SM20190306_20190308,2018-05-24,,"{""type"":""MultiPoint"",""coordinates"":[]}"
NASA_USDA_SMAP_SM20190309_20190311,2018-05-25,,"{""type"":""MultiPoint"",""coordinates"":[]}"
NASA_USDA_SMAP_SM20190312_20190314,2018-05-26,,"{""type"":""MultiPoint"",""coordinates"":[]}"
NASA_USDA_SMAP_SM20190315_20190317,2018-05-27,,"{""type"":""MultiPoint"",""coordinates"":[]}"
NASA_USDA_SMAP_SM20190318_20190320,2018-05-28,,"{""type"":""MultiPoint"",""coordinates"":[]}"
NASA_USDA_SMAP_SM20190321_20190323,2018-05-29,,"{""type"":""MultiPoint"",""coordinates"":[]}"
NASA_USDA_SMAP_SM20190324_20190326,2018-05-30,,"{""type"":""MultiPoint"",""coordinates"":[]}"
NASA_USDA_SMAP_SM20190327_20190329,2018-05-31,,"{""type"":""MultiPoint"",""coordinates"":[]}"
NASA_USDA_SMAP_SM20190330_20190401,2018-06-01,,"{""type"":""MultiPoint"",""coordinates"":[]}"
NASA_USDA_SMAP_SM20190402_20190404,2018-06-02,,"{""type"":""MultiPoint"",""coordinates"":[]}"
NASA_USDA_SMAP_SM20190405_20190407,2018-06-03,,"{""type"":""MultiPoint"",""coordinates"":[]}"
NASA_USDA_SMAP_SM20190408_20190410,2018-06-04,,"{""type"":""MultiPoint"",""coordinates"":[]}"
NASA_USDA_SMAP_SM20190411_20190413,2018-06-05,,"{""type"":""MultiPoint"",""coordinates"":[]}"
NASA_USDA_SMAP_SM20190414_20190416,2018-06-06,,"{""type"":""MultiPoint"",""coordinates"":[]}"
NASA_USDA_SMAP_SM20190417_20190419,2018-06-07,,"{""type"":""MultiPoint"",""coordinates"":[]}"
NASA_USDA_SMAP_SM20190420_20190422,2018-06-08,,"{""type"":""MultiPoint"",""coordinates"":[]}"
NASA_USDA_SMAP_SM20190423_20190425,2018-06-09,,"{""type"":""MultiPoint"",""coordinates"":[]}"
NASA_USDA_SMAP_SM20190426_20190428,2018-06-10,,"{""type"":""MultiPoint"",""coordinates"":[]}"
NASA_USDA_SMAP_SM20190429_20190501,2018-06-11,,"{""type"":""MultiPoint"",""coordinates"":[]}"
NASA_USDA_SMAP_SM20190502_20190504,2018-06-12,,"{""type"":""MultiPoint"",""coordinates"":[]}"
NASA_USDA_SMAP_SM20190505_20190507,2018-06-13,,"{""type"":""MultiPoint"",""coordinates"":[]}"
NASA_USDA_SMAP_SM20190508_20190510,2018-06-14,,"{""type"":""MultiPoint"",""coordinates"":[]}"
NASA_USDA_SMAP_SM20190511_20190513,2018-06-15,,"{""type"":""MultiPoint"",""coordinates"":[]}"
NASA_USDA_SMAP_SM20190514_20190516,2018-06-16,,"{""type"":""MultiPoint"",""coordinates"":[]}"
NASA_USDA_SMAP_SM20190517_20190519,2018-06-17,,"{""type"":""MultiPoint"",""coordinates"":[]}"
NASA_USDA_SMAP_SM20190520_20190522,2018-06-18,,"{""type"":""MultiPoint"",""coordinates"":[]}"
NASA_USDA_SMAP_SM20190523_20190525,2018-06-19,,"{""type"":""MultiPoint"",""coordinates"":[]}"
NASA_USDA_SMAP_SM20190526_20190528,2018-06-20,,"{""type"":""MultiPoint"",""coordinates"":[]}"
NASA_USDA_SMAP_SM20190529_20190531,2018-06-21,,"{""type"":""MultiPoint"",""coordinates"":[]}"
NASA_USDA_SMAP_SM20190601_20190603,2018-06-22,,"{""type"":""MultiPoint"",""coordinates"":[]}"
NASA_USDA_SMAP_SM20190604_20190606,2018-06-23,,"{""type"":""MultiPoint"",""coordinates"":[]}"
NASA_USDA_SMAP_SM20190607_20190609,2018-06-24,,"{""type"":""MultiPoint"",""coordinates"":[]}"
NASA_USDA_SMAP_SM20190610_20190612,2018-06-25,,"{""type"":""MultiPoint"",""coordinates"":[]}"
NASA_USDA_SMAP_SM20190613_20190615,2018-06-26,,"{""type"":""MultiPoint"",""coordinates"":[]}"
NASA_USDA_SMAP_SM20190616_20190618,2018-06-27,,"{""type"":""MultiPoint"",""coordinates"":[]}"
NASA_USDA_SMAP_SM20190619_20190621,2018-06-28,,"{""type"":""MultiPoint"",""coordinates"":[]}"
NASA_USDA_SMAP_SM20190622_20190624,2018-06-29,,"{""type"":""MultiPoint"",""coordinates"":[]}"
NASA_USDA_SMAP_SM20190625_20190627,2018-06-30,,"{""type"":""MultiPoint"",""coordinates"":[]}"
NASA_USDA_SMAP_SM20190628_20190630,2018-07-01,,"{""type"":""MultiPoint"",""coordinates"":[]}"
NASA_USDA_SMAP_SM20190701_20190703,2018-07-02,,"{""type"":""MultiPoint"",""coordinates"":[]}"
NASA_USDA_SMAP_SM20190704_20190706,2018-07-03,,"{""type"":""MultiPoint"",""coordinates"":[]}"
NASA_USDA_SMAP_SM20190707_20190709,2018-07-04,,"{""type"":""MultiPoint"",""coordinates"":[]}"
NASA_USDA_SMAP_SM20190710_20190712,2018-07-05,,"{""type"":""MultiPoint"",""coordinates"":[]}"
NASA_USDA_SMAP_SM20190713_20190715,2018-07-06,,"{""type"":""MultiPoint"",""coordinates"":[]}"
NASA_USDA_SMAP_SM20190716_20190718,2018-07-07,,"{""type"":""MultiPoint"",""coordinates"":[]}"
NASA_USDA_SMAP_SM20190719_20190721,2018-07-08,,"{""type"":""MultiPoint"",""coordinates"":[]}"
NASA_USDA_SMAP_SM20190722_20190724,2018-07-09,,"{""type"":""MultiPoint"",""coordinates"":[]}"
NASA_USDA_SMAP_SM20190725_20190727,2018-07-10,,"{""type"":""MultiPoint"",""coordinates"":[]}"
NASA_USDA_SMAP_SM20190728_20190730,2018-07-11,,"{""type"":""MultiPoint"",""coordinates"":[]}"
NASA_USDA_SMAP_SM20190731_20190802,2018-07-12,,"{""type"":""MultiPoint"",""coordinates"":[]}"
NASA_USDA_SMAP_SM20190803_20190805,2018-07-13,,"{""type"":""MultiPoint"",""coordinates"":[]}"
NASA_USDA_SMAP_SM20190806_20190808,2018-07-14,,"{""type"":""MultiPoint"",""coordinates"":[]}"
NASA_USDA_SMAP_SM20190809_20190811,2018-07-15,,"{""type"":""MultiPoint"",""coordinates"":[]}"
NASA_USDA_SMAP_SM20190812_20190814,2018-07-16,,"{""type"":""MultiPoint"",""coordinates"":[]}"
NASA_USDA_SMAP_SM20190815_20190817,2018-07-17,,"{""type"":""MultiPoint"",""coordinates"":[]}"
NASA_USDA_SMAP_SM20190818_20190820,2018-07-18,,"{""type"":""MultiPoint"",""coordinates"":[]}"
NASA_USDA_SMAP_SM20190821_20190823,2018-07-19,,"{""type"":""MultiPoint"",""coordinates"":[]}"
NASA_USDA_SMAP_SM20190824_20190826,2018-07-20,,"{""type"":""MultiPoint"",""coordinates"":[]}"
NASA_USDA_SMAP_SM20190827_20190829,2018-07-21,,"{""type"":""MultiPoint"",""coordinates"":[]}"
NASA_USDA_SMAP_SM20190830_20190901,2018-07-22,,"{""type"":""MultiPoint"",""coordinates"":[]}"
NASA_USDA_SMAP_SM20190902_20190904,2018-07-23,,"{""type"":""MultiPoint"",""coordinates"":[]}"
NASA_USDA_SMAP_SM20190905_20190907,2018-07-24,,"{""type"":""MultiPoint"",""coordinates"":[]}"
NASA_USDA_SMAP_SM20190908_20190910,2018-07-25,,"{""type"":""MultiPoint"",""coordinates"":[]}"
NASA_USDA_SMAP_SM20190911_20190913,2018-07-26,,"{""type"":""MultiPoint"",""coordinates"":[]}"
NASA_USDA_SMAP_SM20190914_20190916,2018-07-27,,"{""type"":""MultiPoint"",""coordinates"":[]}"
NASA_USDA_SMAP_SM20190917_20190919,2018-07-28,,"{""type"":""MultiPoint"",""coordinates"":[]}"
NASA_USDA_SMAP_SM20190920_20190922,2018-07-29,,"{""type"":""MultiPoint"",""coordinates"":[]}"
NASA_USDA_SMAP_SM20190923_20190925,2018-07-30,,"{""type"":""MultiPoint"",""coordinates"":[]}"
NASA_USDA_SMAP_SM20190926_20190928,2018-07-31,,"{""type"":""MultiPoint"",""coordinates"":[]}"
NASA_USDA_SMAP_SM20190929_20191001,2018-08-01,,"{""type"":""MultiPoint"",""coordinates"":[]}"
NASA_USDA_SMAP_SM20191002_20191004,2018-08-02,,"{""type"":""MultiPoint"",""coordinates"":[]}"
NASA_USDA_SMAP_SM20191005_20191007,2018-08-03,,"{""type"":""MultiPoint"",""coordinates"":[]}"
NASA_USDA_SMAP_SM20191008_20191010,2018-08-04,,"{""type"":""MultiPoint"",""coordinates"":[]}"
NASA_USDA_SMAP_SM20191011_20191013,2018-08-05,,"{""type"":""MultiPoint"",""coordinates"":[]}"
NASA_USDA_SMAP_SM20191014_20191016,2018-08-06,,"{""type"":""MultiPoint"",""coordinates"":[]}"
NASA_USDA_SMAP_SM20191017_20191019,2018-08-07,,"{""type"":""MultiPoint"",""coordinates"":[]}"
NASA_USDA_SMAP_SM20191020_20191022,2018-08-08,,"{""type"":""MultiPoint"",""coordinates"":[]}"
NASA_USDA_SMAP_SM20191023_20191025,2018-08-09,,"{""type"":""MultiPoint"",""coordinates"":[]}"
NASA_USDA_SMAP_SM20191026_20191028,2018-08-10,,"{""type"":""MultiPoint"",""coordinates"":[]}"
NASA_USDA_SMAP_SM20191029_20191031,2018-08-11,,"{""type"":""MultiPoint"",""coordinates"":[]}"
NASA_USDA_SMAP_SM20191101_20191103,2018-08-12,,"{""type"":""MultiPoint"",""coordinates"":[]}"
NASA_USDA_SMAP_SM20191104_20191106,2018-08-13,,"{""type"":""MultiPoint"",""coordinates"":[]}"
NASA_USDA_SMAP_SM20191107_20191109,2018-08-14,,"{""type"":""MultiPoint"",""coordinates"":[]}"
NASA_USDA_SMAP_SM20191110_20191112,2018-08-15,,"{""type"":""MultiPoint"",""coordinates"":[]}"
NASA_USDA_SMAP_SM20191113_20191115,2018-08-16,,"{""type"":""MultiPoint"",""coordinates"":[]}"
NASA_USDA_SMAP_SM20191116_20191118,2018-08-17,,"{""type"":""MultiPoint"",""coordinates"":[]}"
NASA_USDA_SMAP_SM20191119_20191121,2018-08-18,,"{""type"":""MultiPoint"",""coordinates"":[]}"
NASA_USDA_SMAP_SM20191122_20191124,2018-08-19,,"{""type"":""MultiPoint"",""coordinates"":[]}"
NASA_USDA_SMAP_SM20191125_20191127,2018-08-20,,"{""type"":""MultiPoint"",""coordinates"":[]}"
NASA_USDA_SMAP_SM20191128_20191130,2018-08-21,,"{""type"":""MultiPoint"",""coordinates"":[]}"
NASA_USDA_SMAP_SM20191201_20191203,2018-08-22,,"{""type"":""MultiPoint"",""coordinates"":[]}"
NASA_USDA_SMAP_SM20191204_20191206,2018-08-23,,"{""type"":""MultiPoint"",""coordinates"":[]}"
NASA_USDA_SMAP_SM20191207_20191209,2018-08-24,,"{""type"":""MultiPoint"",""coordinates"":[]}"
NASA_USDA_SMAP_SM20191210_20191212,2018-08-25,,"{""type"":""MultiPoint"",""coordinates"":[]}"
NASA_USDA_SMAP_SM20191213_20191215,2018-08-26,,"{""type"":""MultiPoint"",""coordinates"":[]}"
NASA_USDA_SMAP_SM20191216_20191218,2018-08-27,,"{""type"":""MultiPoint"",""coordinates"":[]}"
NASA_USDA_SMAP_SM20191219_20191221,2018-08-28,,"{""type"":""MultiPoint"",""coordinates"":[]}"
NASA_USDA_SMAP_SM20191222_20191224,2018-08-29,,"{""type"":""MultiPoint"",""coordinates"":[]}"
NASA_USDA_SMAP_SM20191225_20191227,2018-08-30,,"{""type"":""MultiPoint"",""coordinates"":[]}"
NASA_USDA_SMAP_SM20191228_20191230,2018-08-31,,"{""type"":""MultiPoint"",""coordinates"":[]}"
NASA_USDA_SMAP_SM20191231_20200102,2018-09-01,,"{""type"":""MultiPoint"",""coordinates"":[]}"
NASA_USDA_SMAP_SM20200103_20200105,2018-09-02,,"{""type"":""MultiPoint"",""coordinates"":[]}"
NASA_USDA_SMAP_SM20200106_20200108,2018-09-03,,"{""type"":""MultiPoint"",""coordinates"":[]}"
NASA_USDA_SMAP_SM20200109_20200111,2018-09-04,,"{""type"":""MultiPoint"",""coordinates"":[]}"
NASA_USDA_SMAP_SM20200112_20200114,2018-09-05,,"{""type"":""MultiPoint"",""coordinates"":[]}"
NASA_USDA_SMAP_SM20200115_20200117,2018-09-06,,"{""type"":""MultiPoint"",""coordinates"":[]}"
NASA_USDA_SMAP_SM20200118_20200120,2018-09-07,,"{""type"":""MultiPoint"",""coordinates"":[]}"
NASA_USDA_SMAP_SM20200121_20200123,2018-09-08,,"{""type"":""MultiPoint"",""coordinates"":[]}"
NASA_USDA_SMAP_SM20200124_20200126,2018-09-09,,"{""type"":""MultiPoint"",""coordinates"":[]}"
NASA_USDA_SMAP_SM20200127_20200129,2018-09-10,,"{""type"":""MultiPoint"",""coordinates"":[]}"
NASA_USDA_SMAP_SM20200130_20200201,2018-09-11,,"{""type"":""MultiPoint"",""coordinates"":[]}"
NASA_USDA_SMAP_SM20200202_20200204,2018-09-12,,"{""type"":""MultiPoint"",""coordinates"":[]}"
NASA_USDA_SMAP_SM20200205_20200207,2018-09-13,,"{""type"":""MultiPoint"",""coordinates"":[]}"
NASA_USDA_SMAP_SM20200208_20200210,2018-09-14,,"{""type"":""MultiPoint"",""coordinates"":[]}"
NASA_USDA_SMAP_SM20200211_20200213,2018-09-15,,"{""type"":""MultiPoint"",""coordinates"":[]}"
NASA_USDA_SMAP_SM20200214_20200216,2018-09-16,,"{""type"":""MultiPoint"",""coordinates"":[]}"
NASA_USDA_SMAP_SM20200217_20200219,2018-09-17,,"{""type"":""MultiPoint"",""coordinates"":[]}"
NASA_USDA_SMAP_SM20200220_20200222,2018-09-18,,"{""type"":""MultiPoint"",""coordinates"":[]}"
NASA_USDA_SMAP_SM20200223_20200225,2018-09-19,,"{""type"":""MultiPoint"",""coordinates"":[]}"
NASA_USDA_SMAP_SM20200226_20200228,2018-09-20,,"{""type"":""MultiPoint"",""coordinates"":[]}"
NASA_USDA_SMAP_SM20200229_20200302,2018-09-21,,"{""type"":""MultiPoint"",""coordinates"":[]}"
NASA_USDA_SMAP_SM20200303_20200305,2018-09-22,,"{""type"":""MultiPoint"",""coordinates"":[]}"
NASA_USDA_SMAP_SM20200306_20200308,2018-09-23,,"{""type"":""MultiPoint"",""coordinates"":[]}"
NASA_USDA_SMAP_SM20200309_20200311,2018-09-24,,"{""type"":""MultiPoint"",""coordinates"":[]}"
NASA_USDA_SMAP_SM20200312_20200314,2018-09-25,,"{""type"":""MultiPoint"",""coordinates"":[]}"
NASA_USDA_SMAP_SM20200315_20200317,2018-09-26,,"{""type"":""MultiPoint"",""coordinates"":[]}"
NASA_USDA_SMAP_SM20200318_20200320,2018-09-27,,"{""type"":""MultiPoint"",""coordinates"":[]}"
NASA_USDA_SMAP_SM20200321_20200323,2018-09-28,,"{""type"":""MultiPoint"",""coordinates"":[]}"
NASA_USDA_SMAP_SM20200324_20200326,2018-09-29,,"{""type"":""MultiPoint"",""coordinates"":[]}"
NASA_USDA_SMAP_SM20200327_20200329,2018-09-30,,"{""type"":""MultiPoint"",""coordinates"":[]}"
NASA_USDA_SMAP_SM20200330_20200401,2018-10-01,,"{""type"":""MultiPoint"",""coordinates"":[]}"
NASA_USDA_SMAP_SM20200402_20200404,2018-10-02,,"{""type"":""MultiPoint"",""coordinates"":[]}"
NASA_USDA_SMAP_SM20200405_20200407,2018-10-03,,"{""type"":""MultiPoint"",""coordinates"":[]}"
NASA_USDA_SMAP_SM20200408_20200410,2018-10-04,,"{""type"":""MultiPoint"",""coordinates"":[]}"
NASA_USDA_SMAP_SM20200411_20200413,2018-10-05,,"{""type"":""MultiPoint"",""coordinates"":[]}"
NASA_USDA_SMAP_SM20200414_20200416,2018-10-06,,"{""type"":""MultiPoint"",""coordinates"":[]}"
NASA_USDA_SMAP_SM20200417_20200419,2018-10-07,,"{""type"":""MultiPoint"",""coordinates"":[]}"
NASA_USDA_SMAP_SM20200420_20200422,2018-10-08,,"{""type"":""MultiPoint"",""coordinates"":[]}"
NASA_USDA_SMAP_SM20200423_20200425,2018-10-09,,"{""type"":""MultiPoint"",""coordinates"":[]}"
NASA_USDA_SMAP_SM20200426_20200428,2018-10-10,,"{""type"":""MultiPoint"",""coordinates"":[]}"
NASA_USDA_SMAP_SM20200429_20200501,2018-10-11,,"{""type"":""MultiPoint"",""coordinates"":[]}"
NASA_USDA_SMAP_SM20200502_20200504,2018-10-12,,"{""type"":""MultiPoint"",""coordinates"":[]}"
NASA_USDA_SMAP_SM20200505_20200507,2018-10-13,,"{""type"":""MultiPoint"",""coordinates"":[]}"
NASA_USDA_SMAP_SM20200508_20200510,2018-10-14,,"{""type"":""MultiPoint"",""coordinates"":[]}"
NASA_USDA_SMAP_SM20200511_20200513,2018-10-15,,"{""type"":""MultiPoint"",""coordinates"":[]}"
NASA_USDA_SMAP_SM20200514_20200516,2018-10-16,,"{""type"":""MultiPoint"",""coordinates"":[]}"
NASA_USDA_SMAP_SM20200517_20200519,2018-10-17,,"{""type"":""MultiPoint"",""coordinates"":[]}"
NASA_USDA_SMAP_SM20200520_20200522,2018-10-18,,"{""type"":""MultiPoint"",""coordinates"":[]}"
NASA_USDA_SMAP_SM20200523_20200525,2018-10-19,,"{""type"":""MultiPoint"",""coordinates"":[]}"
NASA_USDA_SMAP_SM20200526_20200528,2018-10-20,,"{""type"":""MultiPoint"",""coordinates"":[]}"
NASA_USDA_SMAP_SM20200529_20200531,2018-10-21,,"{""type"":""MultiPoint"",""coordinates"":[]}"
NASA_USDA_SMAP_SM20200601_20200603,2018-10-22,,"{""type"":""MultiPoint"",""coordinates"":[]}"
NASA_USDA_SMAP_SM20200604_20200606,2018-10-23,,"{""type"":""MultiPoint"",""coordinates"":[]}"
NASA_USDA_SMAP_SM20200607_20200609,2018-10-24,,"{""type"":""MultiPoint"",""coordinates"":[]}"
NASA_USDA_SMAP_SM20200610_20200612,2018-10-25,,"{""type"":""MultiPoint"",""coordinates"":[]}"
NASA_USDA_SMAP_SM20200613_20200615,2018-10-26,,"{""type"":""MultiPoint"",""coordinates"":[]}"
NASA_USDA_SMAP_SM20200616_20200618,2018-10-27,,"{""type"":""MultiPoint"",""coordinates"":[]}"
NASA_USDA_SMAP_SM20200619_20200621,2018-10-28,,"{""type"":""MultiPoint"",""coordinates"":[]}"
NASA_USDA_SMAP_SM20200622_20200624,2018-10-29,,"{""type"":""MultiPoint"",""coordinates"":[]}"
NASA_USDA_SMAP_SM20200625_20200627,2018-10-30,,"{""type"":""MultiPoint"",""coordinates"":[]}"
NASA_USDA_SMAP_SM20200628_20200630,2018-10-31,,"{""type"":""MultiPoint"",""coordinates"":[]}"
NASA_USDA_SMAP_SM20200701_20200703,2018-11-01,,"{""type"":""MultiPoint"",""coordinates"":[]}"
NASA_USDA_SMAP_SM20200704_20200706,2018-11-02,,"{""type"":""MultiPoint"",""coordinates"":[]}"
NASA_USDA_SMAP_SM20200707_20200709,2018-11-03,,"{""type"":""MultiPoint"",""coordinates"":[]}"
NASA_USDA_SMAP_SM20200710_20200712,2018-11-04,,"{""type"":""MultiPoint"",""coordinates"":[]}"
NASA_USDA_SMAP_SM20200713_20200715,2018-11-05,,"{""type"":""MultiPoint"",""coordinates"":[]}"
NASA_USDA_SMAP_SM20200716_20200718,2018-11-06,,"{""type"":""MultiPoint"",""coordinates"":[]}"
NASA_USDA_SMAP_SM20200719_20200721,2018-11-07,,"{""type"":""MultiPoint"",""coordinates"":[]}"
NASA_USDA_SMAP_SM20200722_20200724,2018-11-08,,"{""type"":""MultiPoint"",""coordinates"":[]}"
NASA_USDA_SMAP_SM20200725_20200727,2018-11-09,,"{""type"":""MultiPoint"",""coordinates"":[]}"
NASA_USDA_SMAP_SM20200728_20200730,2018-11-10,,"{""type"":""MultiPoint"",""coordinates"":[]}"
NASA_USDA_SMAP_SM20200731_20200802,2018-11-11,,"{""type"":""MultiPoint"",""coordinates"":[]}"
NASA_USDA_SMAP_SM20200803_20200805,2018-11-12,,"{""type"":""MultiPoint"",""coordinates"":[]}"
NASA_USDA_SMAP_SM20200806_20200808,2018-11-13,,"{""type"":""MultiPoint"",""coordinates"":[]}"
NASA_USDA_SMAP_SM20200809_20200811,2018-11-14,,"{""type"":""MultiPoint"",""coordinates"":[]}"
NASA_USDA_SMAP_SM20200812_20200814,2018-11-15,,"{""type"":""MultiPoint"",""coordinates"":[]}"
NASA_USDA_SMAP_SM20200815_20200817,2018-11-16,,"{""type"":""MultiPoint"",""coordinates"":[]}"
NASA_USDA_SMAP_SM20200818_20200820,2018-11-17,,"{""type"":""MultiPoint"",""coordinates"":[]}"
NASA_USDA_SMAP_SM20200821_20200823,2018-11-18,,"{""type"":""MultiPoint"",""coordinates"":[]}"
NASA_USDA_SMAP_SM20200824_20200826,2018-11-19,,"{""type"":""MultiPoint"",""coordinates"":[]}"
NASA_USDA_SMAP_SM20200827_20200829,2018-11-20,,"{""type"":""MultiPoint"",""coordinates"":[]}"
NASA_USDA_SMAP_SM20200830_20200901,2018-11-21,,"{""type"":""MultiPoint"",""coordinates"":[]}"
NASA_USDA_SMAP_SM20200902_20200904,2018-11-22,,"{""type"":""MultiPoint"",""coordinates"":[]}"
NASA_USDA_SMAP_SM20200905_20200907,2018-11-23,,"{""type"":""MultiPoint"",""coordinates"":[]}"
NASA_USDA_SMAP_SM20200908_20200910,2018-11-24,,"{""type"":""MultiPoint"",""coordinates"":[]}"
NASA_USDA_SMAP_SM20200911_20200913,2018-11-25,,"{""type"":""MultiPoint"",""coordinates"":[]}"
NASA_USDA_SMAP_SM20200914_20200916,2018-11-26,,"{""type"":""MultiPoint"",""coordinates"":[]}"
NASA_USDA_SMAP_SM20200917_20200919,2018-11-27,,"{""type"":""MultiPoint"",""coordinates"":[]}"
NASA_USDA_SMAP_SM20200920_20200922,2018-11-28,,"{""type"":""MultiPoint"",""coordinates"":[]}"
NASA_USDA_SMAP_SM20200923_20200925,2018-11-29,,"{""type"":""MultiPoint"",""coordinates"":[]}"
NASA_USDA_SMAP_SM20200926_20200928,2018-11-30,,"{""type"":""MultiPoint"",""coordinates"":[]}"
NASA_USDA_SMAP_SM20200929_20201001,2018-12-01,,"{""type"":""MultiPoint"",""coordinates"":[]}"
NASA_USDA_SMAP_SM20201002_20201004,2018-12-02,,"{""type"":""MultiPoint"",""coordinates"":[]}"
NASA_USDA_SMAP_SM20201005_20201007,2018-12-03,,"{""type"":""MultiPoint"",""coordinates"":[]}"
NASA_USDA_SMAP_SM20201008_20201010,2018-12-04,,"{""type"":""MultiPoint"",""coordinates"":[]}"
NASA_USDA_SMAP_SM20201011_20201013,2018-12-05,,"{""type"":""MultiPoint"",""coordinates"":[]}"
NASA_USDA_SMAP_SM20201014_20201016,2018-12-06,,"{""type"":""MultiPoint"",""coordinates"":[]}"
NASA_USDA_SMAP_SM20201017_20201019,2018-12-07,,"{""type"":""MultiPoint"",""coordinates"":[]}"
NASA_USDA_SMAP_SM20201020_20201022,2018-12-08,,"{""type"":""MultiPoint"",""coordinates"":[]}"
NASA_USDA_SMAP_SM20201023_20201025,2018-12-09,,"{""type"":""MultiPoint"",""coordinates"":[]}"
NASA_USDA_SMAP_SM20201026_20201028,2018-12-10,,"{""type"":""MultiPoint"",""coordinates"":[]}"
NASA_USDA_SMAP_SM20201029_20201031,2018-12-11,,"{""type"":""MultiPoint"",""coordinates"":[]}"
NASA_USDA_SMAP_SM20201101_20201103,2018-12-12,,"{""type"":""MultiPoint"",""coordinates"":[]}"
NASA_USDA_SMAP_SM20201104_20201106,2018-12-13,,"{""type"":""MultiPoint"",""coordinates"":[]}"
NASA_USDA_SMAP_SM20201107_20201109,2018-12-14,,"{""type"":""MultiPoint"",""coordinates"":[]}"
NASA_USDA_SMAP_SM20201110_20201112,2018-12-15,,"{""type"":""MultiPoint"",""coordinates"":[]}"
NASA_USDA_SMAP_SM20201113_20201115,2018-12-16,,"{""type"":""MultiPoint"",""coordinates"":[]}"
NASA_USDA_SMAP_SM20201116_20201118,2018-12-17,,"{""type"":""MultiPoint"",""coordinates"":[]}"
NASA_USDA_SMAP_SM20201119_20201121,2018-12-18,,"{""type"":""MultiPoint"",""coordinates"":[]}"
NASA_USDA_SMAP_SM20201122_20201124,2018-12-19,,"{""type"":""MultiPoint"",""coordinates"":[]}"
NASA_USDA_SMAP_SM20201125_20201127,2018-12-20,,"{""type"":""MultiPoint"",""coordinates"":[]}"
NASA_USDA_SMAP_SM20201128_20201130,2018-12-21,,"{""type"":""MultiPoint"",""coordinates"":[]}"
NASA_USDA_SMAP_SM20201201_20201203,2018-12-22,,"{""type"":""MultiPoint"",""coordinates"":[]}"
NASA_USDA_SMAP_SM20201204_20201206,2018-12-23,,"{""type"":""MultiPoint"",""coordinates"":[]}"
NASA_USDA_SMAP_SM20201207_20201209,2018-12-24,,"{""type"":""MultiPoint"",""coordinates"":[]}"
NASA_USDA_SMAP_SM20201210_20201212,2018-12-25,,"{""type"":""MultiPoint"",""coordinates"":[]}"
NASA_USDA_SMAP_SM20201213_20201215,2018-12-26,,"{""type"":""MultiPoint"",""coordinates"":[]}"
NASA_USDA_SMAP_SM20201216_20201218,2018-12-27,,"{""type"":""MultiPoint"",""coordinates"":[]}"
NASA_USDA_SMAP_SM20201219_20201221,2018-12-28,,"{""type"":""MultiPoint"",""coordinates"":[]}"
NASA_USDA_SMAP_SM20201222_20201224,2018-12-29,,"{""type"":""MultiPoint"",""coordinates"":[]}"
NASA_USDA_SMAP_SM20201225_20201227,2018-12-30,,"{""type"":""MultiPoint"",""coordinates"":[]}"
NASA_USDA_SMAP_SM20201228_20201230,2018-12-31,,"{""type"":""MultiPoint"",""coordinates"":[]}"
NASA_USDA_SMAP_SM20201231_20210102,2019-01-01,,"{""type"":""MultiPoint"",""coordinates"":[]}"
NASA_USDA_SMAP_SM20210103_20210105,2019-01-02,,"{""type"":""MultiPoint"",""coordinates"":[]}"
NASA_USDA_SMAP_SM20210106_20210108,2019-01-03,,"{""type"":""MultiPoint"",""coordinates"":[]}"
NASA_USDA_SMAP_SM20210109_20210111,2019-01-04,,"{""type"":""MultiPoint"",""coordinates"":[]}"
NASA_USDA_SMAP_SM20210112_20210114,2019-01-05,,"{""type"":""MultiPoint"",""coordinates"":[]}"
NASA_USDA_SMAP_SM20210115_20210117,2019-01-06,,"{""type"":""MultiPoint"",""coordinates"":[]}"
NASA_USDA_SMAP_SM20210118_20210120,2019-01-07,,"{""type"":""MultiPoint"",""coordinates"":[]}"
NASA_USDA_SMAP_SM20210121_20210123,2019-01-08,,"{""type"":""MultiPoint"",""coordinates"":[]}"
NASA_USDA_SMAP_SM20210124_20210126,2019-01-09,,"{""type"":""MultiPoint"",""coordinates"":[]}"
NASA_USDA_SMAP_SM20210127_20210129,2019-01-10,,"{""type"":""MultiPoint"",""coordinates"":[]}"
NASA_USDA_SMAP_SM20210130_20210201,2019-01-11,,"{""type"":""MultiPoint"",""coordinates"":[]}"
NASA_USDA_SMAP_SM20210202_20210204,2019-01-12,,"{""type"":""MultiPoint"",""coordinates"":[]}"
NASA_USDA_SMAP_SM20210205_20210207,2019-01-13,,"{""type"":""MultiPoint"",""coordinates"":[]}"
NASA_USDA_SMAP_SM20210208_20210210,2019-01-14,,"{""type"":""MultiPoint"",""coordinates"":[]}"
NASA_USDA_SMAP_SM20210211_20210213,2019-01-15,,"{""type"":""MultiPoint"",""coordinates"":[]}"
NASA_USDA_SMAP_SM20210214_20210216,2019-01-16,,"{""type"":""MultiPoint"",""coordinates"":[]}"
NASA_USDA_SMAP_SM20210217_20210219,2019-01-17,,"{""type"":""MultiPoint"",""coordinates"":[]}"
NASA_USDA_SMAP_SM20210220_20210222,2019-01-18,,"{""type"":""MultiPoint"",""coordinates"":[]}"
NASA_USDA_SMAP_SM20210223_20210225,2019-01-19,,"{""type"":""MultiPoint"",""coordinates"":[]}"
NASA_USDA_SMAP_SM20210226_20210228,2019-01-20,,"{""type"":""MultiPoint"",""coordinates"":[]}"
NASA_USDA_SMAP_SM20210301_20210303,2019-01-21,,"{""type"":""MultiPoint"",""coordinates"":[]}"
NASA_USDA_SMAP_SM20210304_20210306,2019-01-22,,"{""type"":""MultiPoint"",""coordinates"":[]}"
NASA_USDA_SMAP_SM20210307_20210309,2019-01-23,,"{""type"":""MultiPoint"",""coordinates"":[]}"
NASA_USDA_SMAP_SM20210310_20210312,2019-01-24,,"{""type"":""MultiPoint"",""coordinates"":[]}"
NASA_USDA_SMAP_SM20210313_20210315,2019-01-25,,"{""type"":""MultiPoint"",""coordinates"":[]}"
NASA_USDA_SMAP_SM20210316_20210318,2019-01-26,,"{""type"":""MultiPoint"",""coordinates"":[]}"
NASA_USDA_SMAP_SM20210319_20210321,2019-01-27,,"{""type"":""MultiPoint"",""coordinates"":[]}"
NASA_USDA_SMAP_SM20210322_20210324,2019-01-28,,"{""type"":""MultiPoint"",""coordinates"":[]}"
NASA_USDA_SMAP_SM20210325_20210327,2019-01-29,,"{""type"":""MultiPoint"",""coordinates"":[]}"
NASA_USDA_SMAP_SM20210328_20210330,2019-01-30,,"{""type"":""MultiPoint"",""coordinates"":[]}"
NASA_USDA_SMAP_SM20210331_20210402,2019-01-31,,"{""type"":""MultiPoint"",""coordinates"":[]}"
NASA_USDA_SMAP_SM20210403_20210405,2019-02-01,,"{""type"":""MultiPoint"",""coordinates"":[]}"
NASA_USDA_SMAP_SM20210406_20210408,2019-02-02,,"{""type"":""MultiPoint"",""coordinates"":[]}"
NASA_USDA_SMAP_SM20210409_20210411,2019-02-03,,"{""type"":""MultiPoint"",""coordinates"":[]}"
NASA_USDA_SMAP_SM20210412_20210414,2019-02-04,,"{""type"":""MultiPoint"",""coordinates"":[]}"
NASA_USDA_SMAP_SM20210415_20210417,2019-02-05,,"{""type"":""MultiPoint"",""coordinates"":[]}"
NASA_USDA_SMAP_SM20210418_20210420,2019-02-06,,"{""type"":""MultiPoint"",""coordinates"":[]}"
NASA_USDA_SMAP_SM20210421_20210423,2019-02-07,,"{""type"":""MultiPoint"",""coordinates"":[]}"
NASA_USDA_SMAP_SM20210424_20210426,2019-02-08,,"{""type"":""MultiPoint"",""coordinates"":[]}"
NASA_USDA_SMAP_SM20210427_20210429,2019-02-09,,"{""type"":""MultiPoint"",""coordinates"":[]}"
NASA_USDA_SMAP_SM20210430_20210502,2019-02-10,,"{""type"":""MultiPoint"",""coordinates"":[]}"
NASA_USDA_SMAP_SM20210503_20210505,2019-02-11,,"{""type"":""MultiPoint"",""coordinates"":[]}"
NASA_USDA_SMAP_SM20210506_20210508,2019-02-12,,"{""type"":""MultiPoint"",""coordinates"":[]}"
NASA_USDA_SMAP_SM20210509_20210511,2019-02-13,,"{""type"":""MultiPoint"",""coordinates"":[]}"
NASA_USDA_SMAP_SM20210512_20210514,2019-02-14,,"{""type"":""MultiPoint"",""coordinates"":[]}"
NASA_USDA_SMAP_SM20210515_20210517,2019-02-15,,"{""type"":""MultiPoint"",""coordinates"":[]}"
NASA_USDA_SMAP_SM20210518_20210520,2019-02-16,,"{""type"":""MultiPoint"",""coordinates"":[]}"
NASA_USDA_SMAP_SM20210521_20210523,2019-02-17,,"{""type"":""MultiPoint"",""coordinates"":[]}"
NASA_USDA_SMAP_SM20210524_20210526,2019-02-18,,"{""type"":""MultiPoint"",""coordinates"":[]}"
NASA_USDA_SMAP_SM20210527_20210529,2019-02-19,,"{""type"":""MultiPoint"",""coordinates"":[]}"
NASA_USDA_SMAP_SM20210530_20210601,2019-02-20,,"{""type"":""MultiPoint"",""coordinates"":[]}"
NASA_USDA_SMAP_SM20210602_20210604,2019-02-21,,"{""type"":""MultiPoint"",""coordinates"":[]}"
NASA_USDA_SMAP_SM20210605_20210607,2019-02-22,,"{""type"":""MultiPoint"",""coordinates"":[]}"
NASA_USDA_SMAP_SM20210608_20210610,2019-02-23,,"{""type"":""MultiPoint"",""coordinates"":[]}"
NASA_USDA_SMAP_SM20210611_20210613,2019-02-24,,"{""type"":""MultiPoint"",""coordinates"":[]}"
NASA_USDA_SMAP_SM20210614_20210616,2019-02-25,,"{""type"":""MultiPoint"",""coordinates"":[]}"
NASA_USDA_SMAP_SM20210617_20210619,2019-02-26,,"{""type"":""MultiPoint"",""coordinates"":[]}"
NASA_USDA_SMAP_SM20210620_20210622,2019-02-27,,"{""type"":""MultiPoint"",""coordinates"":[]}"
NASA_USDA_SMAP_SM20210623_20210625,2019-02-28,,"{""type"":""MultiPoint"",""coordinates"":[]}"
NASA_USDA_SMAP_SM20210626_20210628,2019-03-01,,"{""type"":""MultiPoint"",""coordinates"":[]}"
NASA_USDA_SMAP_SM20210629_20210701,2019-03-02,,"{""type"":""MultiPoint"",""coordinates"":[]}"
NASA_USDA_SMAP_SM20210702_20210704,2019-03-03,,"{""type"":""MultiPoint"",""coordinates"":[]}"
NASA_USDA_SMAP_SM20210705_20210707,2019-03-04,,"{""type"":""MultiPoint"",""coordinates"":[]}"
NASA_USDA_SMAP_SM20210708_20210710,2019-03-05,,"{""type"":""MultiPoint"",""coordinates"":[]}"
NASA_USDA_SMAP_SM20210711_20210713,2019-03-06,,"{""type"":""MultiPoint"",""coordinates"":[]}"
NASA_USDA_SMAP_SM20210714_20210716,2019-03-07,,"{""type"":""MultiPoint"",""coordinates"":[]}"
NASA_USDA_SMAP_SM20210717_20210719,2019-03-08,,"{""type"":""MultiPoint"",""coordinates"":[]}"
NASA_USDA_SMAP_SM20210720_20210722,2019-03-09,,"{""type"":""MultiPoint"",""coordinates"":[]}"
NASA_USDA_SMAP_SM20210723_20210725,2019-03-10,,"{""type"":""MultiPoint"",""coordinates"":[]}"
NASA_USDA_SMAP_SM20210726_20210728,2019-03-11,,"{""type"":""MultiPoint"",""coordinates"":[]}"
NASA_USDA_SMAP_SM20210729_20210731,2019-03-12,,"{""type"":""MultiPoint"",""coordinates"":[]}"
NASA_USDA_SMAP_SM20210801_20210803,2019-03-13,,"{""type"":""MultiPoint"",""coordinates"":[]}"
NASA_USDA_SMAP_SM20210804_20210806,2019-03-14,,"{""type"":""MultiPoint"",""coordinates"":[]}"
NASA_USDA_SMAP_SM20210807_20210809,2019-03-15,,"{""type"":""MultiPoint"",""coordinates"":[]}"
NASA_USDA_SMAP_SM20210810_20210812,2019-03-16,,"{""type"":""MultiPoint"",""coordinates"":[]}"
NASA_USDA_SMAP_SM20210813_20210815,2019-03-17,,"{""type"":""MultiPoint"",""coordinates"":[]}"
NASA_USDA_SMAP_SM20210816_20210818,2019-03-18,,"{""type"":""MultiPoint"",""coordinates"":[]}"
NASA_USDA_SMAP_SM20210819_20210821,2019-03-19,,"{""type"":""MultiPoint"",""coordinates"":[]}"
NASA_USDA_SMAP_SM20210822_20210824,2019-03-20,,"{""type"":""MultiPoint"",""coordinates"":[]}"
NASA_USDA_SMAP_SM20210825_20210827,2019-03-21,,"{""type"":""MultiPoint"",""coordinates"":[]}"
NASA_USDA_SMAP_SM20210828_20210830,2019-03-22,,"{""type"":""MultiPoint"",""coordinates"":[]}"
NASA_USDA_SMAP_SM20210831_20210902,2019-03-23,,"{""type"":""MultiPoint"",""coordinates"":[]}"
NASA_USDA_SMAP_SM20210903_20210905,2019-03-24,,"{""type"":""MultiPoint"",""coordinates"":[]}"
NASA_USDA_SMAP_SM20210906_20210908,2019-03-25,,"{""type"":""MultiPoint"",""coordinates"":[]}"
NASA_USDA_SMAP_SM20210909_20210911,2019-03-26,,"{""type"":""MultiPoint"",""coordinates"":[]}"
NASA_USDA_SMAP_SM20210912_20210914,2019-03-27,,"{""type"":""MultiPoint"",""coordinates"":[]}"
NASA_USDA_SMAP_SM20210915_20210917,2019-03-28,,"{""type"":""MultiPoint"",""coordinates"":[]}"
NASA_USDA_SMAP_SM20210918_20210920,2019-03-29,,"{""type"":""MultiPoint"",""coordinates"":[]}"
NASA_USDA_SMAP_SM20210921_20210923,2019-03-30,,"{""type"":""MultiPoint"",""coordinates"":[]}"
NASA_USDA_SMAP_SM20210924_20210926,2019-03-31,,"{""type"":""MultiPoint"",""coordinates"":[]}"
NASA_USDA_SMAP_SM20210927_20210929,2019-04-01,,"{""type"":""MultiPoint"",""coordinates"":[]}"
NASA_USDA_SMAP_SM20210930_20211002,2019-04-02,,"{""type"":""MultiPoint"",""coordinates"":[]}"
NASA_USDA_SMAP_SM20211003_20211005,2019-04-03,,"{""type"":""MultiPoint"",""coordinates"":[]}"
NASA_USDA_SMAP_SM20211006_20211008,2019-04-04,,"{""type"":""MultiPoint"",""coordinates"":[]}"
NASA_USDA_SMAP_SM20211009_20211011,2019-04-05,,"{""type"":""MultiPoint"",""coordinates"":[]}"
NASA_USDA_SMAP_SM20211012_20211014,2019-04-06,,"{""type"":""MultiPoint"",""coordinates"":[]}"
NASA_USDA_SMAP_SM20211015_20211017,2019-04-07,,"{""type"":""MultiPoint"",""coordinates"":[]}"
NASA_USDA_SMAP_SM20211018_20211020,2019-04-08,,"{""type"":""MultiPoint"",""coordinates"":[]}"
NASA_USDA_SMAP_SM20211021_20211023,2019-04-09,,"{""type"":""MultiPoint"",""coordinates"":[]}"
NASA_USDA_SMAP_SM20211024_20211026,2019-04-10,,"{""type"":""MultiPoint"",""coordinates"":[]}"
NASA_USDA_SMAP_SM20211027_20211029,2019-04-11,,"{""type"":""MultiPoint"",""coordinates"":[]}"
NASA_USDA_SMAP_SM20211030_20211101,2019-04-12,,"{""type"":""MultiPoint"",""coordinates"":[]}"
NASA_USDA_SMAP_SM20211102_20211104,2019-04-13,,"{""type"":""MultiPoint"",""coordinates"":[]}"
NASA_USDA_SMAP_SM20211105_20211107,2019-04-14,,"{""type"":""MultiPoint"",""coordinates"":[]}"
NASA_USDA_SMAP_SM20211108_20211110,2019-04-15,,"{""type"":""MultiPoint"",""coordinates"":[]}"
NASA_USDA_SMAP_SM20211111_20211113,2019-04-16,,"{""type"":""MultiPoint"",""coordinates"":[]}"
NASA_USDA_SMAP_SM20211114_20211116,2019-04-17,,"{""type"":""MultiPoint"",""coordinates"":[]}"
NASA_USDA_SMAP_SM20211117_20211119,2019-04-18,,"{""type"":""MultiPoint"",""coordinates"":[]}"
NASA_USDA_SMAP_SM20211120_20211122,2019-04-19,,"{""type"":""MultiPoint"",""coordinates"":[]}"
NASA_USDA_SMAP_SM20211123_20211125,2019-04-20,,"{""type"":""MultiPoint"",""coordinates"":[]}"
NASA_USDA_SMAP_SM20211126_20211128,2019-04-21,,"{""type"":""MultiPoint"",""coordinates"":[]}"
NASA_USDA_SMAP_SM20211129_20211201,2019-04-22,,"{""type"":""MultiPoint"",""coordinates"":[]}"
NASA_USDA_SMAP_SM20211202_20211204,2019-04-23,,"{""type"":""MultiPoint"",""coordinates"":[]}"
NASA_USDA_SMAP_SM20211205_20211207,2019-04-24,,"{""type"":""MultiPoint"",""coordinates"":[]}"
NASA_USDA_SMAP_SM20211208_20211210,2019-04-25,,"{""type"":""MultiPoint"",""coordinates"":[]}"
NASA_USDA_SMAP_SM20211211_20211213,2019-04-26,,"{""type"":""MultiPoint"",""coordinates"":[]}"
NASA_USDA_SMAP_SM20211214_20211216,2019-04-27,,"{""type"":""MultiPoint"",""coordinates"":[]}"
NASA_USDA_SMAP_SM20211217_20211219,2019-04-28,,"{""type"":""MultiPoint"",""coordinates"":[]}"
NASA_USDA_SMAP_SM20211220_20211222,2019-04-29,,"{""type"":""MultiPoint"",""coordinates"":[]}"
NASA_USDA_SMAP_SM20211223_20211225,2019-04-30,,"{""type"":""MultiPoint"",""coordinates"":[]}"
NASA_USDA_SMAP_SM20211226_20211228,2019-05-01,,"{""type"":""MultiPoint"",""coordinates"":[]}"
NASA_USDA_SMAP_SM20211229_20211231,2019-05-02,,"{""type"":""MultiPoint"",""coordinates"":[]}"
NASA_USDA_SMAP_SM20220101_20220103,2019-05-03,,"{""type"":""MultiPoint"",""coordinates"":[]}"
NASA_USDA_SMAP_SM20220104_20220106,2019-05-04,,"{""type"":""MultiPoint"",""coordinates"":[]}"
NASA_USDA_SMAP_SM20220107_20220109,2019-05-05,,"{""type"":""MultiPoint"",""coordinates"":[]}"
NASA_USDA_SMAP_SM20220110_20220112,2019-05-06,,"{""type"":""MultiPoint"",""coordinates"":[]}"
NASA_USDA_SMAP_SM20220113_20220115,2019-05-07,,"{""type"":""MultiPoint"",""coordinates"":[]}"
NASA_USDA_SMAP_SM20220116_20220118,2019-05-08,,"{""type"":""MultiPoint"",""coordinates"":[]}"
NASA_USDA_SMAP_SM20220119_20220121,2019-05-09,,"{""type"":""MultiPoint"",""coordinates"":[]}"
NASA_USDA_SMAP_SM20220122_20220124,2019-05-10,,"{""type"":""MultiPoint"",""coordinates"":[]}"
NASA_USDA_SMAP_SM20220125_20220127,2019-05-11,,"{""type"":""MultiPoint"",""coordinates"":[]}"
NASA_USDA_SMAP_SM20220128_20220130,2019-05-12,,"{""type"":""MultiPoint"",""coordinates"":[]}"
NASA_USDA_SMAP_SM20220131_20220202,2019-05-13,,"{""type"":""MultiPoint"",""coordinates"":[]}"
NASA_USDA_SMAP_SM20220203_20220205,2019-05-14,,"{""type"":""MultiPoint"",""coordinates"":[]}"
NASA_USDA_SMAP_SM20220206_20220208,2019-05-15,,"{""type"":""MultiPoint"",""coordinates"":[]}"
NASA_USDA_SMAP_SM20220209_20220211,2019-05-16,,"{""type"":""MultiPoint"",""coordinates"":[]}"
NASA_USDA_SMAP_SM20220212_20220214,2019-05-17,,"{""type"":""MultiPoint"",""coordinates"":[]}"
NASA_USDA_SMAP_SM20220215_20220217,2019-05-18,,"{""type"":""MultiPoint"",""coordinates"":[]}"
NASA_USDA_SMAP_SM20220218_20220220,2019-05-19,,"{""type"":""MultiPoint"",""coordinates"":[]}"
NASA_USDA_SMAP_SM20220221_20220223,2019-05-20,,"{""type"":""MultiPoint"",""coordinates"":[]}"
NASA_USDA_SMAP_SM20220224_20220226,2019-05-21,,"{""type"":""MultiPoint"",""coordinates"":[]}"
NASA_USDA_SMAP_SM20220227_20220301,2019-05-22,,"{""type"":""MultiPoint"",""coordinates"":[]}"
NASA_USDA_SMAP_SM20220302_20220304,2019-05-23,,"{""type"":""MultiPoint"",""coordinates"":[]}"
NASA_USDA_SMAP_SM20220305_20220307,2019-05-24,,"{""type"":""MultiPoint"",""coordinates"":[]}"
NASA_USDA_SMAP_SM20220308_20220310,2019-05-25,,"{""type"":""MultiPoint"",""coordinates"":[]}"
NASA_USDA_SMAP_SM20220311_20220313,2019-05-26,,"{""type"":""MultiPoint"",""coordinates"":[]}"
NASA_USDA_SMAP_SM20220314_20220316,2019-05-27,,"{""type"":""MultiPoint"",""coordinates"":[]}"
NASA_USDA_SMAP_SM20220317_20220319,2019-05-28,,"{""type"":""MultiPoint"",""coordinates"":[]}"
NASA_USDA_SMAP_SM20220320_20220322,2019-05-29,,"{""type"":""MultiPoint"",""coordinates"":[]}"
NASA_USDA_SMAP_SM20220323_20220325,2019-05-30,,"{""type"":""MultiPoint"",""coordinates"":[]}"
NASA_USDA_SMAP_SM20220326_20220328,2019-05-31,,"{""type"":""MultiPoint"",""coordinates"":[]}"
NASA_USDA_SMAP_SM20220329_20220331,2019-06-01,,"{""type"":""MultiPoint"",""coordinates"":[]}"
NASA_USDA_SMAP_SM20220401_20220403,2019-06-02,,"{""type"":""MultiPoint"",""coordinates"":[]}"
NASA_USDA_SMAP_SM20220404_20220406,2019-06-03,,"{""type"":""MultiPoint"",""coordinates"":[]}"
NASA_USDA_SMAP_SM20220407_20220409,2019-06-04,,"{""type"":""MultiPoint"",""coordinates"":[]}"
NASA_USDA_SMAP_SM20220410_20220412,2019-06-05,,"{""type"":""MultiPoint"",""coordinates"":[]}"
NASA_USDA_SMAP_SM20220413_20220415,2019-06-06,,"{""type"":""MultiPoint"",""coordinates"":[]}"
NASA_USDA_SMAP_SM20220416_20220418,2019-06-07,,"{""type"":""MultiPoint"",""coordinates"":[]}"
NASA_USDA_SMAP_SM20220419_20220421,2019-06-08,,"{""type"":""MultiPoint"",""coordinates"":[]}"
NASA_USDA_SMAP_SM20220422_20220424,2019-06-09,,"{""type"":""MultiPoint"",""coordinates"":[]}"
NASA_USDA_SMAP_SM20220425_20220427,2019-06-10,,"{""type"":""MultiPoint"",""coordinates"":[]}"
NASA_USDA_SMAP_SM20220428_20220430,2019-06-11,,"{""type"":""MultiPoint"",""coordinates"":[]}"
NASA_USDA_SMAP_SM20220501_20220503,2019-06-12,,"{""type"":""MultiPoint"",""coordinates"":[]}"
NASA_USDA_SMAP_SM20220504_20220506,2019-06-13,,"{""type"":""MultiPoint"",""coordinates"":[]}"
NASA_USDA_SMAP_SM20220507_20220509,2019-06-14,,"{""type"":""MultiPoint"",""coordinates"":[]}"
NASA_USDA_SMAP_SM20220510_20220512,2019-06-15,,"{""type"":""MultiPoint"",""coordinates"":[]}"
NASA_USDA_SMAP_SM20220513_20220515,2019-06-16,,"{""type"":""MultiPoint"",""coordinates"":[]}"
NASA_USDA_SMAP_SM20220516_20220518,2019-06-17,,"{""type"":""MultiPoint"",""coordinates"":[]}"
NASA_USDA_SMAP_SM20220519_20220521,2019-06-18,,"{""type"":""MultiPoint"",""coordinates"":[]}"
NASA_USDA_SMAP_SM20220522_20220524,2019-06-19,,"{""type"":""MultiPoint"",""coordinates"":[]}"
NASA_USDA_SMAP_SM20220525_20220527,2019-06-20,,"{""type"":""MultiPoint"",""coordinates"":[]}"
NASA_USDA_SMAP_SM20220528_20220530,2019-06-21,,"{""type"":""MultiPoint"",""coordinates"":[]}"
NASA_USDA_SMAP_SM20220531_20220602,2019-06-22,,"{""type"":""MultiPoint"",""coordinates"":[]}"
NASA_USDA_SMAP_SM20220603_20220605,2019-06-23,,"{""type"":""MultiPoint"",""coordinates"":[]}"
NASA_USDA_SMAP_SM20220606_20220608,2019-06-24,,"{""type"":""MultiPoint"",""coordinates"":[]}"
NASA_USDA_SMAP_SM20220609_20220611,2019-06-25,,"{""type"":""MultiPoint"",""coordinates"":[]}"
NASA_USDA_SMAP_SM20220612_20220614,2019-06-26,,"{""type"":""MultiPoint"",""coordinates"":[]}"
NASA_USDA_SMAP_SM20220615_20220617,2019-06-27,,"{""type"":""MultiPoint"",""coordinates"":[]}"
NASA_USDA_SMAP_SM20220618_20220620,2019-06-28,,"{""type"":""MultiPoint"",""coordinates"":[]}"
NASA_USDA_SMAP_SM20220621_20220623,2019-06-29,,"{""type"":""MultiPoint"",""coordinates"":[]}"
NASA_USDA_SMAP_SM20220624_20220626,2019-06-30,,"{""type"":""MultiPoint"",""coordinates"":[]}"
NASA_USDA_SMAP_SM20220627_20220629,2019-07-01,,"{""type"":""MultiPoint"",""coordinates"":[]}"
NASA_USDA_SMAP_SM20220630_20220702,2019-07-02,,"{""type"":""MultiPoint"",""coordinates"":[]}"
NASA_USDA_SMAP_SM20220703_20220705,2019-07-03,,"{""type"":""MultiPoint"",""coordinates"":[]}"
NASA_USDA_SMAP_SM20220706_20220708,2019-07-04,,"{""type"":""MultiPoint"",""coordinates"":[]}"
NASA_USDA_SMAP_SM20220709_20220711,2019-07-05,,"{""type"":""MultiPoint"",""coordinates"":[]}"
NASA_USDA_SMAP_SM20220712_20220714,2019-07-06,,"{""type"":""MultiPoint"",""coordinates"":[]}"
NASA_USDA_SMAP_SM20220715_20220717,2019-07-07,,"{""type"":""MultiPoint"",""coordinates"":[]}"
NASA_USDA_SMAP_SM20220718_20220720,2019-07-08,,"{""type"":""MultiPoint"",""coordinates"":[]}"
NASA_USDA_SMAP_SM20220721_20220723,2019-07-09,,"{""type"":""MultiPoint"",""coordinates"":[]}"
NASA_USDA_SMAP_SM20220724_20220726,2019-07-10,,"{""type"":""MultiPoint"",""coordinates"":[]}"
NASA_USDA_SMAP_SM20220727_20220729,2019-07-11,,"{""type"":""MultiPoint"",""coordinates"":[]}"
NASA_USDA_SMAP_SM20220730_20220801,2019-07-12,,"{""type"":""MultiPoint"",""coordinates"":[]}"
NASA_USDA_SMAP_SM20220802_20220804,2019-07-13,,"{""type"":""MultiPoint"",""coordinates"":[]}"
,2019-07-14,,
,2019-07-15,,
,2019-07-16,,
,2019-07-17,,
,2019-07-18,,
,2019-07-19,,
,2019-07-20,,
,2019-07-21,,
,2019-07-22,,
,2019-07-23,,
,2019-07-24,,
,2019-07-25,,
,2019-07-26,,
,2019-07-27,,
,2019-07-28,,
,2019-07-29,,
,2019-07-30,,
,2019-07-31,,
,2019-08-01,,
,2019-08-02,,
,2019-08-03,,
,2019-08-04,,
,2019-08-05,,
,2019-08-06,,
,2019-08-07,,
,2019-08-08,,
,2019-08-09,,
,2019-08-10,,
,2019-08-11,,
,2019-08-12,,
,2019-08-13,,
,2019-08-14,,
,2019-08-15,,
,2019-08-16,,
,2019-08-17,,
,2019-08-18,,
,2019-08-19,,
,2019-08-20,,
,2019-08-21,,
,2019-08-22,,
,2019-08-23,,
,2019-08-24,,
,2019-08-25,,
,2019-08-26,,
,2019-08-27,,
,2019-08-28,,
,2019-08-29,,
,2019-08-30,,
,2019-08-31,,
,2019-09-01,,
,2019-09-02,,
,2019-09-03,,
,2019-09-04,,
,2019-09-05,,
,2019-09-06,,
,2019-09-07,,
,2019-09-08,,
,2019-09-09,,
,2019-09-10,,
,2019-09-11,,
,2019-09-12,,
,2019-09-13,,
,2019-09-14,,
,2019-09-15,,
,2019-09-16,,
,2019-09-17,,
,2019-09-18,,
,2019-09-19,,
,2019-09-20,,
,2019-09-21,,
,2019-09-22,,
,2019-09-23,,
,2019-09-24,,
,2019-09-25,,
,2019-09-26,,
,2019-09-27,,
,2019-09-28,,
,2019-09-29,,
,2019-09-30,,
,2019-10-01,,
,2019-10-02,,
,2019-10-03,,
,2019-10-04,,
,2019-10-05,,
,2019-10-06,,
,2019-10-07,,
,2019-10-08,,
,2019-10-09,,
,2019-10-10,,
,2019-10-11,,
,2019-10-12,,
,2019-10-13,,
,2019-10-14,,
,2019-10-15,,
,2019-10-16,,
,2019-10-17,,
,2019-10-18,,
,2019-10-19,,
,2019-10-20,,
,2019-10-21,,
,2019-10-22,,
,2019-10-23,,
,2019-10-24,,
,2019-10-25,,
,2019-10-26,,
,2019-10-27,,
,2019-10-28,,
,2019-10-29,,
,2019-10-30,,
,2019-10-31,,
,2019-11-01,,
,2019-11-02,,
,2019-11-03,,
,2019-11-04,,
,2019-11-05,,
,2019-11-06,,
,2019-11-07,,
,2019-11-08,,
,2019-11-09,,
,2019-11-10,,
,2019-11-11,,
,2019-11-12,,
,2019-11-13,,
,2019-11-14,,
,2019-11-15,,
,2019-11-16,,
,2019-11-17,,
,2019-11-18,,
,2019-11-19,,
,2019-11-20,,
,2019-11-21,,
,2019-11-22,,
,2019-11-23,,
,2019-11-24,,
,2019-11-25,,
,2019-11-26,,
,2019-11-27,,
,2019-11-28,,
,2019-11-29,,
,2019-11-30,,
,2019-12-01,,
,2019-12-02,,
,2019-12-03,,
,2019-12-04,,
,2019-12-05,,
,2019-12-06,,
,2019-12-07,,
,2019-12-08,,
,2019-12-09,,
,2019-12-10,,
,2019-12-11,,
,2019-12-12,,
,2019-12-13,,
,2019-12-14,,
,2019-12-15,,
,2019-12-16,,
,2019-12-17,,
,2019-12-18,,
,2019-12-19,,
,2019-12-20,,
,2019-12-21,,
,2019-12-22,,
,2019-12-23,,
,2019-12-24,,
,2019-12-25,,
,2019-12-26,,
,2019-12-27,,
,2019-12-28,,
,2019-12-29,,
,2019-12-30,,
,2019-12-31,,
,2020-01-01,,
,2020-01-02,,
,2020-01-03,,
,2020-01-04,,
,2020-01-05,,
,2020-01-06,,
,2020-01-07,,
,2020-01-08,,
,2020-01-09,,
,2020-01-10,,
,2020-01-11,,
,2020-01-12,,
,2020-01-13,,
,2020-01-14,,
,2020-01-15,,
,2020-01-16,,
,2020-01-17,,
,2020-01-18,,
,2020-01-19,,
,2020-01-20,,
,2020-01-21,,
,2020-01-22,,
,2020-01-23,,
,2020-01-24,,
,2020-01-25,,
,2020-01-26,,
,2020-01-27,,
,2020-01-28,,
,2020-01-29,,
,2020-01-30,,
,2020-01-31,,
,2020-02-01,,
,2020-02-02,,
,2020-02-03,,
,2020-02-04,,
,2020-02-05,,
,2020-02-06,,
,2020-02-07,,
,2020-02-08,,
,2020-02-09,,
,2020-02-10,,
,2020-02-11,,
,2020-02-12,,
,2020-02-13,,
,2020-02-14,,
,2020-02-15,,
,2020-02-16,,
,2020-02-17,,
,2020-02-18,,
,2020-02-19,,
,2020-02-20,,
,2020-02-21,,
,2020-02-22,,
,2020-02-23,,
,2020-02-24,,
,2020-02-25,,
,2020-02-26,,
,2020-02-27,,
,2020-02-28,,
,2020-02-29,,
,2020-03-01,,
,2020-03-02,,
,2020-03-03,,
,2020-03-04,,
,2020-03-05,,
,2020-03-06,,
,2020-03-07,,
,2020-03-08,,
,2020-03-09,,
,2020-03-10,,
,2020-03-11,,
,2020-03-12,,
,2020-03-13,,
,2020-03-14,,
,2020-03-15,,
,2020-03-16,,
,2020-03-17,,
,2020-03-18,,
,2020-03-19,,
,2020-03-20,,
,2020-03-21,,
,2020-03-22,,
,2020-03-23,,
,2020-03-24,,
,2020-03-25,,
,2020-03-26,,
,2020-03-27,,
,2020-03-28,,
,2020-03-29,,
,2020-03-30,,
,2020-03-31,,
,2020-04-01,,
,2020-04-02,,
,2020-04-03,,
,2020-04-04,,
,2020-04-05,,
,2020-04-06,,
,2020-04-07,,
,2020-04-08,,
,2020-04-09,,
,2020-04-10,,
,2020-04-11,,
,2020-04-12,,
,2020-04-13,,
,2020-04-14,,
,2020-04-15,,
,2020-04-16,,
,2020-04-17,,
,2020-04-18,,
,2020-04-19,,
,2020-04-20,,
,2020-04-21,,
,2020-04-22,,
,2020-04-23,,
,2020-04-24,,
,2020-04-25,,
,2020-04-26,,
,2020-04-27,,
,2020-04-28,,
,2020-04-29,,
,2020-04-30,,
,2020-05-01,,
,2020-05-02,,
,2020-05-03,,
,2020-05-04,,
,2020-05-05,,
,2020-05-06,,
,2020-05-07,,
,2020-05-08,,
,2020-05-09,,
,2020-05-10,,
,2020-05-11,,
,2020-05-12,,
,2020-05-13,,
,2020-05-14,,
,2020-05-15,,
,2020-05-16,,
,2020-05-17,,
,2020-05-18,,
,2020-05-19,,
,2020-05-20,,
,2020-05-21,,
,2020-05-22,,
,2020-05-23,,
,2020-05-24,,
,2020-05-25,,
,2020-05-26,,
,2020-05-27,,
,2020-05-28,,
,2020-05-29,,
,2020-05-30,,
,2020-05-31,,
,2020-06-01,,
,2020-06-02,,
,2020-06-03,,
,2020-06-04,,
,2020-06-05,,
,2020-06-06,,
,2020-06-07,,
,2020-06-08,,
,2020-06-09,,
,2020-06-10,,
,2020-06-11,,
,2020-06-12,,
,2020-06-13,,
,2020-06-14,,
,2020-06-15,,
,2020-06-16,,
,2020-06-17,,
,2020-06-18,,
,2020-06-19,,
,2020-06-20,,
,2020-06-21,,
,2020-06-22,,
,2020-06-23,,
,2020-06-24,,
,2020-06-25,,
,2020-06-26,,
,2020-06-27,,
,2020-06-28,,
,2020-06-29,,
,2020-06-30,,
,2020-07-01,,
,2020-07-02,,
,2020-07-03,,
,2020-07-04,,
,2020-07-05,,
,2020-07-06,,
,2020-07-07,,
,2020-07-08,,
,2020-07-09,,
,2020-07-10,,
,2020-07-11,,
,2020-07-12,,
,2020-07-13,,
,2020-07-14,,
,2020-07-15,,
,2020-07-16,,
,2020-07-17,,
,2020-07-18,,
,2020-07-19,,
,2020-07-20,,
,2020-07-21,,
,2020-07-22,,
,2020-07-23,,
,2020-07-24,,
,2020-07-25,,
,2020-07-26,,
,2020-07-27,,
,2020-07-28,,
,2020-07-29,,
,2020-07-30,,
,2020-07-31,,
,2020-08-01,,
,2020-08-02,,
,2020-08-03,,
,2020-08-04,,
,2020-08-05,,
,2020-08-06,,
,2020-08-07,,
,2020-08-08,,
,2020-08-09,,
,2020-08-10,,
,2020-08-11,,
,2020-08-12,,
,2020-08-13,,
,2020-08-14,,
,2020-08-15,,
,2020-08-16,,
,2020-08-17,,
,2020-08-18,,
,2020-08-19,,
,2020-08-20,,
,2020-08-21,,
,2020-08-22,,
,2020-08-23,,
,2020-08-24,,
,2020-08-25,,
,2020-08-26,,
,2020-08-27,,
,2020-08-28,,
,2020-08-29,,
,2020-08-30,,
,2020-08-31,,
,2020-09-01,,
,2020-09-02,,
,2020-09-03,,
,2020-09-04,,
,2020-09-05,,
,2020-09-06,,
,2020-09-07,,
,2020-09-08,,
,2020-09-09,,
,2020-09-10,,
,2020-09-11,,
,2020-09-12,,
,2020-09-13,,
,2020-09-14,,
,2020-09-15,,
,2020-09-16,,
,2020-09-17,,
,2020-09-18,,
,2020-09-19,,
,2020-09-20,,
,2020-09-21,,
,2020-09-22,,
,2020-09-23,,
,2020-09-24,,
,2020-09-25,,
,2020-09-26,,
,2020-09-27,,
,2020-09-28,,
,2020-09-29,,
,2020-09-30,,
,2020-10-01,,
,2020-10-02,,
,2020-10-03,,
,2020-10-04,,
,2020-10-05,,
,2020-10-06,,
,2020-10-07,,
,2020-10-08,,
,2020-10-09,,
,2020-10-10,,
,2020-10-11,,
,2020-10-12,,
,2020-10-13,,
,2020-10-14,,
,2020-10-15,,
,2020-10-16,,
,2020-10-17,,
,2020-10-18,,
,2020-10-19,,
,2020-10-20,,
,2020-10-21,,
,2020-10-22,,
,2020-10-23,,
,2020-10-24,,
,2020-10-25,,
,2020-10-26,,
,2020-10-27,,
,2020-10-28,,
,2020-10-29,,
,2020-10-30,,
,2020-10-31,,
,2020-11-01,,
,2020-11-02,,
,2020-11-03,,
,2020-11-04,,
,2020-11-05,,
,2020-11-06,,
,2020-11-07,,
,2020-11-08,,
,2020-11-09,,
,2020-11-10,,
,2020-11-11,,
,2020-11-12,,
,2020-11-13,,
,2020-11-14,,
,2020-11-15,,
,2020-11-16,,
,2020-11-17,,
,2020-11-18,,
,2020-11-19,,
,2020-11-20,,
,2020-11-21,,
,2020-11-22,,
,2020-11-23,,
,2020-11-24,,
,2020-11-25,,
,2020-11-26,,
,2020-11-27,,
,2020-11-28,,
,2020-11-29,,
,2020-11-30,,
,2020-12-01,,
,2020-12-02,,
,2020-12-03,,
,2020-12-04,,
,2020-12-05,,
,2020-12-06,,
,2020-12-07,,
,2020-12-08,,
,2020-12-09,,
,2020-12-10,,
,2020-12-11,,
,2020-12-12,,
,2020-12-13,,
,2020-12-14,,
,2020-12-15,,
,2020-12-16,,
,2020-12-17,,
,2020-12-18,,
,2020-12-19,,
,2020-12-20,,
,2020-12-21,,
,2020-12-22,,
,2020-12-23,,
,2020-12-24,,
,2020-12-25,,
,2020-12-26,,
,2020-12-27,,
,2020-12-28,,
,2020-12-29,,
,2020-12-30,,
,2020-12-31,,
,2021-01-01,,
,2021-01-02,,
,2021-01-03,,
,2021-01-04,,
,2021-01-05,,
,2021-01-06,,
,2021-01-07,,
,2021-01-08,,
,2021-01-09,,
,2021-01-10,,
,2021-01-11,,
,2021-01-12,,
,2021-01-13,,
,2021-01-14,,
,2021-01-15,,
,2021-01-16,,
,2021-01-17,,
,2021-01-18,,
,2021-01-19,,
,2021-01-20,,
,2021-01-21,,
,2021-01-22,,
,2021-01-23,,
,2021-01-24,,
,2021-01-25,,
,2021-01-26,,
,2021-01-27,,
,2021-01-28,,
,2021-01-29,,
,2021-01-30,,
,2021-01-31,,
,2021-02-01,,
,2021-02-02,,
,2021-02-03,,
,2021-02-04,,
,2021-02-05,,
,2021-02-06,,
,2021-02-07,,
,2021-02-08,,
,2021-02-09,,
,2021-02-10,,
,2021-02-11,,
,2021-02-12,,
,2021-02-13,,
,2021-02-14,,
,2021-02-15,,
,2021-02-16,,
,2021-02-17,,
,2021-02-18,,
,2021-02-19,,
,2021-02-20,,
,2021-02-21,,
,2021-02-22,,
,2021-02-23,,
,2021-02-24,,
,2021-02-25,,
,2021-02-26,,
,2021-02-27,,
,2021-02-28,,
,2021-03-01,,
,2021-03-02,,
,2021-03-03,,
,2021-03-04,,
,2021-03-05,,
,2021-03-06,,
,2021-03-07,,
,2021-03-08,,
,2021-03-09,,
,2021-03-10,,
,2021-03-11,,
,2021-03-12,,
,2021-03-13,,
,2021-03-14,,
,2021-03-15,,
,2021-03-16,,
,2021-03-17,,
,2021-03-18,,
,2021-03-19,,
,2021-03-20,,
,2021-03-21,,
,2021-03-22,,
,2021-03-23,,
,2021-03-24,,
,2021-03-25,,
,2021-03-26,,
,2021-03-27,,
,2021-03-28,,
,2021-03-29,,
,2021-03-30,,
,2021-03-31,,
,2021-04-01,,
,2021-04-02,,
,2021-04-03,,
,2021-04-04,,
,2021-04-05,,
,2021-04-06,,
,2021-04-07,,
,2021-04-08,,
,2021-04-09,,
,2021-04-10,,
,2021-04-11,,
,2021-04-12,,
,2021-04-13,,
,2021-04-14,,
,2021-04-15,,
,2021-04-16,,
,2021-04-17,,
,2021-04-18,,
,2021-04-19,,
,2021-04-20,,
,2021-04-21,,
,2021-04-22,,
,2021-04-23,,
,2021-04-24,,
,2021-04-25,,
,2021-04-26,,
,2021-04-27,,
,2021-04-28,,
,2021-04-29,,
,2021-04-30,,
,2021-05-01,,
,2021-05-02,,
,2021-05-03,,
,2021-05-04,,
,2021-05-05,,
,2021-05-06,,
,2021-05-07,,
,2021-05-08,,
,2021-05-09,,
,2021-05-10,,
,2021-05-11,,
,2021-05-12,,
,2021-05-13,,
,2021-05-14,,
,2021-05-15,,
,2021-05-16,,
,2021-05-17,,
,2021-05-18,,
,2021-05-19,,
,2021-05-20,,
,2021-05-21,,
,2021-05-22,,
,2021-05-23,,
,2021-05-24,,
,2021-05-25,,
,2021-05-26,,
,2021-05-27,,
,2021-05-28,,
,2021-05-29,,
,2021-05-30,,
,2021-05-31,,
,2021-06-01,,
,2021-06-02,,
,2021-06-03,,
,2021-06-04,,
,2021-06-05,,
,2021-06-06,,
,2021-06-07,,
,2021-06-08,,
,2021-06-09,,
,2021-06-10,,
,2021-06-11,,
,2021-06-12,,
,2021-06-13,,
,2021-06-14,,
,2021-06-15,,
,2021-06-16,,
,2021-06-17,,
,2021-06-18,,
,2021-06-19,,
,2021-06-20,,
,2021-06-21,,
,2021-06-22,,
,2021-06-23,,
,2021-06-24,,
,2021-06-25,,
,2021-06-26,,
,2021-06-27,,
,2021-06-28,,
,2021-06-29,,
,2021-06-30,,
,2021-07-01,,
,2021-07-02,,
,2021-07-03,,
,2021-07-04,,
,2021-07-05,,
,2021-07-06,,
,2021-07-07,,
,2021-07-08,,
,2021-07-09,,
,2021-07-10,,
,2021-07-11,,
,2021-07-12,,
,2021-07-13,,
,2021-07-14,,
,2021-07-15,,
,2021-07-16,,
,2021-07-17,,
,2021-07-18,,
,2021-07-19,,
,2021-07-20,,
,2021-07-21,,
,2021-07-22,,
,2021-07-23,,
,2021-07-24,,
,2021-07-25,,
,2021-07-26,,
,2021-07-27,,
,2021-07-28,,
,2021-07-29,,
,2021-07-30,,
,2021-07-31,,
,2021-08-01,,
,2021-08-02,,
,2021-08-03,,
,2021-08-04,,
,2021-08-05,,
,2021-08-06,,
,2021-08-07,,
,2021-08-08,,
,2021-08-09,,
,2021-08-10,,
,2021-08-11,,
,2021-08-12,,
,2021-08-13,,
,2021-08-14,,
,2021-08-15,,
,2021-08-16,,
,2021-08-17,,
,2021-08-18,,
,2021-08-19,,
,2021-08-20,,
,2021-08-21,,
,2021-08-22,,
,2021-08-23,,
,2021-08-24,,
,2021-08-25,,
,2021-08-26,,
,2021-08-27,,
,2021-08-28,,
,2021-08-29,,
,2021-08-30,,
,2021-08-31,,
,2021-09-01,,
,2021-09-02,,
,2021-09-03,,
,2021-09-04,,
,2021-09-05,,
,2021-09-06,,
,2021-09-07,,
,2021-09-08,,
,2021-09-09,,
,2021-09-10,,
,2021-09-11,,
,2021-09-12,,
,2021-09-13,,
,2021-09-14,,
,2021-09-15,,
,2021-09-16,,
,2021-09-17,,
,2021-09-18,,
,2021-09-19,,
,2021-09-20,,
,2021-09-21,,
,2021-09-22,,
,2021-09-23,,
,2021-09-24,,
,2021-09-25,,
,2021-09-26,,
,2021-09-27,,
,2021-09-28,,
,2021-09-29,,
,2021-09-30,,
,2021-10-01,,
,2021-10-02,,
,2021-10-03,,
,2021-10-04,,
,2021-10-05,,
,2021-10-06,,
,2021-10-07,,
,2021-10-08,,
,2021-10-09,,
,2021-10-10,,
,2021-10-11,,
,2021-10-12,,
,2021-10-13,,
,2021-10-14,,
,2021-10-15,,
,2021-10-16,,
,2021-10-17,,
,2021-10-18,,
,2021-10-19,,
,2021-10-20,,
,2021-10-21,,
,2021-10-22,,
,2021-10-23,,
,2021-10-24,,
,2021-10-25,,
,2021-10-26,,
,2021-10-27,,
,2021-10-28,,
,2021-10-29,,
,2021-10-30,,
,2021-10-31,,
,2021-11-01,,
,2021-11-02,,
,2021-11-03,,
,2021-11-04,,
,2021-11-05,,
,2021-11-06,,
,2021-11-07,,
,2021-11-08,,
,2021-11-09,,
,2021-11-10,,
,2021-11-11,,
,2021-11-12,,
,2021-11-13,,
,2021-11-14,,
,2021-11-15,,
,2021-11-16,,
,2021-11-17,,
,2021-11-18,,
,2021-11-19,,
,2021-11-20,,
,2021-11-21,,
,2021-11-22,,
,2021-11-23,,
,2021-11-24,,
,2021-11-25,,
,2021-11-26,,
,2021-11-27,,
,2021-11-28,,
,2021-11-29,,
,2021-11-30,,
,2021-12-01,,
,2021-12-02,,
,2021-12-03,,
,2021-12-04,,
,2021-12-05,,
,2021-12-06,,
,2021-12-07,,
,2021-12-08,,
,2021-12-09,,
,2021-12-10,,
,2021-12-11,,
,2021-12-12,,
,2021-12-13,,
,2021-12-14,,
,2021-12-15,,
,2021-12-16,,
,2021-12-17,,
,2021-12-18,,
,2021-12-19,,
,2021-12-20,,
,2021-12-21,,
,2021-12-22,,
,2021-12-23,,
,2021-12-24,,
,2021-12-25,,
,2021-12-26,,
,2021-12-27,,
,2021-12-28,,
,2021-12-29,,
,2021-12-30,,
,2021-12-31,,
,2022-01-01,,
,2022-01-02,,
,2022-01-03,,
,2022-01-04,,
,2022-01-05,,
,2022-01-06,,
,2022-01-07,,
,2022-01-08,,
,2022-01-09,,
,2022-01-10,,
,2022-01-11,,
,2022-01-12,,
,2022-01-13,,
,2022-01-14,,
,2022-01-15,,
,2022-01-16,,
,2022-01-17,,
,2022-01-18,,
,2022-01-19,,
,2022-01-20,,
,2022-01-21,,
,2022-01-22,,
,2022-01-23,,
,2022-01-24,,
,2022-01-25,,
,2022-01-26,,
,2022-01-27,,
,2022-01-28,,
,2022-01-29,,
,2022-01-30,,
,2022-01-31,,
,2022-02-01,,
,2022-02-02,,
,2022-02-03,,
,2022-02-04,,
,2022-02-05,,
,2022-02-06,,
,2022-02-07,,
,2022-02-08,,
,2022-02-09,,
,2022-02-10,,
,2022-02-11,,
,2022-02-12,,
,2022-02-13,,
,2022-02-14,,
,2022-02-15,,
,2022-02-16,,
,2022-02-17,,
,2022-02-18,,
,2022-02-19,,
,2022-02-20,,
,2022-02-21,,
,2022-02-22,,
,2022-02-23,,
,2022-02-24,,
,2022-02-25,,
,2022-02-26,,
,2022-02-27,,
,2022-02-28,,
,2022-03-01,,
,2022-03-02,,
,2022-03-03,,
,2022-03-04,,
,2022-03-05,,
,2022-03-06,,
,2022-03-07,,
,2022-03-08,,
,2022-03-09,,
,2022-03-10,,
,2022-03-11,,
,2022-03-12,,
,2022-03-13,,
,2022-03-14,,
,2022-03-15,,
,2022-03-16,,
,2022-03-17,,
,2022-03-18,,
,2022-03-19,,
,2022-03-20,,
,2022-03-21,,
,2022-03-22,,
,2022-03-23,,
,2022-03-24,,
,2022-03-25,,
,2022-03-26,,
,2022-03-27,,
,2022-03-28,,
,2022-03-29,,
,2022-03-30,,
,2022-03-31,,
,2022-04-01,,
,2022-04-02,,
,2022-04-03,,
,2022-04-04,,
,2022-04-05,,
,2022-04-06,,
,2022-04-07,,
,2022-04-08,,
,2022-04-09,,
,2022-04-10,,
,2022-04-11,,
,2022-04-12,,
,2022-04-13,,
,2022-04-14,,
,2022-04-15,,
,2022-04-16,,
,2022-04-17,,
,2022-04-18,,
,2022-04-19,,
,2022-04-20,,
,2022-04-21,,
,2022-04-22,,
,2022-04-23,,
,2022-04-24,,
,2022-04-25,,
,2022-04-26,,
,2022-04-27,,
,2022-04-28,,
,2022-04-29,,
,2022-04-30,,
,2022-05-01,,
,2022-05-02,,
,2022-05-03,,
,2022-05-04,,
,2022-05-05,,
,2022-05-06,,
,2022-05-07,,
,2022-05-08,,
,2022-05-09,,
,2022-05-10,,
,2022-05-11,,
,2022-05-12,,
,2022-05-13,,
,2022-05-14,,
,2022-05-15,,
,2022-05-16,,
,2022-05-17,,
,2022-05-18,,
,2022-05-19,,
,2022-05-20,,
,2022-05-21,,
,2022-05-22,,
,2022-05-23,,
,2022-05-24,,
,2022-05-25,,
,2022-05-26,,
,2022-05-27,,
,2022-05-28,,
,2022-05-29,,
,2022-05-30,,
,2022-05-31,,
,2022-06-01,,
,2022-06-02,,
,2022-06-03,,
,2022-06-04,,
,2022-06-05,,
,2022-06-06,,
,2022-06-07,,
,2022-06-08,,
,2022-06-09,,
,2022-06-10,,
,2022-06-11,,
,2022-06-12,,
,2022-06-13,,
,2022-06-14,,
,2022-06-15,,
,2022-06-16,,
,2022-06-17,,
,2022-06-18,,
,2022-06-19,,
,2022-06-20,,
,2022-06-21,,
,2022-06-22,,
,2022-06-23,,
,2022-06-24,,
,2022-06-25,,
,2022-06-26,,
,2022-06-27,,
,2022-06-28,,
,2022-06-29,,
,2022-06-30,,
,2022-07-01,,
,2022-07-02,,
,2022-07-03,,
,2022-07-04,,
,2022-07-05,,
,2022-07-06,,
,2022-07-07,,
,2022-07-08,,
,2022-07-09,,
,2022-07-10,,
,2022-07-11,,
,2022-07-12,,
,2022-07-13,,
,2022-07-14,,
,2022-07-15,,
,2022-07-16,,
,2022-07-17,,
,2022-07-18,,
,2022-07-19,,
,2022-07-20,,
,2022-07-21,,
,2022-07-22,,
,2022-07-23,,
,2022-07-24,,
,2022-07-25,,
,2022-07-26,,
,2022-07-27,,
,2022-07-28,,
,2022-07-29,,
,2022-07-30,,
,2022-07-31,,
,2022-08-01,,
,2022-08-02,,
,,,
,,,
,,,
,,,
,,,
,,,
,,,
,,,
,,,
,,,
,,,
,,,
,,,
,,,
,,,
,,,
,,,
,,,
,,,
,,,
,,,
,,,
,,,
,,,
,,,
,,,
,,,
,,,
,,,
,,,
,,,
,,,
,,,
,,,
,,,
,,,
,,,
,,,
,,,
,,,
,,,
,,,
,,,
,,,
,,,
,,,
,,,
,,,
,,,
,,,
,,,
,,,
,,,
,,,
,,,
,,,
,,,
,,,
,,,
,,,
,,,
,,,
,,,
,,,
,,,
,,,
,,,
,,,
,,,
,,,
,,,
,,,
,,,
,,,
,,,
,,,
,,,
,,,
,,,
,,,
,,,
,,,
,,,
,,,
,,,
,,,
,,,
,,,
,,,
,,,
,,,
,,,
,,,
,,,
,,,
,,,
,,,
,,,
,,,
,,,
,,,
,,,
,,,
,,,
,,,
,,,
,,,
,,,
,,,
,,,
,,,
,,,
,,,
,,,
,,,
,,,
,,,
,,,
,,,
,,,
,,,
,,,
,,,
,,,
,,,
,,,
,,,
,,,
,,,
,,,
,,,
,,,
,,,
,,,
,,,
,,,
,,,
,,,
,,,
,,,
,,,
,,,
,,,
,,,
,,,
,,,
,,,
,,,
,,,
,,,
,,,
,,,
,,,
,,,
,,,
,,,
,,,
,,,
,,,
,,,
,,,
,,,
,,,
,,,
,,,
,,,
,,,
,,,
,,,
,,,
,,,
,,,
,,,
,,,
,,,
,,,
,,,
,,,
,,,
,,,
,,,
,,,
,,,
,,,
,,,
,,,
,,,
,,,
,,,
,,,
,,,
,,,
,,,
,,,
,,,
,,,
,,,
,,,
,,,
,,,
,,,
,,,
,,,
,,,
,,,
,,,
,,,
,,,
,,,
,,,
,,,
,,,
,,,
,,,
,,,
,,,
,,,
,,,
,,,
,,,
,,,
,,,
,,,
,,,
,,,
,,,
,,,
,,,
,,,
,,,
,,,
,,,
,,,
,,,
,,,
,,,
,,,
,,,
,,,
,,,
,,,
,,,
,,,
,,,
,,,
,,,
,,,
,,,
,,,
,,,
,,,
,,,
,,,
,,,
,,,
,,,
,,,
,,,
,,,
,,,
,,,
,,,
,,,
,,,
,,,
,,,
,,,
,,,
,,,
,,,
,,,
,,,
,,,
,,,
,,,
,,,
,,,
,,,
,,,
,,,
,,,
,,,
,,,
,,,
,,,
,,,
,,,
,,,
,,,
,,,
,,,
,,,
,,,
,,,
,,,
,,,
,,,
,,,
,,,
,,,
,,,
,,,
,,,
,,,
,,,
,,,
,,,
,,,
,,,
,,,
,,,
,,,
,,,
,,,
,,,
,,,
,,,
,,,
,,,
,,,
,,,
,,,
,,,
,,,
,,,
,,,
,,,
,,,
,,,
,,,
,,,
,,,
,,,
,,,
,,,
,,,
,,,
,,,
,,,
,,,
,,,
,,,
,,,
,,,
,,,
,,,
,,,
,,,
,,,
,,,
,,,
,,,
,,,
